[       3ms] [WARNING] Jul-30 22:56:31.585 Couldn't complete metrics measurement for start mark 'session_lifespan' @ https://a.slack-edge.com/bv1-13-br/gantry-v2-shared.3421452a627674f7.min.js?cacheKey=gantry-1785440254:0
[       3ms] [WARNING] Jul-30 22:56:31.585 Couldn't complete metrics measurement for start mark 'session_lifespan' @ https://a.slack-edge.com/bv1-13-br/gantry-v2-shared.3421452a627674f7.min.js?cacheKey=gantry-1785440254:0
[       4ms] [INFO] Jul-30 22:56:31.585 [RELOAD] Page is about to unload. This might not be a reload, it could be a window close or navigation @ https://a.slack-edge.com/bv1-13-br/gantry-v2-shared.3421452a627674f7.min.js?cacheKey=gantry-1785440254:0
[       4ms] [INFO] Jul-30 22:56:31.585 [WINDOW-UNLOADING] (T023EV54RR7) Main window unloading @ https://a.slack-edge.com/bv1-13-br/gantry-v2-shared.3421452a627674f7.min.js?cacheKey=gantry-1785440254:0
[       5ms] [INFO] Jul-30 22:56:31.587 [WINDOW-UNLOADING] (T023EV54RR7) workspace handling window unloading event @ https://a.slack-edge.com/bv1-13-br/gantry-v2-shared.3421452a627674f7.min.js?cacheKey=gantry-1785440254:0
[     294ms] [INFO] Jul-30 22:56:31.874 [METRICS] Starting timers for metrics collection @ https://a.slack-edge.com/bv1-13-br/gantry-v2-shared.3421452a627674f7.min.js?cacheKey=gantry-1785440254:0
[     907ms] [INFO] Jul-30 22:56:32.488 [APP] client-v2 @ https://a.slack-edge.com/bv1-13-br/gantry-v2-shared.3421452a627674f7.min.js?cacheKey=gantry-1785440254:0
[     907ms] [INFO] Jul-30 22:56:32.489 [DATE/TIME] 1785444992489 Thu Jul 30 2026 22:56:32 GMT+0200 (Central European Summer Time) @ https://a.slack-edge.com/bv1-13-br/gantry-v2-shared.3421452a627674f7.min.js?cacheKey=gantry-1785440254:0
[     907ms] [INFO] Jul-30 22:56:32.489 [VERSION] version_hash: c891cfd1a6109a8e5fc26f69a413bd5be9687c5e @ https://a.slack-edge.com/bv1-13-br/gantry-v2-shared.3421452a627674f7.min.js?cacheKey=gantry-1785440254:0
[     908ms] [INFO] Jul-30 22:56:32.489 [VERSION] version_ts: 1785440254 @ https://a.slack-edge.com/bv1-13-br/gantry-v2-shared.3421452a627674f7.min.js?cacheKey=gantry-1785440254:0
[     908ms] [INFO] Jul-30 22:56:32.489 [VERSION] min_version_data_ts: 1722374725 @ https://a.slack-edge.com/bv1-13-br/gantry-v2-shared.3421452a627674f7.min.js?cacheKey=gantry-1785440254:0
[     908ms] [INFO] Jul-30 22:56:32.489 [URL] https://app.slack.com/client/T023EV54RR7/C023EV55AGH @ https://a.slack-edge.com/bv1-13-br/gantry-v2-shared.3421452a627674f7.min.js?cacheKey=gantry-1785440254:0
[     908ms] [INFO] Jul-30 22:56:32.490 [AUTH] Credentials are fresh (psc=1785434404, csc=1785434404) @ https://a.slack-edge.com/bv1-13-br/gantry-v2-shared.3421452a627674f7.min.js?cacheKey=gantry-1785440254:0
[     909ms] [INFO] Jul-30 22:56:32.490 [LOCAL-CONFIG] ingestIncomingConfig(): no incoming payload to process; current teams: T023EV54RR7:U07DB40NK51 @ https://a.slack-edge.com/bv1-13-br/gantry-v2-shared.3421452a627674f7.min.js?cacheKey=gantry-1785440254:0
[     909ms] [INFO] Jul-30 22:56:32.491 [BOOT] Initial user team ID: T023EV54RR7 @ https://a.slack-edge.com/bv1-13-br/gantry-v2-shared.3421452a627674f7.min.js?cacheKey=gantry-1785440254:0
[     910ms] [INFO] Jul-30 22:56:32.491 [BOOT] (T023EV54RR7) Minimum supported data version is 1722374725; currently on 1785440254 @ https://a.slack-edge.com/bv1-13-br/gantry-v2-shared.3421452a627674f7.min.js?cacheKey=gantry-1785440254:0
[     910ms] [INFO] Jul-30 22:56:32.492 [PERSIST] (T023EV54RR7) Getting state from IndexedDB @ https://a.slack-edge.com/bv1-13-br/gantry-v2-shared.3421452a627674f7.min.js?cacheKey=gantry-1785440254:0
[     911ms] [INFO] Jul-30 22:56:32.492 [TRACER] Tracing is not sampled by default for this team. @ https://a.slack-edge.com/bv1-13-br/gantry-v2-shared.3421452a627674f7.min.js?cacheKey=gantry-1785440254:0
[     932ms] [INFO] Jul-30 22:56:32.513 [TRACER] Tracing is not sampled by default for this session. @ https://a.slack-edge.com/bv1-13-br/gantry-v2-shared.3421452a627674f7.min.js?cacheKey=gantry-1785440254:0
[    1105ms] [INFO] Jul-30 22:56:32.687 [PERSIST] (T023EV54RR7) Successfully got state from IndexedDB @ https://a.slack-edge.com/bv1-13-br/gantry-v2-shared.3421452a627674f7.min.js?cacheKey=gantry-1785440254:0
[    1107ms] [INFO] Jul-30 22:56:32.688 [BOOT-QUEUE] T023EV54RR7 noversion-1785444992.687 client.init called with reason: fetch-client-init-data @ https://a.slack-edge.com/bv1-13-br/gantry-v2-shared.3421452a627674f7.min.js?cacheKey=gantry-1785440254:0
[    1107ms] [INFO] Jul-30 22:56:32.688 [BOOT-QUEUE] T023EV54RR7 noversion-1785444992.687 client.init is ENQUEUED @ https://a.slack-edge.com/bv1-13-br/gantry-v2-shared.3421452a627674f7.min.js?cacheKey=gantry-1785440254:0
[    1108ms] [INFO] Jul-30 22:56:32.690 [BOOT-QUEUE] T023EV54RR7 noversion-1785444992.689 experiments.getByUser called @ https://a.slack-edge.com/bv1-13-br/gantry-v2-shared.3421452a627674f7.min.js?cacheKey=gantry-1785440254:0
[    1108ms] [INFO] Jul-30 22:56:32.690 [BOOT-QUEUE] T023EV54RR7 noversion-1785444992.689 experiments.getByUser is ENQUEUED @ https://a.slack-edge.com/bv1-13-br/gantry-v2-shared.3421452a627674f7.min.js?cacheKey=gantry-1785440254:0
[    1109ms] [INFO] Jul-30 22:56:32.690 [BOOT-QUEUE] T023EV54RR7 noversion-1785444992.690 api.features called @ https://a.slack-edge.com/bv1-13-br/gantry-v2-shared.3421452a627674f7.min.js?cacheKey=gantry-1785440254:0
[    1109ms] [INFO] Jul-30 22:56:32.690 [BOOT-QUEUE] T023EV54RR7 noversion-1785444992.690 api.features is ENQUEUED @ https://a.slack-edge.com/bv1-13-br/gantry-v2-shared.3421452a627674f7.min.js?cacheKey=gantry-1785440254:0
[    1109ms] [INFO] Jul-30 22:56:32.691 [BOOT-QUEUE] T023EV54RR7 noversion-1785444992.691 features.access.policies.list called @ https://a.slack-edge.com/bv1-13-br/gantry-v2-shared.3421452a627674f7.min.js?cacheKey=gantry-1785440254:0
[    1110ms] [INFO] Jul-30 22:56:32.691 [BOOT-QUEUE] T023EV54RR7 noversion-1785444992.691 features.access.policies.list is ENQUEUED @ https://a.slack-edge.com/bv1-13-br/gantry-v2-shared.3421452a627674f7.min.js?cacheKey=gantry-1785440254:0
[    1111ms] [INFO] Jul-30 22:56:32.693 [BOOT-QUEUE] T023EV54RR7 noversion-1785444992.693 client.shouldReload called with reason: boot @ https://a.slack-edge.com/bv1-13-br/gantry-v2-shared.3421452a627674f7.min.js?cacheKey=gantry-1785440254:0
[    1112ms] [INFO] Jul-30 22:56:32.693 [BOOT-QUEUE] T023EV54RR7 noversion-1785444992.693 client.shouldReload is ENQUEUED @ https://a.slack-edge.com/bv1-13-br/gantry-v2-shared.3421452a627674f7.min.js?cacheKey=gantry-1785440254:0
[    1112ms] [INFO] Jul-30 22:56:32.694 [BOOT-QUEUE] T023EV54RR7 noversion-1785444992.694 client.counts called with reason: deferred-data @ https://a.slack-edge.com/bv1-13-br/gantry-v2-shared.3421452a627674f7.min.js?cacheKey=gantry-1785440254:0
[    1112ms] [INFO] Jul-30 22:56:32.694 [BOOT-QUEUE] T023EV54RR7 noversion-1785444992.694 client.counts is ENQUEUED @ https://a.slack-edge.com/bv1-13-br/gantry-v2-shared.3421452a627674f7.min.js?cacheKey=gantry-1785440254:0
[    1113ms] [INFO] Jul-30 22:56:32.694 [BOOT] Booting into channel: C023EV55AGH @ https://a.slack-edge.com/bv1-13-br/gantry-v2-shared.3421452a627674f7.min.js?cacheKey=gantry-1785440254:0
[    1113ms] [INFO] Jul-30 22:56:32.695 [BOOT-QUEUE] T023EV54RR7 Fetching client.extras: cache_timestamps, features, salesforce_features, misc, subteams, team_prefs, stats, default_workspace, onboarding, plan_info, feature_usage_data @ https://a.slack-edge.com/bv1-13-br/gantry-v2-shared.3421452a627674f7.min.js?cacheKey=gantry-1785440254:0
[    1114ms] [INFO] Jul-30 22:56:32.695 [BOOT-QUEUE] T023EV54RR7 noversion-1785444992.695 client.extras called with reason: deferred-data @ https://a.slack-edge.com/bv1-13-br/gantry-v2-shared.3421452a627674f7.min.js?cacheKey=gantry-1785440254:0
[    1114ms] [INFO] Jul-30 22:56:32.695 [BOOT-QUEUE] T023EV54RR7 noversion-1785444992.695 client.extras is ENQUEUED @ https://a.slack-edge.com/bv1-13-br/gantry-v2-shared.3421452a627674f7.min.js?cacheKey=gantry-1785440254:0
[    1114ms] [INFO] Jul-30 22:56:32.696 [BOOT-QUEUE] T023EV54RR7 noversion-1785444992.696 client.channels called with reason: deferred-data @ https://a.slack-edge.com/bv1-13-br/gantry-v2-shared.3421452a627674f7.min.js?cacheKey=gantry-1785440254:0
[    1114ms] [INFO] Jul-30 22:56:32.696 [BOOT-QUEUE] T023EV54RR7 noversion-1785444992.696 client.channels is ENQUEUED @ https://a.slack-edge.com/bv1-13-br/gantry-v2-shared.3421452a627674f7.min.js?cacheKey=gantry-1785440254:0
[    1145ms] [INFO] Jul-30 22:56:32.726 [EMOJI_TRANSLATION] Emoji translations not needed for default locale, only adding keywords @ https://a.slack-edge.com/bv1-13-br/gantry-v2-shared.3421452a627674f7.min.js?cacheKey=gantry-1785440254:0
[    1222ms] [INFO] Jul-30 22:56:32.804 [BOOT-QUEUE] T023EV54RR7 noversion-1785444992.687 client.init is ACTIVE @ https://a.slack-edge.com/bv1-13-br/gantry-v2-shared.3421452a627674f7.min.js?cacheKey=gantry-1785440254:0
[    1223ms] [INFO] Jul-30 22:56:32.804 [BOOT-QUEUE] T023EV54RR7 noversion-1785444992.689 experiments.getByUser is ACTIVE @ https://a.slack-edge.com/bv1-13-br/gantry-v2-shared.3421452a627674f7.min.js?cacheKey=gantry-1785440254:0
[    1223ms] [INFO] Jul-30 22:56:32.804 [BOOT-QUEUE] T023EV54RR7 noversion-1785444992.690 api.features is ACTIVE @ https://a.slack-edge.com/bv1-13-br/gantry-v2-shared.3421452a627674f7.min.js?cacheKey=gantry-1785440254:0
[    1224ms] [INFO] Jul-30 22:56:32.805 [BOOT-QUEUE] T023EV54RR7 noversion-1785444992.691 features.access.policies.list is ACTIVE @ https://a.slack-edge.com/bv1-13-br/gantry-v2-shared.3421452a627674f7.min.js?cacheKey=gantry-1785440254:0
[    1224ms] [INFO] Jul-30 22:56:32.806 [BOOT-QUEUE] T023EV54RR7 noversion-1785444992.693 client.shouldReload is ACTIVE @ https://a.slack-edge.com/bv1-13-br/gantry-v2-shared.3421452a627674f7.min.js?cacheKey=gantry-1785440254:0
[    1225ms] [INFO] Jul-30 22:56:32.806 [BOOT-QUEUE] T023EV54RR7 noversion-1785444992.694 client.counts is ACTIVE @ https://a.slack-edge.com/bv1-13-br/gantry-v2-shared.3421452a627674f7.min.js?cacheKey=gantry-1785440254:0
[    1226ms] [INFO] Jul-30 22:56:32.807 [BOOT-QUEUE] T023EV54RR7 noversion-1785444992.695 client.extras is ACTIVE @ https://a.slack-edge.com/bv1-13-br/gantry-v2-shared.3421452a627674f7.min.js?cacheKey=gantry-1785440254:0
[    1226ms] [INFO] Jul-30 22:56:32.808 [BOOT-QUEUE] T023EV54RR7 noversion-1785444992.696 client.channels is ACTIVE @ https://a.slack-edge.com/bv1-13-br/gantry-v2-shared.3421452a627674f7.min.js?cacheKey=gantry-1785440254:0
[    1354ms] [INFO] Jul-30 22:56:32.935 [BOOT-QUEUE] T023EV54RR7 noversion-1785444992.693 client.shouldReload is RESOLVED @ https://a.slack-edge.com/bv1-13-br/gantry-v2-shared.3421452a627674f7.min.js?cacheKey=gantry-1785440254:0
[    1354ms] [INFO] Jul-30 22:56:32.935 [MIN-VERSION] No need to reload @ https://a.slack-edge.com/bv1-13-br/gantry-v2-shared.3421452a627674f7.min.js?cacheKey=gantry-1785440254:0
[    1358ms] [INFO] Jul-30 22:56:32.939 [BOOT-QUEUE] T023EV54RR7 noversion-1785444992.687 client.init is RESOLVED @ https://a.slack-edge.com/bv1-13-br/gantry-v2-shared.3421452a627674f7.min.js?cacheKey=gantry-1785440254:0
[    1361ms] [INFO] Jul-30 22:56:32.942 [BOOT-QUEUE] T023EV54RR7 noversion-1785444992.690 api.features is RESOLVED @ https://a.slack-edge.com/bv1-13-br/gantry-v2-shared.3421452a627674f7.min.js?cacheKey=gantry-1785440254:0
[    1362ms] [INFO] Jul-30 22:56:32.943 [BOOT-QUEUE] T023EV54RR7 noversion-1785444992.691 features.access.policies.list is RESOLVED @ https://a.slack-edge.com/bv1-13-br/gantry-v2-shared.3421452a627674f7.min.js?cacheKey=gantry-1785440254:0
[    1382ms] [INFO] Jul-30 22:56:32.964 [BOOT-QUEUE] T023EV54RR7 noversion-1785444992.696 client.channels is RESOLVED @ https://a.slack-edge.com/bv1-13-br/gantry-v2-shared.3421452a627674f7.min.js?cacheKey=gantry-1785440254:0
[    1387ms] [INFO] Jul-30 22:56:32.968 [BOOT-QUEUE] T023EV54RR7 noversion-1785444992.694 client.counts is RESOLVED @ https://a.slack-edge.com/bv1-13-br/gantry-v2-shared.3421452a627674f7.min.js?cacheKey=gantry-1785440254:0
[    1399ms] [INFO] Jul-30 22:56:32.980 [BOOT-QUEUE] T023EV54RR7 noversion-1785444992.695 client.extras is RESOLVED @ https://a.slack-edge.com/bv1-13-br/gantry-v2-shared.3421452a627674f7.min.js?cacheKey=gantry-1785440254:0
[    3002ms] [INFO] Jul-30 22:56:34.583 [BOOT] (T023EV54RR7) Booting with persisted store @ https://a.slack-edge.com/bv1-13-br/gantry-v2-shared.3421452a627674f7.min.js?cacheKey=gantry-1785440254:0
[    3002ms] [INFO] Jul-30 22:56:34.584 [PERSIST] (T023EV54RR7) Checking for persistence method changes @ https://a.slack-edge.com/bv1-13-br/gantry-v2-shared.3421452a627674f7.min.js?cacheKey=gantry-1785440254:0
[    3003ms] [INFO] Jul-30 22:56:34.585 [PERSIST] (T023EV54RR7) Preparing state for hydration @ https://a.slack-edge.com/bv1-13-br/gantry-v2-shared.3421452a627674f7.min.js?cacheKey=gantry-1785440254:0
[    3044ms] [INFO] Jul-30 22:56:34.625 [PERSIST] (T023EV54RR7) State prepared for hydration @ https://a.slack-edge.com/bv1-13-br/gantry-v2-shared.3421452a627674f7.min.js?cacheKey=gantry-1785440254:0
[    3044ms] [INFO] Jul-30 22:56:34.625 [PERSIST] (T023EV54RR7) Checking for required data @ https://a.slack-edge.com/bv1-13-br/gantry-v2-shared.3421452a627674f7.min.js?cacheKey=gantry-1785440254:0
[    3049ms] [INFO] Jul-30 22:56:34.631 [BOOT] (T023EV54RR7) Configuring redux store @ https://a.slack-edge.com/bv1-13-br/gantry-v2-shared.3421452a627674f7.min.js?cacheKey=gantry-1785440254:0
[    3087ms] [INFO] Jul-30 22:56:34.665 [MUTED-CHANNELS] (T023EV54RR7) No temporarily muted channels found. @ https://a.slack-edge.com/bv1-13-br/gantry-v2-shared.3421452a627674f7.min.js?cacheKey=gantry-1785440254:0
[    3088ms] [INFO] Jul-30 22:56:34.669 [BOOT] (T023EV54RR7) Dispatched client.init data from registerBootApi @ https://a.slack-edge.com/bv1-13-br/gantry-v2-shared.3421452a627674f7.min.js?cacheKey=gantry-1785440254:0
[    3088ms] [INFO] Jul-30 22:56:34.670 [BOOT] (T023EV54RR7) Dispatching client.channels data from registerBootApi @ https://a.slack-edge.com/bv1-13-br/gantry-v2-shared.3421452a627674f7.min.js?cacheKey=gantry-1785440254:0
[    3101ms] [INFO] Jul-30 22:56:34.682 [COUNTS] (T023EV54RR7) Applying counts to channels. wasLastConnectFast: false isConnected: false applying: 34 out of total: 34 @ https://a.slack-edge.com/bv1-13-br/gantry-v2-shared.3421452a627674f7.min.js?cacheKey=gantry-1785440254:0
[    3106ms] [INFO] Jul-30 22:56:34.688 [BOOT] (T023EV54RR7) Dispatching conversations.view data from registerBootApi @ https://a.slack-edge.com/bv1-13-br/gantry-v2-shared.3421452a627674f7.min.js?cacheKey=gantry-1785440254:0
[    3126ms] [INFO] Jul-30 22:56:34.708 [BOOT] (T023EV54RR7) processing mutation timestamps for C023EV55AGH @ https://a.slack-edge.com/bv1-13-br/gantry-v2-shared.3421452a627674f7.min.js?cacheKey=gantry-1785440254:0
[    3130ms] [INFO] Jul-30 22:56:34.711 [PLATFORM-CHANNEL-ACTI] (T023EV54RR7) Not updating count for channel C023EV55AGH, as count was already set to 0 @ https://a.slack-edge.com/bv1-13-br/gantry-v2-shared.3421452a627674f7.min.js?cacheKey=gantry-1785440254:0
[    3163ms] [INFO] Jul-30 22:56:34.745 [EMOJI_TRANSLATION] Emoji translations not needed for default locale, only adding keywords @ https://a.slack-edge.com/bv1-13-br/gantry-v2-shared.3421452a627674f7.min.js?cacheKey=gantry-1785440254:0
[    3166ms] [INFO] Jul-30 22:56:34.747 [API-Q] (T023EV54RR7) c891cfd1-1785444994.746 users.prefs.get called with reason: fetch-frecency-prefs @ https://a.slack-edge.com/bv1-13-br/gantry-v2-shared.3421452a627674f7.min.js?cacheKey=gantry-1785440254:0
[    3166ms] [INFO] Jul-30 22:56:34.748 [API-Q] (T023EV54RR7) c891cfd1-1785444994.746 users.prefs.get is ENQUEUED @ https://a.slack-edge.com/bv1-13-br/gantry-v2-shared.3421452a627674f7.min.js?cacheKey=gantry-1785440254:0
[    3172ms] [INFO] Jul-30 22:56:34.753 [API-Q] (T023EV54RR7) c891cfd1-1785444994.753 sfdc.integration.listOrgs called with reason: fetch-orgs-and-sign-in-silently-v2 @ https://a.slack-edge.com/bv1-13-br/gantry-v2-shared.3421452a627674f7.min.js?cacheKey=gantry-1785440254:0
[    3172ms] [INFO] Jul-30 22:56:34.753 [API-Q] (T023EV54RR7) c891cfd1-1785444994.753 sfdc.integration.listOrgs is ENQUEUED @ https://a.slack-edge.com/bv1-13-br/gantry-v2-shared.3421452a627674f7.min.js?cacheKey=gantry-1785440254:0
[    3175ms] [INFO] Jul-30 22:56:34.756 [COUNTS] (T023EV54RR7) Threads has_unreads:false mention_count:0 @ https://a.slack-edge.com/bv1-13-br/gantry-v2-shared.3421452a627674f7.min.js?cacheKey=gantry-1785440254:0
[    3176ms] [INFO] Jul-30 22:56:34.757 [COUNTS] (T023EV54RR7) Completed counts processing @ https://a.slack-edge.com/bv1-13-br/gantry-v2-shared.3421452a627674f7.min.js?cacheKey=gantry-1785440254:0
[    3178ms] [INFO] Jul-30 22:56:34.759 [API-Q] (T023EV54RR7) c891cfd1-1785444994.746 users.prefs.get is ACTIVE @ https://a.slack-edge.com/bv1-13-br/gantry-v2-shared.3421452a627674f7.min.js?cacheKey=gantry-1785440254:0
[    3178ms] [INFO] Jul-30 22:56:34.760 [API-Q] (T023EV54RR7) c891cfd1-1785444994.753 sfdc.integration.listOrgs is ACTIVE @ https://a.slack-edge.com/bv1-13-br/gantry-v2-shared.3421452a627674f7.min.js?cacheKey=gantry-1785440254:0
[    3184ms] [INFO] Jul-30 22:56:34.766 [NAVIGATION-MIDDLEWARE] Starting a new navigation middleware execution {context: client-boot, nextViewSet: Object, nextSplitView: undefined, middlewareCount: 11, nextTab: undefined} @ https://a.slack-edge.com/bv1-13-br/gantry-v2-shared.3421452a627674f7.min.js?cacheKey=gantry-1785440254:0
[    3185ms] [INFO] Jul-30 22:56:34.767 [BOOT] (T023EV54RR7) Dispatching API data @ https://a.slack-edge.com/bv1-13-br/gantry-v2-shared.3421452a627674f7.min.js?cacheKey=gantry-1785440254:0
[    3185ms] [INFO] Jul-30 22:56:34.767 [BOOT] (T023EV54RR7) Dispatching boot data @ https://a.slack-edge.com/bv1-13-br/gantry-v2-shared.3421452a627674f7.min.js?cacheKey=gantry-1785440254:0
[    3186ms] [INFO] Jul-30 22:56:34.768 [BOOT] (T023EV54RR7) No boot data found @ https://a.slack-edge.com/bv1-13-br/gantry-v2-shared.3421452a627674f7.min.js?cacheKey=gantry-1785440254:0
[    3187ms] [INFO] Jul-30 22:56:34.768 [NAVIGATION-MIDDLEWARE] Async action execution is complete for a view {nextView: Object, results: Array(11), shouldTerminateNavigation: false, executionTime: 1.800000000745058, nextTab: undefined} @ https://a.slack-edge.com/bv1-13-br/gantry-v2-shared.3421452a627674f7.min.js?cacheKey=gantry-1785440254:0
[    3189ms] [INFO] Jul-30 22:56:34.770 [NAVIGATION-MIDDLEWARE] Finish middleware execution for sidebar container {maybeTransformedViewSet: Object, maybeTransformedSplitView: undefined, terminateNavigation: false, isViewTransformed: false, iterationCount: 0} @ https://a.slack-edge.com/bv1-13-br/gantry-v2-shared.3421452a627674f7.min.js?cacheKey=gantry-1785440254:0
[    3190ms] [INFO] Jul-30 22:56:34.771 [BOOT] (T023EV54RR7) Boot complete @ https://a.slack-edge.com/bv1-13-br/gantry-v2-shared.3421452a627674f7.min.js?cacheKey=gantry-1785440254:0
[    3191ms] [INFO] Jul-30 22:56:34.772 [NAVIGATION-MIDDLEWARE] Async action execution is complete for a view {nextView: Object, results: Array(11), shouldTerminateNavigation: false, executionTime: 1.699999999254942, nextTab: undefined} @ https://a.slack-edge.com/bv1-13-br/gantry-v2-shared.3421452a627674f7.min.js?cacheKey=gantry-1785440254:0
[    3192ms] [INFO] Jul-30 22:56:34.773 [DESKTOP-SIDE-EFFECT] (T023EV54RR7) Reacting to  {type: [30] Set a value that represents whether we are currently in the boot phase, payload: false, error: false} @ https://a.slack-edge.com/bv1-13-br/gantry-v2-shared.3421452a627674f7.min.js?cacheKey=gantry-1785440254:0
[    3192ms] [INFO] Jul-30 22:56:34.773 [AUTH] Installing incremental auth handler @ https://a.slack-edge.com/bv1-13-br/gantry-v2-shared.3421452a627674f7.min.js?cacheKey=gantry-1785440254:0
[    3192ms] [INFO] Jul-30 22:56:34.774 [API-Q] (T023EV54RR7) noversion-1785444994.774 Flannel huddles/list called with reason: flannel-call:huddles/list @ https://a.slack-edge.com/bv1-13-br/gantry-v2-shared.3421452a627674f7.min.js?cacheKey=gantry-1785440254:0
[    3193ms] [INFO] Jul-30 22:56:34.774 [API-Q] (T023EV54RR7) noversion-1785444994.774 Flannel huddles/list is ENQUEUED @ https://a.slack-edge.com/bv1-13-br/gantry-v2-shared.3421452a627674f7.min.js?cacheKey=gantry-1785440254:0
[    3194ms] [INFO] Jul-30 22:56:34.775 [NAVIGATION-MIDDLEWARE] View has been transformed {container: primary, initialView: Object, transformedView: Object, iterationCount: 0} @ https://a.slack-edge.com/bv1-13-br/gantry-v2-shared.3421452a627674f7.min.js?cacheKey=gantry-1785440254:0
[    3194ms] [INFO] Jul-30 22:56:34.775 [NAVIGATION-MIDDLEWARE] Skipping middleware execution for sidebar container as we have cached value {initialView: Object, iterationCount: 1} @ https://a.slack-edge.com/bv1-13-br/gantry-v2-shared.3421452a627674f7.min.js?cacheKey=gantry-1785440254:0
[    3195ms] [INFO] Jul-30 22:56:34.777 [SOCKET-MANAGER] (T023EV54RR7) Changing from never_connected to prov_connect @ https://a.slack-edge.com/bv1-13-br/gantry-v2-shared.3421452a627674f7.min.js?cacheKey=gantry-1785440254:0
[    3196ms] [INFO] Jul-30 22:56:34.777 [SOCKET-MANAGER] (T023EV54RR7) will stay in prov_connect state for up to 10000 ms @ https://a.slack-edge.com/bv1-13-br/gantry-v2-shared.3421452a627674f7.min.js?cacheKey=gantry-1785440254:0
[    3197ms] [INFO] Jul-30 22:56:34.778 [SOCKET-MANAGER] (T023EV54RR7) Connecting with token ending: 40f0 @ https://a.slack-edge.com/bv1-13-br/gantry-v2-shared.3421452a627674f7.min.js?cacheKey=gantry-1785440254:0
[    3197ms] [INFO] Jul-30 22:56:34.778 [SOCKET-MANAGER] (T023EV54RR7) Changing from prov_connect to prov_connecting @ https://a.slack-edge.com/bv1-13-br/gantry-v2-shared.3421452a627674f7.min.js?cacheKey=gantry-1785440254:0
[    3197ms] [INFO] Jul-30 22:56:34.778 [SOCKET-MANAGER] (T023EV54RR7) will stay in prov_connecting state for up to 35000 ms @ https://a.slack-edge.com/bv1-13-br/gantry-v2-shared.3421452a627674f7.min.js?cacheKey=gantry-1785440254:0
[    3198ms] [INFO] Jul-30 22:56:34.779 [ENDPOINT-MANAGER] (T023EV54RR7) No stale versions to clear. @ https://a.slack-edge.com/bv1-13-br/gantry-v2-shared.3421452a627674f7.min.js?cacheKey=gantry-1785440254:0
[    3198ms] [INFO] Jul-30 22:56:34.779 [SOCKET-MANAGER-MIDDLE] (T023EV54RR7) Initialized Socket Manager instance @ https://a.slack-edge.com/bv1-13-br/gantry-v2-shared.3421452a627674f7.min.js?cacheKey=gantry-1785440254:0
[    3198ms] [INFO] Jul-30 22:56:34.780 [API-Q] (T023EV54RR7) noversion-1785444994.774 Flannel huddles/list is ACTIVE @ https://a.slack-edge.com/bv1-13-br/gantry-v2-shared.3421452a627674f7.min.js?cacheKey=gantry-1785440254:0
[    3201ms] [INFO] Jul-30 22:56:34.783 [NAVIGATION-MIDDLEWARE] Async action execution is complete for a view {nextView: Object, results: Array(11), shouldTerminateNavigation: false, executionTime: 7.400000002235174, nextTab: undefined} @ https://a.slack-edge.com/bv1-13-br/gantry-v2-shared.3421452a627674f7.min.js?cacheKey=gantry-1785440254:0
[    3203ms] [INFO] Jul-30 22:56:34.784 [NAVIGATION-MIDDLEWARE] Finish middleware execution for primary container {maybeTransformedViewSet: Object, maybeTransformedSplitView: undefined, terminateNavigation: false, isViewTransformed: false, iterationCount: 1} @ https://a.slack-edge.com/bv1-13-br/gantry-v2-shared.3421452a627674f7.min.js?cacheKey=gantry-1785440254:0
[    3204ms] [INFO] Jul-30 22:56:34.786 [NAVIGATION-MIDDLEWARE] Finish middleware execution for primary container {maybeTransformedViewSet: Object, maybeTransformedSplitView: undefined, terminateNavigation: false, isViewTransformed: true, iterationCount: 0} @ https://a.slack-edge.com/bv1-13-br/gantry-v2-shared.3421452a627674f7.min.js?cacheKey=gantry-1785440254:0
[    3206ms] [INFO] Jul-30 22:56:34.787 [NAVIGATION-MIDDLEWARE] Navigation middleware execution is complete {maybeUpdatedViewSet: Object, maybeUpdatedSplitView: undefined, terminateNavigation: false, executionTime: 20.5, nextTab: undefined} @ https://a.slack-edge.com/bv1-13-br/gantry-v2-shared.3421452a627674f7.min.js?cacheKey=gantry-1785440254:0
[    3214ms] [INFO] Jul-30 22:56:34.795 [EMOJI_TRANSLATION] Emoji translations not needed for default locale, only adding keywords @ https://a.slack-edge.com/bv1-13-br/gantry-v2-shared.3421452a627674f7.min.js?cacheKey=gantry-1785440254:0
[    3215ms] [INFO] Jul-30 22:56:34.796 [BOOT] (T023EV54RR7) Routing complete (renderApp tap, warm boot) @ https://a.slack-edge.com/bv1-13-br/gantry-v2-shared.3421452a627674f7.min.js?cacheKey=gantry-1785440254:0
[    3216ms] [INFO] Jul-30 22:56:34.798 [BOOT] (T023EV54RR7) (T023EV54RR7) Mounting client @ https://a.slack-edge.com/bv1-13-br/gantry-v2-shared.3421452a627674f7.min.js?cacheKey=gantry-1785440254:0
[    3343ms] [INFO] Jul-30 22:56:34.924 [COUNTS] (T023EV54RR7) dmsBadgeCount: 0 @ https://a.slack-edge.com/bv1-13-br/gantry-v2-shared.3421452a627674f7.min.js?cacheKey=gantry-1785440254:0
[    3344ms] [INFO] Jul-30 22:56:34.926 [COUNTS] (T023EV54RR7) activityBadgeCount: 0 @ https://a.slack-edge.com/bv1-13-br/gantry-v2-shared.3421452a627674f7.min.js?cacheKey=gantry-1785440254:0
[    3348ms] [INFO] Jul-30 22:56:34.929 [DEVICE-PERMISSIONS-MA] Initializing media device permissions manager @ https://a.slack-edge.com/bv1-13-br/gantry-v2-shared.3421452a627674f7.min.js?cacheKey=gantry-1785440254:0
[    3349ms] [INFO] Jul-30 22:56:34.930 [DEVICE-PERMISSIONS-MA] Permissions loaded from local storage {"permissions":{"microphone":"prompt","camera":"prompt","screen":"prompt"},"timestamp":1785444585754} @ https://a.slack-edge.com/bv1-13-br/gantry-v2-shared.3421452a627674f7.min.js?cacheKey=gantry-1785440254:0
[    3349ms] [INFO] Jul-30 22:56:34.931 [DEVICE-PERMISSIONS-MA] Using browser device permissions strategy @ https://a.slack-edge.com/bv1-13-br/gantry-v2-shared.3421452a627674f7.min.js?cacheKey=gantry-1785440254:0
[    3350ms] [INFO] Jul-30 22:56:34.931 [DEVICE-PERMISSIONS-MA] Scheduled permissions refresh @ https://a.slack-edge.com/bv1-13-br/gantry-v2-shared.3421452a627674f7.min.js?cacheKey=gantry-1785440254:0
[    3351ms] [INFO] Jul-30 22:56:34.932 [(?)] Initializing device preferences manager with teamId: T023EV54RR7 @ https://a.slack-edge.com/bv1-13-br/gantry-v2-shared.3421452a627674f7.min.js?cacheKey=gantry-1785440254:0
[    3351ms] [INFO] Jul-30 22:56:34.932 [DEVICE-PREFS] Using device preferences manager @ https://a.slack-edge.com/bv1-13-br/gantry-v2-shared.3421452a627674f7.min.js?cacheKey=gantry-1785440254:0
[    3352ms] [INFO] Jul-30 22:56:34.933 [DEVICE-PREFS] Updating available devices (original flow) @ https://a.slack-edge.com/bv1-13-br/gantry-v2-shared.3421452a627674f7.min.js?cacheKey=gantry-1785440254:0
[    3353ms] [INFO] Jul-30 22:56:34.934 [AVDEVICESERVICE] [AVDeviceService] [LIFECYCLE] [avds_1785444994934] Device enumerator initialized @ https://a.slack-edge.com/bv1-13-br/gantry-v2-shared.3421452a627674f7.min.js?cacheKey=gantry-1785440254:0
[    3406ms] [WARNING] Jul-30 22:56:34.988 TRACER (T023EV54RR7) (boot:time_to_mount_client) was forced closed and marked with the _flush=true tag. @ https://a.slack-edge.com/bv1-13-br/gantry-v2-shared.3421452a627674f7.min.js?cacheKey=gantry-1785440254:0
[    3409ms] [INFO] Jul-30 22:56:34.990 [API-Q] (T023EV54RR7) c891cfd1-1785444994.990 drafts.list called with reason: client-v2-boot-team @ https://a.slack-edge.com/bv1-13-br/gantry-v2-shared.3421452a627674f7.min.js?cacheKey=gantry-1785440254:0
[    3410ms] [INFO] Jul-30 22:56:34.991 [API-Q] (T023EV54RR7) c891cfd1-1785444994.990 drafts.list is ENQUEUED @ https://a.slack-edge.com/bv1-13-br/gantry-v2-shared.3421452a627674f7.min.js?cacheKey=gantry-1785440254:0
[    3410ms] [INFO] Jul-30 22:56:34.992 [DRAFTS] (T023EV54RR7) No local drafts - skipping fetch to purge inactive drafts @ https://a.slack-edge.com/bv1-13-br/gantry-v2-shared.3421452a627674f7.min.js?cacheKey=gantry-1785440254:0
[    3411ms] [INFO] Jul-30 22:56:34.992 [API-Q] (T023EV54RR7) c891cfd1-1785444994.992 workflows.triggers.listRecentlyRunForUser called with reason: fetch_and_upsert_recently_run_triggers @ https://a.slack-edge.com/bv1-13-br/gantry-v2-shared.3421452a627674f7.min.js?cacheKey=gantry-1785440254:0
[    3411ms] [INFO] Jul-30 22:56:34.993 [API-Q] (T023EV54RR7) c891cfd1-1785444994.992 workflows.triggers.listRecentlyRunForUser is ENQUEUED @ https://a.slack-edge.com/bv1-13-br/gantry-v2-shared.3421452a627674f7.min.js?cacheKey=gantry-1785440254:0
[    3412ms] [INFO] Jul-30 22:56:34.993 [API-Q] (T023EV54RR7) c891cfd1-1785444994.993 functions.workflows.list called with reason: automations_gallery @ https://a.slack-edge.com/bv1-13-br/gantry-v2-shared.3421452a627674f7.min.js?cacheKey=gantry-1785440254:0
[    3412ms] [INFO] Jul-30 22:56:34.994 [API-Q] (T023EV54RR7) c891cfd1-1785444994.993 functions.workflows.list is ENQUEUED @ https://a.slack-edge.com/bv1-13-br/gantry-v2-shared.3421452a627674f7.min.js?cacheKey=gantry-1785440254:0
[    3414ms] [INFO] Jul-30 22:56:34.995 [API-Q] (T023EV54RR7) c891cfd1-1785444994.995 megaphone.notifications.list called with reason: boot @ https://a.slack-edge.com/bv1-13-br/gantry-v2-shared.3421452a627674f7.min.js?cacheKey=gantry-1785440254:0
[    3414ms] [INFO] Jul-30 22:56:34.995 [API-Q] (T023EV54RR7) c891cfd1-1785444994.995 megaphone.notifications.list is ENQUEUED @ https://a.slack-edge.com/bv1-13-br/gantry-v2-shared.3421452a627674f7.min.js?cacheKey=gantry-1785440254:0
[    3415ms] [INFO] Jul-30 22:56:34.996 [API-Q] (T023EV54RR7) c891cfd1-1785444994.996 megaphone.notifications.list called with reason: boot @ https://a.slack-edge.com/bv1-13-br/gantry-v2-shared.3421452a627674f7.min.js?cacheKey=gantry-1785440254:0
[    3415ms] [INFO] Jul-30 22:56:34.996 [API-Q] (T023EV54RR7) c891cfd1-1785444994.996 megaphone.notifications.list is ENQUEUED @ https://a.slack-edge.com/bv1-13-br/gantry-v2-shared.3421452a627674f7.min.js?cacheKey=gantry-1785440254:0
[    3415ms] [INFO] Jul-30 22:56:34.997 [API-Q] (T023EV54RR7) c891cfd1-1785444994.997 users.prefs.get called with reason: fetch-user-expectation-last-triggered-pref @ https://a.slack-edge.com/bv1-13-br/gantry-v2-shared.3421452a627674f7.min.js?cacheKey=gantry-1785440254:0
[    3415ms] [INFO] Jul-30 22:56:34.997 [API-Q] (T023EV54RR7) c891cfd1-1785444994.997 users.prefs.get is ENQUEUED @ https://a.slack-edge.com/bv1-13-br/gantry-v2-shared.3421452a627674f7.min.js?cacheKey=gantry-1785440254:0
[    3416ms] [INFO] Jul-30 22:56:34.998 [API-Q] (T023EV54RR7) c891cfd1-1785444994.998 activity.views called with reason: fetch-deferred-messaging-client-data @ https://a.slack-edge.com/bv1-13-br/gantry-v2-shared.3421452a627674f7.min.js?cacheKey=gantry-1785440254:0
[    3417ms] [INFO] Jul-30 22:56:34.998 [API-Q] (T023EV54RR7) c891cfd1-1785444994.998 activity.views is ENQUEUED @ https://a.slack-edge.com/bv1-13-br/gantry-v2-shared.3421452a627674f7.min.js?cacheKey=gantry-1785440254:0
[    3425ms] [INFO] Jul-30 22:56:34.999 [API-Q] (T023EV54RR7) c891cfd1-1785444994.999 aiApps.list called with reason: fetch-deferred-messaging-client-data @ https://a.slack-edge.com/bv1-13-br/gantry-v2-shared.3421452a627674f7.min.js?cacheKey=gantry-1785440254:0
[    3425ms] [INFO] Jul-30 22:56:35.007 [API-Q] (T023EV54RR7) c891cfd1-1785444994.999 aiApps.list is ENQUEUED @ https://a.slack-edge.com/bv1-13-br/gantry-v2-shared.3421452a627674f7.min.js?cacheKey=gantry-1785440254:0
[    3426ms] [INFO] Jul-30 22:56:35.008 [API-Q] (T023EV54RR7) c891cfd1-1785444994.990 drafts.list is ACTIVE @ https://a.slack-edge.com/bv1-13-br/gantry-v2-shared.3421452a627674f7.min.js?cacheKey=gantry-1785440254:0
[    3427ms] [INFO] Jul-30 22:56:35.008 [API-Q] (T023EV54RR7) c891cfd1-1785444994.992 workflows.triggers.listRecentlyRunForUser is ACTIVE @ https://a.slack-edge.com/bv1-13-br/gantry-v2-shared.3421452a627674f7.min.js?cacheKey=gantry-1785440254:0
[    3427ms] [INFO] Jul-30 22:56:35.008 [API-Q] (T023EV54RR7) c891cfd1-1785444994.993 functions.workflows.list is ACTIVE @ https://a.slack-edge.com/bv1-13-br/gantry-v2-shared.3421452a627674f7.min.js?cacheKey=gantry-1785440254:0
[    3427ms] [INFO] Jul-30 22:56:35.009 [API-Q] (T023EV54RR7) c891cfd1-1785444994.995 megaphone.notifications.list is ACTIVE @ https://a.slack-edge.com/bv1-13-br/gantry-v2-shared.3421452a627674f7.min.js?cacheKey=gantry-1785440254:0
[    3428ms] [INFO] Jul-30 22:56:35.009 [API-Q] (T023EV54RR7) c891cfd1-1785444994.996 megaphone.notifications.list is ACTIVE @ https://a.slack-edge.com/bv1-13-br/gantry-v2-shared.3421452a627674f7.min.js?cacheKey=gantry-1785440254:0
[    3428ms] [INFO] Jul-30 22:56:35.010 [API-Q] (T023EV54RR7) c891cfd1-1785444994.997 users.prefs.get is ACTIVE @ https://a.slack-edge.com/bv1-13-br/gantry-v2-shared.3421452a627674f7.min.js?cacheKey=gantry-1785440254:0
[    3429ms] [INFO] Jul-30 22:56:35.010 [API-Q] (T023EV54RR7) c891cfd1-1785444994.998 activity.views is ACTIVE @ https://a.slack-edge.com/bv1-13-br/gantry-v2-shared.3421452a627674f7.min.js?cacheKey=gantry-1785440254:0
[    3430ms] [INFO] Jul-30 22:56:35.011 [API-Q] (T023EV54RR7) c891cfd1-1785444995.011 calendar.getInstalledCalendars called with reason: calendar-get-installed-calendars @ https://a.slack-edge.com/bv1-13-br/gantry-v2-shared.3421452a627674f7.min.js?cacheKey=gantry-1785440254:0
[    3430ms] [INFO] Jul-30 22:56:35.012 [API-Q] (T023EV54RR7) c891cfd1-1785444995.011 calendar.getInstalledCalendars is ENQUEUED @ https://a.slack-edge.com/bv1-13-br/gantry-v2-shared.3421452a627674f7.min.js?cacheKey=gantry-1785440254:0
[    3434ms] [INFO] Jul-30 22:56:35.016 [BOOT] Setting reducedSignInWorkflowExperiment object in local storage. teamId: T023EV54RR7, enterpriseId: undefined, isOn: true @ https://a.slack-edge.com/bv1-13-br/gantry-v2-shared.3421452a627674f7.min.js?cacheKey=gantry-1785440254:0
[    3438ms] [INFO] Jul-30 22:56:35.019 [NAVIGATE-LISTENERS] (T023EV54RR7) Starting navigation listeners for triggerType CLIENT_MOUNT @ https://a.slack-edge.com/bv1-13-br/gantry-v2-shared.3421452a627674f7.min.js?cacheKey=gantry-1785440254:0
[    3442ms] [INFO] Jul-30 22:56:35.024 [NAVIGATE-LISTENERS] (T023EV54RR7) Navigation listeners complete without errors @ https://a.slack-edge.com/bv1-13-br/gantry-v2-shared.3421452a627674f7.min.js?cacheKey=gantry-1785440254:0
[    3444ms] [INFO] Jul-30 22:56:35.025 [MIN-VERSION] Starting client min-version poll. @ https://a.slack-edge.com/bv1-13-br/gantry-v2-shared.3421452a627674f7.min.js?cacheKey=gantry-1785440254:0
[    3446ms] [INFO] Jul-30 22:56:35.028 [PERSIST] Purging persisted models, except for the following teamIds [T023EV54RR7] @ https://a.slack-edge.com/bv1-13-br/gantry-v2-shared.3421452a627674f7.min.js?cacheKey=gantry-1785440254:0
[    3728ms] [INFO] Jul-30 22:56:35.256 [CHECK-UNREADS] (T023EV54RR7) Checking unreads after window became focused @ https://a.slack-edge.com/bv1-13-br/gantry-v2-shared.3421452a627674f7.min.js?cacheKey=gantry-1785440254:0
[    3729ms] [INFO] Jul-30 22:56:35.311 [CHECK-UNREADS] (T023EV54RR7) Not marking C023EV55AGH because last_read >= latest && channel is read @ https://a.slack-edge.com/bv1-13-br/gantry-v2-shared.3421452a627674f7.min.js?cacheKey=gantry-1785440254:0
[    3733ms] [INFO] Jul-30 22:56:35.315 [BOOT-QUEUE] T023EV54RR7 noversion-1785444992.689 experiments.getByUser is RESOLVED @ https://a.slack-edge.com/bv1-13-br/gantry-v2-shared.3421452a627674f7.min.js?cacheKey=gantry-1785440254:0
[    3738ms] [INFO] Jul-30 22:56:35.319 [GS_REQUEST] (T023EV54RR7) received a user_change_subscribe_request call while we are not connected; deferring @ https://a.slack-edge.com/bv1-13-br/gantry-v2-shared.3421452a627674f7.min.js?cacheKey=gantry-1785440254:0
[    3739ms] [INFO] Jul-30 22:56:35.320 [API-Q] (T023EV54RR7) noversion-1785444995.320 Flannel users/info called with reason: flannel-call:users/info @ https://a.slack-edge.com/bv1-13-br/gantry-v2-shared.3421452a627674f7.min.js?cacheKey=gantry-1785440254:0
[    3739ms] [INFO] Jul-30 22:56:35.320 [API-Q] (T023EV54RR7) noversion-1785444995.320 Flannel users/info is ENQUEUED @ https://a.slack-edge.com/bv1-13-br/gantry-v2-shared.3421452a627674f7.min.js?cacheKey=gantry-1785440254:0
[    3744ms] [INFO] Jul-30 22:56:35.326 [UFM-PERMISSIONS] (T023EV54RR7) requesting ACCESS_SLACK_AI_TODAY,ACCESS_SLACK_AI_SLACKBOT,ACCESS_SLACK_AI_SEARCH,ACCESS_SLACK_AI_FILTERS,ACCESS_SLACK_AI_HUDDLE_SUMMARIES,CREATE_PUBLIC_CHANNEL,CREATE_PRIVATE_CHANNEL,ACCESS_SLACK_AI_RECAP,ACCESS_SLACK_AI_CHANNEL_THREAD_SUMMARIES,ACCESS_SLACK_AI_FILE_SUMMARIES,READ_AUDIT_LOGS,ARCHIVE_CHANNEL,CONVERT_MPDM_TO_PRIVATE,EDIT_CHANNEL_WORKSPACES,CAN_AT_CHANNEL,VIEW_OVERVIEW_ANALYTICS,VIEW_WORKSPACE_ANALYTICS,VIEW_MEMBER_ANALYTICS,VIEW_ORG_WIDE_CHANNEL_ANALYTICS,VIEW_HUDDLE_ANALYTICS,VIEW_CLIP_ANALYTICS,VIEW_APP_ANALYTICS,VIEW_CHANNEL_ANALYTICS,VIEW_AI_ANALYTICS,VIEW_CANVAS_ANALYTICS,VIEW_WORKFLOW_ANALYTICS,VIEW_LIST_ANALYTICS,VIEW_SLACKBOT_ANALYTICS,VIEW_TOP_LEVEL_WORKFLOWS,ADD_COLLABORATOR_TO_ANY_WORKFLOW,UNPUBLISH_ANY_WORKFLOW,CREATE_WORKFLOWS,CREATE_CANVAS_TEMPLATES,PUBLISH_CANVAS_ORG_TEMPLATES,MANAGE_SALES_HOME,MANAGE_SALES_HOME_DATA_SOURCE,ADD_CUSTOM_EMOJI,DELETE_CUSTOM_EMOJI,EDIT_SLACKBOT_RESPONSES,UPDATE_NAME,UPDATE_DISPLAY_NAME,EDIT_PROFILE_PHOTO,ACCEPT_SLACK_CONNECT_INVITES,MANAGE_SLACK_CONNECT,CREATE_SLACK_CONNECT_DM,VIEW_APP_REQUESTS,MANAGE_AAA_AUTOMATION_RULES,MANAGE_SCOPE_RATINGS,VIEW_INSTALLED_APPS,MANAGE_ORG_LEVEL_APP_APPROVAL,VIEW_APPROVED_APPS,VIEW_RESTRICTED_APPS,ADD_ORG_APPS_TO_WORKSPACES,REMOVE_ORG_APPS_FROM_WORKSPACES,VIEW_DEPRECATIONS,MANAGE_WORKFLOW_CONNECTORS,MANAGE_WORKFLOW_TRIGGERS,MANAGE_APP_ACLS,CREATE_SOLUTION_TEMPLATE,PUBLISH_SOLUTION_TEMPLATE,MANAGE_SOLUTION_TEMPLATE,CREATE_LIST_TEMPLATE,CREATE_USER_GROUPS,EDIT_USER_GROUPS,DELETE_USER_GROUPS,ACCESS_SLACK_AI_DETAILED_FEEDBACK,ACCESS_SLACK_AI_STEPS_IN_WORKFLOW,ACCESS_SLACK_AI_TRANSLATIONS,ACCESS_SLACK_AI_WORKFLOW_BUILDER,ACCESS_SLACK_AI_RECORD_CHANNEL_DIGEST,ACCESS_SLACK_AI_DEVELOPMENT,ACCESS_SLACK_AI_EXPLAIN,ACCESS_SLACK_AI_CANVAS,ACCESS_SLACK_AI_SALESFORCE_CSV_MAPPER,ACCESS_SLACK_AI_SUGGESTED_SECTIONS,ACCESS_SLACK_AI_CHANNEL_SECTION_RECOMMENDATIONS,ACCESS_SLACK_AI_SLACKIVERSARY,ACCESS_ENTERPRISE_SEARCH,AUTHOR_SKILLS,AUTO_ENABLE_SKILL,CAN_MANAGE_XWS_CHANNELS,CREATE_AND_EDIT_ORG_USER_GROUPS,EDIT_ORG_USER_GROUPS,DELETE_ORG_USER_GROUPS (1) @ https://a.slack-edge.com/bv1-13-br/gantry-v2-shared.3421452a627674f7.min.js?cacheKey=gantry-1785440254:0
[    3745ms] [INFO] Jul-30 22:56:35.326 [API-Q] (T023EV54RR7) noversion-1785444995.326 Flannel permissions/info called with reason: flannel-call:permissions/info @ https://a.slack-edge.com/bv1-13-br/gantry-v2-shared.3421452a627674f7.min.js?cacheKey=gantry-1785440254:0
[    3745ms] [INFO] Jul-30 22:56:35.326 [API-Q] (T023EV54RR7) noversion-1785444995.326 Flannel permissions/info is ENQUEUED @ https://a.slack-edge.com/bv1-13-br/gantry-v2-shared.3421452a627674f7.min.js?cacheKey=gantry-1785440254:0
[    3745ms] [INFO] Jul-30 22:56:35.327 [DND_V2] (T023EV54RR7) fetchAndUpsertDndForUsers - Preparing to fetch DND times for the following members: U07DB40NK51 @ https://a.slack-edge.com/bv1-13-br/gantry-v2-shared.3421452a627674f7.min.js?cacheKey=gantry-1785440254:0
[    3746ms] [INFO] Jul-30 22:56:35.327 [API-Q] (T023EV54RR7) c891cfd1-1785444995.327 dnd.info called with reason: fetchAndUpsertDndForUsers-getDndTimesFor:self @ https://a.slack-edge.com/bv1-13-br/gantry-v2-shared.3421452a627674f7.min.js?cacheKey=gantry-1785440254:0
[    3746ms] [INFO] Jul-30 22:56:35.327 [API-Q] (T023EV54RR7) c891cfd1-1785444995.327 dnd.info is ENQUEUED @ https://a.slack-edge.com/bv1-13-br/gantry-v2-shared.3421452a627674f7.min.js?cacheKey=gantry-1785440254:0
[    3747ms] [INFO] Jul-30 22:56:35.328 [API-Q] (T023EV54RR7) c891cfd1-1785444995.328 help.issues.ticketStats called with reason: fetchAndUpsertTicketStats @ https://a.slack-edge.com/bv1-13-br/gantry-v2-shared.3421452a627674f7.min.js?cacheKey=gantry-1785440254:0
[    3747ms] [INFO] Jul-30 22:56:35.328 [API-Q] (T023EV54RR7) c891cfd1-1785444995.328 help.issues.ticketStats is ENQUEUED @ https://a.slack-edge.com/bv1-13-br/gantry-v2-shared.3421452a627674f7.min.js?cacheKey=gantry-1785440254:0
[    3748ms] [INFO] Jul-30 22:56:35.329 [UFM] (T023EV54RR7) requesting C023EV55AGH (1) @ https://a.slack-edge.com/bv1-13-br/gantry-v2-shared.3421452a627674f7.min.js?cacheKey=gantry-1785440254:0
[    3748ms] [INFO] Jul-30 22:56:35.330 [API-Q] (T023EV54RR7) noversion-1785444995.329 Flannel huddles/info called with reason: flannel-call:huddles/info @ https://a.slack-edge.com/bv1-13-br/gantry-v2-shared.3421452a627674f7.min.js?cacheKey=gantry-1785440254:0
[    3748ms] [INFO] Jul-30 22:56:35.330 [API-Q] (T023EV54RR7) noversion-1785444995.329 Flannel huddles/info is ENQUEUED @ https://a.slack-edge.com/bv1-13-br/gantry-v2-shared.3421452a627674f7.min.js?cacheKey=gantry-1785440254:0
[    3750ms] [INFO] Jul-30 22:56:35.331 [API-Q] (T023EV54RR7) noversion-1785444995.331 Flannel apps/info called with reason: flannel-call:apps/info @ https://a.slack-edge.com/bv1-13-br/gantry-v2-shared.3421452a627674f7.min.js?cacheKey=gantry-1785440254:0
[    3750ms] [INFO] Jul-30 22:56:35.332 [API-Q] (T023EV54RR7) noversion-1785444995.331 Flannel apps/info is ENQUEUED @ https://a.slack-edge.com/bv1-13-br/gantry-v2-shared.3421452a627674f7.min.js?cacheKey=gantry-1785440254:0
[    3751ms] [INFO] Jul-30 22:56:35.332 [API-Q] (T023EV54RR7) c891cfd1-1785444995.332 team.targetingCriteria called with reason: team_targeting_criteria @ https://a.slack-edge.com/bv1-13-br/gantry-v2-shared.3421452a627674f7.min.js?cacheKey=gantry-1785440254:0
[    3751ms] [INFO] Jul-30 22:56:35.333 [API-Q] (T023EV54RR7) c891cfd1-1785444995.332 team.targetingCriteria is ENQUEUED @ https://a.slack-edge.com/bv1-13-br/gantry-v2-shared.3421452a627674f7.min.js?cacheKey=gantry-1785440254:0
[    3755ms] [INFO] Jul-30 22:56:35.336 [API-Q] (T023EV54RR7) c891cfd1-1785444994.746 users.prefs.get is RESOLVED @ https://a.slack-edge.com/bv1-13-br/gantry-v2-shared.3421452a627674f7.min.js?cacheKey=gantry-1785440254:0
[    3756ms] [INFO] Jul-30 22:56:35.338 [API-Q] (T023EV54RR7) noversion-1785444995.331 Flannel apps/info is ACTIVE @ https://a.slack-edge.com/bv1-13-br/gantry-v2-shared.3421452a627674f7.min.js?cacheKey=gantry-1785440254:0
[    3759ms] [INFO] Jul-30 22:56:35.341 [OBJECT-STORE] attempting to delete shards [] @ https://a.slack-edge.com/bv1-13-br/gantry-v2-shared.3421452a627674f7.min.js?cacheKey=gantry-1785440254:0
[    3779ms] [INFO] Jul-30 22:56:35.360 [API-Q] (T023EV54RR7) c891cfd1-1785444994.753 sfdc.integration.listOrgs is RESOLVED @ https://a.slack-edge.com/bv1-13-br/gantry-v2-shared.3421452a627674f7.min.js?cacheKey=gantry-1785440254:0
[    3780ms] [INFO] Jul-30 22:56:35.361 [API-Q] (T023EV54RR7) noversion-1785444995.329 Flannel huddles/info is ACTIVE @ https://a.slack-edge.com/bv1-13-br/gantry-v2-shared.3421452a627674f7.min.js?cacheKey=gantry-1785440254:0
[    3781ms] [INFO] Jul-30 22:56:35.362 [API-Q] (T023EV54RR7) noversion-1785444994.774 Flannel huddles/list is RESOLVED @ https://a.slack-edge.com/bv1-13-br/gantry-v2-shared.3421452a627674f7.min.js?cacheKey=gantry-1785440254:0
[    3781ms] [INFO] Jul-30 22:56:35.363 [API-Q] (T023EV54RR7) noversion-1785444995.326 Flannel permissions/info is ACTIVE @ https://a.slack-edge.com/bv1-13-br/gantry-v2-shared.3421452a627674f7.min.js?cacheKey=gantry-1785440254:0
[    3782ms] [INFO] Jul-30 22:56:35.363 [API-Q] (T023EV54RR7) c891cfd1-1785444994.990 drafts.list is RESOLVED @ https://a.slack-edge.com/bv1-13-br/gantry-v2-shared.3421452a627674f7.min.js?cacheKey=gantry-1785440254:0
[    3782ms] [INFO] Jul-30 22:56:35.364 [DRAFTS] (T023EV54RR7) No active drafts @ https://a.slack-edge.com/bv1-13-br/gantry-v2-shared.3421452a627674f7.min.js?cacheKey=gantry-1785440254:0
[    3782ms] [INFO] Jul-30 22:56:35.364 [DRAFTS] (T023EV54RR7) Successfully fetched all active and inactive drafts ✨ @ https://a.slack-edge.com/bv1-13-br/gantry-v2-shared.3421452a627674f7.min.js?cacheKey=gantry-1785440254:0
[    3783ms] [INFO] Jul-30 22:56:35.364 [API-Q] (T023EV54RR7) noversion-1785444995.320 Flannel users/info is ACTIVE @ https://a.slack-edge.com/bv1-13-br/gantry-v2-shared.3421452a627674f7.min.js?cacheKey=gantry-1785440254:0
[    3783ms] [INFO] Jul-30 22:56:35.365 [API-Q] (T023EV54RR7) c891cfd1-1785444994.992 workflows.triggers.listRecentlyRunForUser is RESOLVED @ https://a.slack-edge.com/bv1-13-br/gantry-v2-shared.3421452a627674f7.min.js?cacheKey=gantry-1785440254:0
[    3784ms] [INFO] Jul-30 22:56:35.365 [API-Q] (T023EV54RR7) c891cfd1-1785444994.999 aiApps.list is ACTIVE @ https://a.slack-edge.com/bv1-13-br/gantry-v2-shared.3421452a627674f7.min.js?cacheKey=gantry-1785440254:0
[    3785ms] [INFO] Jul-30 22:56:35.366 [API-Q] (T023EV54RR7) c891cfd1-1785444994.993 functions.workflows.list is RESOLVED @ https://a.slack-edge.com/bv1-13-br/gantry-v2-shared.3421452a627674f7.min.js?cacheKey=gantry-1785440254:0
[    3786ms] [INFO] Jul-30 22:56:35.367 [API-Q] (T023EV54RR7) c891cfd1-1785444995.367 workflows.triggers.list called with reason: automations_gallery @ https://a.slack-edge.com/bv1-13-br/gantry-v2-shared.3421452a627674f7.min.js?cacheKey=gantry-1785440254:0
[    3786ms] [INFO] Jul-30 22:56:35.368 [API-Q] (T023EV54RR7) c891cfd1-1785444995.367 workflows.triggers.list is ENQUEUED @ https://a.slack-edge.com/bv1-13-br/gantry-v2-shared.3421452a627674f7.min.js?cacheKey=gantry-1785440254:0
[    3787ms] [INFO] Jul-30 22:56:35.368 [API-Q] (T023EV54RR7) c891cfd1-1785444995.011 calendar.getInstalledCalendars is ACTIVE @ https://a.slack-edge.com/bv1-13-br/gantry-v2-shared.3421452a627674f7.min.js?cacheKey=gantry-1785440254:0
[    3787ms] [INFO] Jul-30 22:56:35.369 [API-Q] (T023EV54RR7) c891cfd1-1785444994.995 megaphone.notifications.list is RESOLVED @ https://a.slack-edge.com/bv1-13-br/gantry-v2-shared.3421452a627674f7.min.js?cacheKey=gantry-1785440254:0
[    3791ms] [INFO] Jul-30 22:56:35.372 [API-Q] (T023EV54RR7) c891cfd1-1785444995.327 dnd.info is ACTIVE @ https://a.slack-edge.com/bv1-13-br/gantry-v2-shared.3421452a627674f7.min.js?cacheKey=gantry-1785440254:0
[    3792ms] [INFO] Jul-30 22:56:35.373 [API-Q] (T023EV54RR7) c891cfd1-1785444994.996 megaphone.notifications.list is RESOLVED @ https://a.slack-edge.com/bv1-13-br/gantry-v2-shared.3421452a627674f7.min.js?cacheKey=gantry-1785440254:0
[    3798ms] [INFO] Jul-30 22:56:35.380 [API-Q] (T023EV54RR7) c891cfd1-1785444995.328 help.issues.ticketStats is ACTIVE @ https://a.slack-edge.com/bv1-13-br/gantry-v2-shared.3421452a627674f7.min.js?cacheKey=gantry-1785440254:0
[    3799ms] [INFO] Jul-30 22:56:35.380 [API-Q] (T023EV54RR7) c891cfd1-1785444995.380 onboarding.fetch called with reason: vacation_emoji_pack @ https://a.slack-edge.com/bv1-13-br/gantry-v2-shared.3421452a627674f7.min.js?cacheKey=gantry-1785440254:0
[    3799ms] [INFO] Jul-30 22:56:35.380 [API-Q] (T023EV54RR7) c891cfd1-1785444995.380 onboarding.fetch is ENQUEUED @ https://a.slack-edge.com/bv1-13-br/gantry-v2-shared.3421452a627674f7.min.js?cacheKey=gantry-1785440254:0
[    3800ms] [INFO] Jul-30 22:56:35.381 [API-Q] (T023EV54RR7) c891cfd1-1785444994.997 users.prefs.get is RESOLVED @ https://a.slack-edge.com/bv1-13-br/gantry-v2-shared.3421452a627674f7.min.js?cacheKey=gantry-1785440254:0
[    3801ms] [INFO] Jul-30 22:56:35.382 [API-Q] (T023EV54RR7) c891cfd1-1785444995.332 team.targetingCriteria is ACTIVE @ https://a.slack-edge.com/bv1-13-br/gantry-v2-shared.3421452a627674f7.min.js?cacheKey=gantry-1785440254:0
[    3802ms] [INFO] Jul-30 22:56:35.383 [API-Q] (T023EV54RR7) c891cfd1-1785444994.998 activity.views is RESOLVED @ https://a.slack-edge.com/bv1-13-br/gantry-v2-shared.3421452a627674f7.min.js?cacheKey=gantry-1785440254:0
[    3804ms] [INFO] Jul-30 22:56:35.386 [API-Q] (T023EV54RR7) c891cfd1-1785444995.367 workflows.triggers.list is ACTIVE @ https://a.slack-edge.com/bv1-13-br/gantry-v2-shared.3421452a627674f7.min.js?cacheKey=gantry-1785440254:0
[    3833ms] [INFO] Jul-30 22:56:35.414 [PERSIST] (T023EV54RR7) Rehydrated lazy reducer: userGroupsFlexpane @ https://a.slack-edge.com/bv1-13-br/gantry-v2-shared.3421452a627674f7.min.js?cacheKey=gantry-1785440254:0
[    3897ms] [LOG] [WD] All assets have reported back; s: 15; f: 0 @ https://app.slack.com/client/T023EV54RR7/C023EV55AGH:0
[    3932ms] [INFO] Jul-30 22:56:35.514 [API-Q] (T023EV54RR7) noversion-1785444995.331 Flannel apps/info is RESOLVED @ https://a.slack-edge.com/bv1-13-br/gantry-v2-shared.3421452a627674f7.min.js?cacheKey=gantry-1785440254:0
[    3933ms] [INFO] Jul-30 22:56:35.515 [API-Q] (T023EV54RR7) c891cfd1-1785444995.380 onboarding.fetch is ACTIVE @ https://a.slack-edge.com/bv1-13-br/gantry-v2-shared.3421452a627674f7.min.js?cacheKey=gantry-1785440254:0
[    3935ms] [INFO] Jul-30 22:56:35.517 [API-Q] (T023EV54RR7) noversion-1785444995.329 Flannel huddles/info is RESOLVED @ https://a.slack-edge.com/bv1-13-br/gantry-v2-shared.3421452a627674f7.min.js?cacheKey=gantry-1785440254:0
[    3935ms] [INFO] Jul-30 22:56:35.517 [UFM] (T023EV54RR7) received C023EV55AGH (1) @ https://a.slack-edge.com/bv1-13-br/gantry-v2-shared.3421452a627674f7.min.js?cacheKey=gantry-1785440254:0
[    3937ms] [INFO] Jul-30 22:56:35.518 [API-Q] (T023EV54RR7) noversion-1785444995.320 Flannel users/info is RESOLVED @ https://a.slack-edge.com/bv1-13-br/gantry-v2-shared.3421452a627674f7.min.js?cacheKey=gantry-1785440254:0
[    3938ms] [INFO] Jul-30 22:56:35.519 [SOCKET-MANAGER] (T023EV54RR7) Changing from prov_connecting to prov_connected @ https://a.slack-edge.com/bv1-13-br/gantry-v2-shared.3421452a627674f7.min.js?cacheKey=gantry-1785440254:0
[    3938ms] [INFO] Jul-30 22:56:35.519 [SOCKET-MANAGER] (T023EV54RR7) will stay in prov_connected state for up to 60000 ms @ https://a.slack-edge.com/bv1-13-br/gantry-v2-shared.3421452a627674f7.min.js?cacheKey=gantry-1785440254:0
[    3940ms] [INFO] Jul-30 22:56:35.521 [SOCKET-MANAGER] (T023EV54RR7) Changing from prov_connected to prov_finalize @ https://a.slack-edge.com/bv1-13-br/gantry-v2-shared.3421452a627674f7.min.js?cacheKey=gantry-1785440254:0
[    3940ms] [INFO] Jul-30 22:56:35.521 [SOCKET-MANAGER] (T023EV54RR7) will stay in prov_finalize state for up to 10000 ms @ https://a.slack-edge.com/bv1-13-br/gantry-v2-shared.3421452a627674f7.min.js?cacheKey=gantry-1785440254:0
[    3940ms] [INFO] Jul-30 22:56:35.522 [SOCKET-MANAGER] (T023EV54RR7) Changing from prov_finalize to prov_finalizing @ https://a.slack-edge.com/bv1-13-br/gantry-v2-shared.3421452a627674f7.min.js?cacheKey=gantry-1785440254:0
[    3941ms] [INFO] Jul-30 22:56:35.522 [SOCKET-MANAGER] (T023EV54RR7) will stay in prov_finalizing state for up to 10000 ms @ https://a.slack-edge.com/bv1-13-br/gantry-v2-shared.3421452a627674f7.min.js?cacheKey=gantry-1785440254:0
[    3941ms] [INFO] Jul-30 22:56:35.522 [SOCKET-MANAGER] (T023EV54RR7) Changing from prov_finalizing to connected @ https://a.slack-edge.com/bv1-13-br/gantry-v2-shared.3421452a627674f7.min.js?cacheKey=gantry-1785440254:0
[    3941ms] [INFO] Jul-30 22:56:35.523 [SOCKET-MANAGER] (T023EV54RR7) will stay in connected state for up to Infinity ms @ https://a.slack-edge.com/bv1-13-br/gantry-v2-shared.3421452a627674f7.min.js?cacheKey=gantry-1785440254:0
[    3942ms] [INFO] Jul-30 22:56:35.523 [SOCKET-MANAGER] (T023EV54RR7) Connected to primary region @ https://a.slack-edge.com/bv1-13-br/gantry-v2-shared.3421452a627674f7.min.js?cacheKey=gantry-1785440254:0
[    3945ms] [INFO] Jul-30 22:56:35.527 [EVENTLOG] (T023EV54RR7) fr=false, lc=false, lt=1785444838.579000 @ https://a.slack-edge.com/bv1-13-br/gantry-v2-shared.3421452a627674f7.min.js?cacheKey=gantry-1785440254:0
[    3945ms] [INFO] Jul-30 22:56:35.527 [EVENTLOG] (T023EV54RR7) fetching events since 1785444838.579000 (157 seconds ago) @ https://a.slack-edge.com/bv1-13-br/gantry-v2-shared.3421452a627674f7.min.js?cacheKey=gantry-1785440254:0
[    3946ms] [INFO] Jul-30 22:56:35.527 [API-Q] (T023EV54RR7) c891cfd1-1785444995.527 ublockworkaround.history called with reason: onSocketConnected @ https://a.slack-edge.com/bv1-13-br/gantry-v2-shared.3421452a627674f7.min.js?cacheKey=gantry-1785440254:0
[    3946ms] [INFO] Jul-30 22:56:35.528 [API-Q] (T023EV54RR7) c891cfd1-1785444995.527 ublockworkaround.history is ENQUEUED @ https://a.slack-edge.com/bv1-13-br/gantry-v2-shared.3421452a627674f7.min.js?cacheKey=gantry-1785440254:0
[    3947ms] [INFO] Jul-30 22:56:35.528 [MESSAGE-HISTORY] (T023EV54RR7) Resetting reachedEnd @ https://a.slack-edge.com/bv1-13-br/gantry-v2-shared.3421452a627674f7.min.js?cacheKey=gantry-1785440254:0
[    3948ms] [INFO] Jul-30 22:56:35.530 [API-Q] (T023EV54RR7) c891cfd1-1785444995.530 users.customStatus.list called with reason: fetchCustomStatusOnReconnect @ https://a.slack-edge.com/bv1-13-br/gantry-v2-shared.3421452a627674f7.min.js?cacheKey=gantry-1785440254:0
[    3948ms] [INFO] Jul-30 22:56:35.530 [API-Q] (T023EV54RR7) c891cfd1-1785444995.530 users.customStatus.list is ENQUEUED @ https://a.slack-edge.com/bv1-13-br/gantry-v2-shared.3421452a627674f7.min.js?cacheKey=gantry-1785440254:0
[    3952ms] [INFO] Jul-30 22:56:35.533 [PRESENCE_PROMPT] (T023EV54RR7) ignoring prompt due to presence (active) @ https://a.slack-edge.com/bv1-13-br/gantry-v2-shared.3421452a627674f7.min.js?cacheKey=gantry-1785440254:0
[    3952ms] [INFO] Jul-30 22:56:35.534 [GS_REQUEST] (T023EV54RR7) connected and trouble free! Continuing deferred user_change_subscribe_request call @ https://a.slack-edge.com/bv1-13-br/gantry-v2-shared.3421452a627674f7.min.js?cacheKey=gantry-1785440254:0
[    3953ms] [INFO] Jul-30 22:56:35.535 [API-Q] (T023EV54RR7) c891cfd1-1785444995.527 ublockworkaround.history is ACTIVE @ https://a.slack-edge.com/bv1-13-br/gantry-v2-shared.3421452a627674f7.min.js?cacheKey=gantry-1785440254:0
[    3954ms] [INFO] Jul-30 22:56:35.535 [API-Q] (T023EV54RR7) c891cfd1-1785444995.530 users.customStatus.list is ACTIVE @ https://a.slack-edge.com/bv1-13-br/gantry-v2-shared.3421452a627674f7.min.js?cacheKey=gantry-1785440254:0
[    3956ms] [INFO] Jul-30 22:56:35.537 [API-Q] (T023EV54RR7) noversion-1785444995.326 Flannel permissions/info is RESOLVED @ https://a.slack-edge.com/bv1-13-br/gantry-v2-shared.3421452a627674f7.min.js?cacheKey=gantry-1785440254:0
[    3956ms] [INFO] Jul-30 22:56:35.537 [UFM-PERMISSIONS] (T023EV54RR7) received ACCESS_SLACK_AI_TODAY,ACCESS_SLACK_AI_SLACKBOT,ACCESS_SLACK_AI_SEARCH,ACCESS_SLACK_AI_FILTERS,ACCESS_SLACK_AI_HUDDLE_SUMMARIES,CREATE_PUBLIC_CHANNEL,CREATE_PRIVATE_CHANNEL,ACCESS_SLACK_AI_RECAP,ACCESS_SLACK_AI_CHANNEL_THREAD_SUMMARIES,ACCESS_SLACK_AI_FILE_SUMMARIES,READ_AUDIT_LOGS,ARCHIVE_CHANNEL,CONVERT_MPDM_TO_PRIVATE,EDIT_CHANNEL_WORKSPACES,CAN_AT_CHANNEL,VIEW_OVERVIEW_ANALYTICS,VIEW_WORKSPACE_ANALYTICS,VIEW_MEMBER_ANALYTICS,VIEW_ORG_WIDE_CHANNEL_ANALYTICS,VIEW_HUDDLE_ANALYTICS,VIEW_CLIP_ANALYTICS,VIEW_APP_ANALYTICS,VIEW_CHANNEL_ANALYTICS,VIEW_AI_ANALYTICS,VIEW_CANVAS_ANALYTICS,VIEW_WORKFLOW_ANALYTICS,VIEW_LIST_ANALYTICS,VIEW_SLACKBOT_ANALYTICS,VIEW_TOP_LEVEL_WORKFLOWS,ADD_COLLABORATOR_TO_ANY_WORKFLOW,UNPUBLISH_ANY_WORKFLOW,CREATE_WORKFLOWS,CREATE_CANVAS_TEMPLATES,PUBLISH_CANVAS_ORG_TEMPLATES,MANAGE_SALES_HOME,MANAGE_SALES_HOME_DATA_SOURCE,ADD_CUSTOM_EMOJI,DELETE_CUSTOM_EMOJI,EDIT_SLACKBOT_RESPONSES,UPDATE_NAME,UPDATE_DISPLAY_NAME,EDIT_PROFILE_PHOTO,ACCEPT_SLACK_CONNECT_INVITES,MANAGE_SLACK_CONNECT,CREATE_SLACK_CONNECT_DM,VIEW_APP_REQUESTS,MANAGE_AAA_AUTOMATION_RULES,MANAGE_SCOPE_RATINGS,VIEW_INSTALLED_APPS,MANAGE_ORG_LEVEL_APP_APPROVAL,VIEW_APPROVED_APPS,VIEW_RESTRICTED_APPS,ADD_ORG_APPS_TO_WORKSPACES,REMOVE_ORG_APPS_FROM_WORKSPACES,VIEW_DEPRECATIONS,MANAGE_WORKFLOW_CONNECTORS,MANAGE_WORKFLOW_TRIGGERS,MANAGE_APP_ACLS,CREATE_SOLUTION_TEMPLATE,PUBLISH_SOLUTION_TEMPLATE,MANAGE_SOLUTION_TEMPLATE,CREATE_LIST_TEMPLATE,CREATE_USER_GROUPS,EDIT_USER_GROUPS,DELETE_USER_GROUPS,ACCESS_SLACK_AI_DETAILED_FEEDBACK,ACCESS_SLACK_AI_STEPS_IN_WORKFLOW,ACCESS_SLACK_AI_TRANSLATIONS,ACCESS_SLACK_AI_WORKFLOW_BUILDER,ACCESS_SLACK_AI_RECORD_CHANNEL_DIGEST,ACCESS_SLACK_AI_DEVELOPMENT,ACCESS_SLACK_AI_EXPLAIN,ACCESS_SLACK_AI_CANVAS,ACCESS_SLACK_AI_SALESFORCE_CSV_MAPPER,ACCESS_SLACK_AI_SUGGESTED_SECTIONS,ACCESS_SLACK_AI_CHANNEL_SECTION_RECOMMENDATIONS,ACCESS_SLACK_AI_SLACKIVERSARY,ACCESS_ENTERPRISE_SEARCH,AUTHOR_SKILLS,AUTO_ENABLE_SKILL,CAN_MANAGE_XWS_CHANNELS,CREATE_AND_EDIT_ORG_USER_GROUPS,EDIT_ORG_USER_GROUPS,DELETE_ORG_USER_GROUPS (1) @ https://a.slack-edge.com/bv1-13-br/gantry-v2-shared.3421452a627674f7.min.js?cacheKey=gantry-1785440254:0
[    3958ms] [INFO] Jul-30 22:56:35.539 [API-Q] (T023EV54RR7) c891cfd1-1785444995.539 feature.usage.info called with reason: fetch-slackbot-ai-usage-on-window-open @ https://a.slack-edge.com/bv1-13-br/gantry-v2-shared.3421452a627674f7.min.js?cacheKey=gantry-1785440254:0
[    3958ms] [INFO] Jul-30 22:56:35.539 [API-Q] (T023EV54RR7) c891cfd1-1785444995.539 feature.usage.info is ENQUEUED @ https://a.slack-edge.com/bv1-13-br/gantry-v2-shared.3421452a627674f7.min.js?cacheKey=gantry-1785440254:0
[    3959ms] [INFO] Jul-30 22:56:35.541 [API-Q] (T023EV54RR7) c891cfd1-1785444995.541 slackbot.mcp.list called with reason: fetch-mcp-servers-for-shortcuts-menu @ https://a.slack-edge.com/bv1-13-br/gantry-v2-shared.3421452a627674f7.min.js?cacheKey=gantry-1785440254:0
[    3960ms] [INFO] Jul-30 22:56:35.541 [API-Q] (T023EV54RR7) c891cfd1-1785444995.541 slackbot.mcp.list is ENQUEUED @ https://a.slack-edge.com/bv1-13-br/gantry-v2-shared.3421452a627674f7.min.js?cacheKey=gantry-1785440254:0
[    3961ms] [INFO] Jul-30 22:56:35.542 [API-Q] (T023EV54RR7) c891cfd1-1785444995.539 feature.usage.info is ACTIVE @ https://a.slack-edge.com/bv1-13-br/gantry-v2-shared.3421452a627674f7.min.js?cacheKey=gantry-1785440254:0
[    3963ms] [INFO] Jul-30 22:56:35.545 [API-Q] (T023EV54RR7) c891cfd1-1785444995.011 calendar.getInstalledCalendars is RESOLVED @ https://a.slack-edge.com/bv1-13-br/gantry-v2-shared.3421452a627674f7.min.js?cacheKey=gantry-1785440254:0
[    3965ms] [INFO] Jul-30 22:56:35.546 [API-Q] (T023EV54RR7) c891cfd1-1785444995.546 calendar.user.info called with reason: calendar-get-user-info @ https://a.slack-edge.com/bv1-13-br/gantry-v2-shared.3421452a627674f7.min.js?cacheKey=gantry-1785440254:0
[    3965ms] [INFO] Jul-30 22:56:35.547 [API-Q] (T023EV54RR7) c891cfd1-1785444995.546 calendar.user.info is ENQUEUED @ https://a.slack-edge.com/bv1-13-br/gantry-v2-shared.3421452a627674f7.min.js?cacheKey=gantry-1785440254:0
[    3966ms] [INFO] Jul-30 22:56:35.547 [API-Q] (T023EV54RR7) c891cfd1-1785444995.541 slackbot.mcp.list is ACTIVE @ https://a.slack-edge.com/bv1-13-br/gantry-v2-shared.3421452a627674f7.min.js?cacheKey=gantry-1785440254:0
[    3967ms] [INFO] Jul-30 22:56:35.548 [API-Q] (T023EV54RR7) c891cfd1-1785444995.327 dnd.info is RESOLVED @ https://a.slack-edge.com/bv1-13-br/gantry-v2-shared.3421452a627674f7.min.js?cacheKey=gantry-1785440254:0
[    3967ms] [INFO] Jul-30 22:56:35.549 [DND] (T023EV54RR7) Fetched DND info for the following member: U07DB40NK51 @ https://a.slack-edge.com/bv1-13-br/gantry-v2-shared.3421452a627674f7.min.js?cacheKey=gantry-1785440254:0
[    3970ms] [INFO] Jul-30 22:56:35.551 [DND_V2] (T023EV54RR7) Not setting a timer as all schedules are stale @ https://a.slack-edge.com/bv1-13-br/gantry-v2-shared.3421452a627674f7.min.js?cacheKey=gantry-1785440254:0
[    3970ms] [INFO] Jul-30 22:56:35.551 [API-Q] (T023EV54RR7) c891cfd1-1785444995.546 calendar.user.info is ACTIVE @ https://a.slack-edge.com/bv1-13-br/gantry-v2-shared.3421452a627674f7.min.js?cacheKey=gantry-1785440254:0
[    3983ms] [INFO] Jul-30 22:56:35.565 [PERSIST] Purged persisted models [] @ https://a.slack-edge.com/bv1-13-br/gantry-v2-shared.3421452a627674f7.min.js?cacheKey=gantry-1785440254:0
[    3986ms] [INFO] Jul-30 22:56:35.568 [BOOT] Client boot completed @ https://a.slack-edge.com/bv1-13-br/gantry-v2-shared.3421452a627674f7.min.js?cacheKey=gantry-1785440254:0
[    3994ms] [INFO] Jul-30 22:56:35.575 [RTM-EVENT-METRICS] Metrics collection sampling has been reset. @ https://a.slack-edge.com/bv1-13-br/gantry-v2-shared.3421452a627674f7.min.js?cacheKey=gantry-1785440254:0
[    3999ms] [WARNING] Jul-30 22:56:35.581 SERVICE-WORKER Found existing value for https://slack.com/fake-url-for-service-worker-item-storage/locales; Will overwrite value. @ https://a.slack-edge.com/bv1-13-br/gantry-v2-shared.3421452a627674f7.min.js?cacheKey=gantry-1785440254:0
[    3999ms] [INFO] Jul-30 22:56:35.581 [SERVICE-WORKER] Writing (["en-US"]) to Service Worker with key https://slack.com/fake-url-for-service-worker-item-storage/locales. @ https://a.slack-edge.com/bv1-13-br/gantry-v2-shared.3421452a627674f7.min.js?cacheKey=gantry-1785440254:0
[    4001ms] [INFO] Jul-30 22:56:35.582 [API-Q] (T023EV54RR7) c891cfd1-1785444995.328 help.issues.ticketStats is RESOLVED @ https://a.slack-edge.com/bv1-13-br/gantry-v2-shared.3421452a627674f7.min.js?cacheKey=gantry-1785440254:0
[    4002ms] [INFO] Jul-30 22:56:35.584 [API-Q] (T023EV54RR7) c891cfd1-1785444995.332 team.targetingCriteria is RESOLVED @ https://a.slack-edge.com/bv1-13-br/gantry-v2-shared.3421452a627674f7.min.js?cacheKey=gantry-1785440254:0
[    4004ms] [INFO] Jul-30 22:56:35.585 [API-Q] (T023EV54RR7) c891cfd1-1785444995.367 workflows.triggers.list is RESOLVED @ https://a.slack-edge.com/bv1-13-br/gantry-v2-shared.3421452a627674f7.min.js?cacheKey=gantry-1785440254:0
[    4022ms] [WARNING] Jul-30 22:56:35.603 AVDeviceService [AVDeviceService] [HEALTH] [avds_1785444994934] Invalid device list on attempt 1 (3 devices, none with valid IDs) @ https://a.slack-edge.com/bv1-13-br/gantry-v2-shared.3421452a627674f7.min.js?cacheKey=gantry-1785440254:0
[    4022ms] [INFO] Jul-30 22:56:35.604 [AVDEVICESERVICE] [AVDeviceService] [ACQUISITION] [avds_1785444994934] Retry attempt 1 for enumerateDevices with 500ms delay @ https://a.slack-edge.com/bv1-13-br/gantry-v2-shared.3421452a627674f7.min.js?cacheKey=gantry-1785440254:0
[    4067ms] [INFO] Jul-30 22:56:35.648 [SERVICE-WORKER] registration success {} @ https://a.slack-edge.com/bv1-13-br/gantry-v2-shared.3421452a627674f7.min.js?cacheKey=gantry-1785440254:0
[    4067ms] [INFO] Jul-30 22:56:35.648 [SERVICE-WORKER-STATE] initial activated @ https://a.slack-edge.com/bv1-13-br/gantry-v2-shared.3421452a627674f7.min.js?cacheKey=gantry-1785440254:0
[    4073ms] [INFO] Jul-30 22:56:35.655 [API-Q] (T023EV54RR7) c891cfd1-1785444995.380 onboarding.fetch is RESOLVED @ https://a.slack-edge.com/bv1-13-br/gantry-v2-shared.3421452a627674f7.min.js?cacheKey=gantry-1785440254:0
[    4096ms] [INFO] Jul-30 22:56:35.677 [API-Q] (T023EV54RR7) c891cfd1-1785444995.527 ublockworkaround.history is RESOLVED @ https://a.slack-edge.com/bv1-13-br/gantry-v2-shared.3421452a627674f7.min.js?cacheKey=gantry-1785440254:0
[    4096ms] [INFO] Jul-30 22:56:35.678 [EVENTLOG] (T023EV54RR7) nothing to process @ https://a.slack-edge.com/bv1-13-br/gantry-v2-shared.3421452a627674f7.min.js?cacheKey=gantry-1785440254:0
[    4097ms] [INFO] Jul-30 22:56:35.678 [EVENTLOG] (T023EV54RR7) fetched finish (aborted? false) @ https://a.slack-edge.com/bv1-13-br/gantry-v2-shared.3421452a627674f7.min.js?cacheKey=gantry-1785440254:0
[    4097ms] [INFO] Jul-30 22:56:35.678 [EVENTLOG] (T023EV54RR7) dispatching signal and clearing timestamp @ https://a.slack-edge.com/bv1-13-br/gantry-v2-shared.3421452a627674f7.min.js?cacheKey=gantry-1785440254:0
[    4097ms] [INFO] Jul-30 22:56:35.679 [API-Q] (T023EV54RR7) c891cfd1-1785444995.530 users.customStatus.list is RESOLVED @ https://a.slack-edge.com/bv1-13-br/gantry-v2-shared.3421452a627674f7.min.js?cacheKey=gantry-1785440254:0
[    4105ms] [INFO] Jul-30 22:56:35.687 [API-Q] (T023EV54RR7) c891cfd1-1785444995.546 calendar.user.info is RESOLVED @ https://a.slack-edge.com/bv1-13-br/gantry-v2-shared.3421452a627674f7.min.js?cacheKey=gantry-1785440254:0
[    4113ms] [INFO] Jul-30 22:56:35.694 [API-Q] (T023EV54RR7) c891cfd1-1785444995.539 feature.usage.info is RESOLVED @ https://a.slack-edge.com/bv1-13-br/gantry-v2-shared.3421452a627674f7.min.js?cacheKey=gantry-1785440254:0
[    4115ms] [INFO] Jul-30 22:56:35.696 [API-Q] (T023EV54RR7) c891cfd1-1785444995.696 conversations.listPrefs called with reason: client_redux_store @ https://a.slack-edge.com/bv1-13-br/gantry-v2-shared.3421452a627674f7.min.js?cacheKey=gantry-1785440254:0
[    4115ms] [INFO] Jul-30 22:56:35.696 [API-Q] (T023EV54RR7) c891cfd1-1785444995.696 conversations.listPrefs is ENQUEUED @ https://a.slack-edge.com/bv1-13-br/gantry-v2-shared.3421452a627674f7.min.js?cacheKey=gantry-1785440254:0
[    4115ms] [INFO] Jul-30 22:56:35.697 [API-Q] (T023EV54RR7) c891cfd1-1785444995.696 conversations.listPrefs is ACTIVE @ https://a.slack-edge.com/bv1-13-br/gantry-v2-shared.3421452a627674f7.min.js?cacheKey=gantry-1785440254:0
[    4117ms] [INFO] Jul-30 22:56:35.698 [API-Q] (T023EV54RR7) noversion-1785444995.698 Flannel users/counts called with reason: flannel-call:users/counts @ https://a.slack-edge.com/bv1-13-br/gantry-v2-shared.3421452a627674f7.min.js?cacheKey=gantry-1785440254:0
[    4117ms] [INFO] Jul-30 22:56:35.698 [API-Q] (T023EV54RR7) noversion-1785444995.698 Flannel users/counts is ENQUEUED @ https://a.slack-edge.com/bv1-13-br/gantry-v2-shared.3421452a627674f7.min.js?cacheKey=gantry-1785440254:0
[    4117ms] [INFO] Jul-30 22:56:35.699 [API-Q] (T023EV54RR7) noversion-1785444995.698 Flannel users/counts is ACTIVE @ https://a.slack-edge.com/bv1-13-br/gantry-v2-shared.3421452a627674f7.min.js?cacheKey=gantry-1785440254:0
[    4123ms] [INFO] Jul-30 22:56:35.705 [API-Q] (T023EV54RR7) c891cfd1-1785444995.541 slackbot.mcp.list is RESOLVED @ https://a.slack-edge.com/bv1-13-br/gantry-v2-shared.3421452a627674f7.min.js?cacheKey=gantry-1785440254:0
[    4151ms] [INFO] Jul-30 22:56:35.732 [API-Q] (T023EV54RR7) noversion-1785444995.698 Flannel users/counts is RESOLVED @ https://a.slack-edge.com/bv1-13-br/gantry-v2-shared.3421452a627674f7.min.js?cacheKey=gantry-1785440254:0
[    4159ms] [INFO] Jul-30 22:56:35.741 [API-Q] (T023EV54RR7) c891cfd1-1785444995.740 files.info called with reason: files-store.ConditionalFetchManager.fetch @ https://a.slack-edge.com/bv1-13-br/gantry-v2-shared.3421452a627674f7.min.js?cacheKey=gantry-1785440254:0
[    4159ms] [INFO] Jul-30 22:56:35.741 [API-Q] (T023EV54RR7) c891cfd1-1785444995.740 files.info is ENQUEUED @ https://a.slack-edge.com/bv1-13-br/gantry-v2-shared.3421452a627674f7.min.js?cacheKey=gantry-1785440254:0
[    4160ms] [INFO] Jul-30 22:56:35.741 [API-Q] (T023EV54RR7) c891cfd1-1785444995.740 files.info is ACTIVE @ https://a.slack-edge.com/bv1-13-br/gantry-v2-shared.3421452a627674f7.min.js?cacheKey=gantry-1785440254:0
[    4166ms] [INFO] Jul-30 22:56:35.747 [UFM-PERMISSIONS] (T023EV54RR7) requesting CAN_AT_CHANNEL,CAN_AT_EVERYONE,ARCHIVE_CHANNEL (1) @ https://a.slack-edge.com/bv1-13-br/gantry-v2-shared.3421452a627674f7.min.js?cacheKey=gantry-1785440254:0
[    4166ms] [INFO] Jul-30 22:56:35.747 [API-Q] (T023EV54RR7) noversion-1785444995.747 Flannel permissions/info called with reason: flannel-call:permissions/info @ https://a.slack-edge.com/bv1-13-br/gantry-v2-shared.3421452a627674f7.min.js?cacheKey=gantry-1785440254:0
[    4166ms] [INFO] Jul-30 22:56:35.748 [API-Q] (T023EV54RR7) noversion-1785444995.747 Flannel permissions/info is ENQUEUED @ https://a.slack-edge.com/bv1-13-br/gantry-v2-shared.3421452a627674f7.min.js?cacheKey=gantry-1785440254:0
[    4167ms] [INFO] Jul-30 22:56:35.748 [API-Q] (T023EV54RR7) noversion-1785444995.747 Flannel permissions/info is ACTIVE @ https://a.slack-edge.com/bv1-13-br/gantry-v2-shared.3421452a627674f7.min.js?cacheKey=gantry-1785440254:0
[    4209ms] [INFO] Jul-30 22:56:35.790 [DRAFTS] (T023EV54RR7) There are no channels with drafts @ https://a.slack-edge.com/bv1-13-br/gantry-v2-shared.3421452a627674f7.min.js?cacheKey=gantry-1785440254:0
[    4210ms] [INFO] Jul-30 22:56:35.791 [BOOT] (T023EV54RR7) Beaconed client boot mount success @ https://a.slack-edge.com/bv1-13-br/gantry-v2-shared.3421452a627674f7.min.js?cacheKey=gantry-1785440254:0
[    4211ms] [INFO] Jul-30 22:56:35.792 [API-Q] (T023EV54RR7) c891cfd1-1785444995.792 sharedInvites.canGetLink called with reason: sidebar-mount @ https://a.slack-edge.com/bv1-13-br/gantry-v2-shared.3421452a627674f7.min.js?cacheKey=gantry-1785440254:0
[    4212ms] [INFO] Jul-30 22:56:35.793 [API-Q] (T023EV54RR7) c891cfd1-1785444995.792 sharedInvites.canGetLink is ENQUEUED @ https://a.slack-edge.com/bv1-13-br/gantry-v2-shared.3421452a627674f7.min.js?cacheKey=gantry-1785440254:0
[    4234ms] [INFO] Jul-30 22:56:35.815 [API-Q] (T023EV54RR7) c891cfd1-1785444995.815 users.interactions.list called with reason: ai_workspace_resource_tab_coachmark @ https://a.slack-edge.com/bv1-13-br/gantry-v2-shared.3421452a627674f7.min.js?cacheKey=gantry-1785440254:0
[    4234ms] [INFO] Jul-30 22:56:35.816 [API-Q] (T023EV54RR7) c891cfd1-1785444995.815 users.interactions.list is ENQUEUED @ https://a.slack-edge.com/bv1-13-br/gantry-v2-shared.3421452a627674f7.min.js?cacheKey=gantry-1785440254:0
[    4244ms] [INFO] Jul-30 22:56:35.826 [ALLTHREADSROWELEMENT] (T023EV54RR7) From channel badges count, has unreads: false with badge count: 0 @ https://a.slack-edge.com/bv1-13-br/gantry-v2-shared.3421452a627674f7.min.js?cacheKey=gantry-1785440254:0
[    4413ms] [INFO] Jul-30 22:56:35.994 [HISTORY-FETCH] (T023EV54RR7) Fetching history for message pane: C023EV55AGH oldest: 1784011993.061129 latest: null @ https://a.slack-edge.com/bv1-13-br/gantry-v2-shared.3421452a627674f7.min.js?cacheKey=gantry-1785440254:0
[    4415ms] [INFO] Jul-30 22:56:35.996 [API-Q] (T023EV54RR7) c891cfd1-1785444995.996 conversations.history called with reason: message-pane/requestHistory @ https://a.slack-edge.com/bv1-13-br/gantry-v2-shared.3421452a627674f7.min.js?cacheKey=gantry-1785440254:0
[    4416ms] [INFO] Jul-30 22:56:35.997 [API-Q] (T023EV54RR7) c891cfd1-1785444995.996 conversations.history is ENQUEUED @ https://a.slack-edge.com/bv1-13-br/gantry-v2-shared.3421452a627674f7.min.js?cacheKey=gantry-1785440254:0
[    4442ms] [INFO] Jul-30 22:56:36.024 [API-Q] (T023EV54RR7) noversion-1785444996.024 Flannel users/list called with reason: flannel-call:users/list @ https://a.slack-edge.com/bv1-13-br/gantry-v2-shared.3421452a627674f7.min.js?cacheKey=gantry-1785440254:0
[    4442ms] [INFO] Jul-30 22:56:36.024 [API-Q] (T023EV54RR7) noversion-1785444996.024 Flannel users/list is ENQUEUED @ https://a.slack-edge.com/bv1-13-br/gantry-v2-shared.3421452a627674f7.min.js?cacheKey=gantry-1785440254:0
[    4443ms] [INFO] Jul-30 22:56:36.024 [API-Q] (T023EV54RR7) noversion-1785444996.024 Flannel permissions/info called with reason: flannel-call:permissions/info @ https://a.slack-edge.com/bv1-13-br/gantry-v2-shared.3421452a627674f7.min.js?cacheKey=gantry-1785440254:0
[    4443ms] [INFO] Jul-30 22:56:36.025 [API-Q] (T023EV54RR7) noversion-1785444996.024 Flannel permissions/info is ENQUEUED @ https://a.slack-edge.com/bv1-13-br/gantry-v2-shared.3421452a627674f7.min.js?cacheKey=gantry-1785440254:0
[    4445ms] [INFO] Jul-30 22:56:36.026 [API-Q] (T023EV54RR7) c891cfd1-1785444995.792 sharedInvites.canGetLink is ACTIVE @ https://a.slack-edge.com/bv1-13-br/gantry-v2-shared.3421452a627674f7.min.js?cacheKey=gantry-1785440254:0
[    4445ms] [INFO] Jul-30 22:56:36.026 [API-Q] (T023EV54RR7) c891cfd1-1785444995.815 users.interactions.list is ACTIVE @ https://a.slack-edge.com/bv1-13-br/gantry-v2-shared.3421452a627674f7.min.js?cacheKey=gantry-1785440254:0
[    4446ms] [INFO] Jul-30 22:56:36.027 [API-Q] (T023EV54RR7) c891cfd1-1785444995.996 conversations.history is ACTIVE @ https://a.slack-edge.com/bv1-13-br/gantry-v2-shared.3421452a627674f7.min.js?cacheKey=gantry-1785440254:0
[    4446ms] [INFO] Jul-30 22:56:36.027 [API-Q] (T023EV54RR7) noversion-1785444996.024 Flannel users/list is ACTIVE @ https://a.slack-edge.com/bv1-13-br/gantry-v2-shared.3421452a627674f7.min.js?cacheKey=gantry-1785440254:0
[    4446ms] [INFO] Jul-30 22:56:36.028 [API-Q] (T023EV54RR7) noversion-1785444996.024 Flannel permissions/info is ACTIVE @ https://a.slack-edge.com/bv1-13-br/gantry-v2-shared.3421452a627674f7.min.js?cacheKey=gantry-1785440254:0
[    4459ms] [INFO] Jul-30 22:56:36.040 [MESSAGE-LIST] (T023EV54RR7) componentWillReceiveProps isLoading: true isLoadingOlder: false timestamps: 28 @ https://a.slack-edge.com/bv1-13-br/gantry-v2-shared.3421452a627674f7.min.js?cacheKey=gantry-1785440254:0
[    4462ms] [INFO] Jul-30 22:56:36.043 [CHECK-UNREADS] (T023EV54RR7) unreadLineVisible updated in main window container primary: undefined -> false @ https://a.slack-edge.com/bv1-13-br/gantry-v2-shared.3421452a627674f7.min.js?cacheKey=gantry-1785440254:0
[    4473ms] [INFO] Jul-30 22:56:36.055 [API-Q] (T023EV54RR7) noversion-1785444995.747 Flannel permissions/info is RESOLVED @ https://a.slack-edge.com/bv1-13-br/gantry-v2-shared.3421452a627674f7.min.js?cacheKey=gantry-1785440254:0
[    4474ms] [INFO] Jul-30 22:56:36.055 [UFM-PERMISSIONS] (T023EV54RR7) received CAN_AT_CHANNEL,CAN_AT_EVERYONE,ARCHIVE_CHANNEL (1) @ https://a.slack-edge.com/bv1-13-br/gantry-v2-shared.3421452a627674f7.min.js?cacheKey=gantry-1785440254:0
[    4476ms] [INFO] Jul-30 22:56:36.058 [API-Q] (T023EV54RR7) c891cfd1-1785444996.057 bookmarks.list called with reason: bookmarks-store/conditional-fetching @ https://a.slack-edge.com/bv1-13-br/gantry-v2-shared.3421452a627674f7.min.js?cacheKey=gantry-1785440254:0
[    4476ms] [INFO] Jul-30 22:56:36.058 [API-Q] (T023EV54RR7) c891cfd1-1785444996.057 bookmarks.list is ENQUEUED @ https://a.slack-edge.com/bv1-13-br/gantry-v2-shared.3421452a627674f7.min.js?cacheKey=gantry-1785440254:0
[    4477ms] [INFO] Jul-30 22:56:36.058 [API-Q] (T023EV54RR7) c891cfd1-1785444996.057 bookmarks.list is ACTIVE @ https://a.slack-edge.com/bv1-13-br/gantry-v2-shared.3421452a627674f7.min.js?cacheKey=gantry-1785440254:0
[    4477ms] [INFO] Jul-30 22:56:36.059 [UFM] (T023EV54RR7) requesting Pslackbot-ai,C04LNTEFX6X,D0B9WCNHRDG,C0B4FT50MRN,D07DDMHU3N0,D07CWLB1BQF,D07E015C0MN,D0B5PJ7QBLL,D0BMT4F1SL8 (1) @ https://a.slack-edge.com/bv1-13-br/gantry-v2-shared.3421452a627674f7.min.js?cacheKey=gantry-1785440254:0
[    4478ms] [INFO] Jul-30 22:56:36.059 [API-Q] (T023EV54RR7) noversion-1785444996.059 Flannel huddles/info called with reason: flannel-call:huddles/info @ https://a.slack-edge.com/bv1-13-br/gantry-v2-shared.3421452a627674f7.min.js?cacheKey=gantry-1785440254:0
[    4478ms] [INFO] Jul-30 22:56:36.059 [API-Q] (T023EV54RR7) noversion-1785444996.059 Flannel huddles/info is ENQUEUED @ https://a.slack-edge.com/bv1-13-br/gantry-v2-shared.3421452a627674f7.min.js?cacheKey=gantry-1785440254:0
[    4478ms] [INFO] Jul-30 22:56:36.060 [API-Q] (T023EV54RR7) noversion-1785444996.059 Flannel huddles/info is ACTIVE @ https://a.slack-edge.com/bv1-13-br/gantry-v2-shared.3421452a627674f7.min.js?cacheKey=gantry-1785440254:0
[    4478ms] [INFO] Jul-30 22:56:36.060 [DND_V2] (T023EV54RR7) fetchAndUpsertDndForUsers - Preparing to fetch DND times for the following members: U03VCUX8XEG,U069V2P34QZ,U03G9QDHTAN @ https://a.slack-edge.com/bv1-13-br/gantry-v2-shared.3421452a627674f7.min.js?cacheKey=gantry-1785440254:0
[    4479ms] [INFO] Jul-30 22:56:36.060 [API-Q] (T023EV54RR7) c891cfd1-1785444996.060 dnd.teamInfo called with reason: fetchAndUpsertDndForUsers-getDndTimesFor:others @ https://a.slack-edge.com/bv1-13-br/gantry-v2-shared.3421452a627674f7.min.js?cacheKey=gantry-1785440254:0
[    4479ms] [INFO] Jul-30 22:56:36.061 [API-Q] (T023EV54RR7) c891cfd1-1785444996.060 dnd.teamInfo is ENQUEUED @ https://a.slack-edge.com/bv1-13-br/gantry-v2-shared.3421452a627674f7.min.js?cacheKey=gantry-1785440254:0
[    4480ms] [INFO] Jul-30 22:56:36.061 [API-Q] (T023EV54RR7) c891cfd1-1785444995.696 conversations.listPrefs is RESOLVED @ https://a.slack-edge.com/bv1-13-br/gantry-v2-shared.3421452a627674f7.min.js?cacheKey=gantry-1785440254:0
[    4482ms] [INFO] Jul-30 22:56:36.063 [API-Q] (T023EV54RR7) c891cfd1-1785444996.060 dnd.teamInfo is ACTIVE @ https://a.slack-edge.com/bv1-13-br/gantry-v2-shared.3421452a627674f7.min.js?cacheKey=gantry-1785440254:0
[    4484ms] [INFO] Jul-30 22:56:36.065 [API-Q] (T023EV54RR7) noversion-1785444996.065 Flannel users/info called with reason: flannel-call:users/info @ https://a.slack-edge.com/bv1-13-br/gantry-v2-shared.3421452a627674f7.min.js?cacheKey=gantry-1785440254:0
[    4484ms] [INFO] Jul-30 22:56:36.065 [API-Q] (T023EV54RR7) noversion-1785444996.065 Flannel users/info is ENQUEUED @ https://a.slack-edge.com/bv1-13-br/gantry-v2-shared.3421452a627674f7.min.js?cacheKey=gantry-1785440254:0
[    4484ms] [INFO] Jul-30 22:56:36.066 [UFM-REACJITRIGGERS] (T023EV54RR7) requesting C023EV55AGH (1) @ https://a.slack-edge.com/bv1-13-br/gantry-v2-shared.3421452a627674f7.min.js?cacheKey=gantry-1785440254:0
[    4485ms] [INFO] Jul-30 22:56:36.066 [API-Q] (T023EV54RR7) c891cfd1-1785444996.066 conversations.bulkReacjiTriggers called with reason: reacji_triggers_ufm @ https://a.slack-edge.com/bv1-13-br/gantry-v2-shared.3421452a627674f7.min.js?cacheKey=gantry-1785440254:0
[    4485ms] [INFO] Jul-30 22:56:36.067 [API-Q] (T023EV54RR7) c891cfd1-1785444996.066 conversations.bulkReacjiTriggers is ENQUEUED @ https://a.slack-edge.com/bv1-13-br/gantry-v2-shared.3421452a627674f7.min.js?cacheKey=gantry-1785440254:0
[    4486ms] [INFO] Jul-30 22:56:36.068 [API-Q] (T023EV54RR7) c891cfd1-1785444996.067 saved.list called with reason: saved-api/savedList @ https://a.slack-edge.com/bv1-13-br/gantry-v2-shared.3421452a627674f7.min.js?cacheKey=gantry-1785440254:0
[    4486ms] [INFO] Jul-30 22:56:36.068 [API-Q] (T023EV54RR7) c891cfd1-1785444996.067 saved.list is ENQUEUED @ https://a.slack-edge.com/bv1-13-br/gantry-v2-shared.3421452a627674f7.min.js?cacheKey=gantry-1785440254:0
[    4487ms] [INFO] Jul-30 22:56:36.069 [API-Q] (T023EV54RR7) c891cfd1-1785444995.740 files.info is RESOLVED @ https://a.slack-edge.com/bv1-13-br/gantry-v2-shared.3421452a627674f7.min.js?cacheKey=gantry-1785440254:0
[    4489ms] [INFO] Jul-30 22:56:36.070 [API-Q] (T023EV54RR7) noversion-1785444996.065 Flannel users/info is ACTIVE @ https://a.slack-edge.com/bv1-13-br/gantry-v2-shared.3421452a627674f7.min.js?cacheKey=gantry-1785440254:0
[    4506ms] [INFO] Jul-30 22:56:36.087 [API-Q] (T023EV54RR7) noversion-1785444996.087 Flannel users/counts called with reason: flannel-call:users/counts @ https://a.slack-edge.com/bv1-13-br/gantry-v2-shared.3421452a627674f7.min.js?cacheKey=gantry-1785440254:0
[    4506ms] [INFO] Jul-30 22:56:36.087 [API-Q] (T023EV54RR7) noversion-1785444996.087 Flannel users/counts is ENQUEUED @ https://a.slack-edge.com/bv1-13-br/gantry-v2-shared.3421452a627674f7.min.js?cacheKey=gantry-1785440254:0
[    4506ms] [INFO] Jul-30 22:56:36.088 [API-Q] (T023EV54RR7) noversion-1785444996.088 Flannel users/counts called with reason: flannel-call:users/counts @ https://a.slack-edge.com/bv1-13-br/gantry-v2-shared.3421452a627674f7.min.js?cacheKey=gantry-1785440254:0
[    4506ms] [INFO] Jul-30 22:56:36.088 [API-Q] (T023EV54RR7) noversion-1785444996.088 Flannel users/counts is ENQUEUED @ https://a.slack-edge.com/bv1-13-br/gantry-v2-shared.3421452a627674f7.min.js?cacheKey=gantry-1785440254:0
[    4507ms] [INFO] Jul-30 22:56:36.089 [API-Q] (T023EV54RR7) noversion-1785444996.089 Flannel channels/membership called with reason: flannel-call:channels/membership @ https://a.slack-edge.com/bv1-13-br/gantry-v2-shared.3421452a627674f7.min.js?cacheKey=gantry-1785440254:0
[    4507ms] [INFO] Jul-30 22:56:36.089 [API-Q] (T023EV54RR7) noversion-1785444996.089 Flannel channels/membership is ENQUEUED @ https://a.slack-edge.com/bv1-13-br/gantry-v2-shared.3421452a627674f7.min.js?cacheKey=gantry-1785440254:0
[    4544ms] [INFO] Jul-30 22:56:36.125 [API-Q] (T023EV54RR7) noversion-1785444996.024 Flannel users/list is RESOLVED @ https://a.slack-edge.com/bv1-13-br/gantry-v2-shared.3421452a627674f7.min.js?cacheKey=gantry-1785440254:0
[    4548ms] [INFO] Jul-30 22:56:36.130 [API-Q] (T023EV54RR7) noversion-1785444996.089 Flannel channels/membership is ACTIVE @ https://a.slack-edge.com/bv1-13-br/gantry-v2-shared.3421452a627674f7.min.js?cacheKey=gantry-1785440254:0
[    4549ms] [ERROR] Failed to load resource: the server responded with a status of 429 () @ https://slack-imgs.com/?c=1&o1=wi32.he32.si&url=https%3A%2F%2Foctomind.dev%2Ffavicon.png:0
[    4549ms] [INFO] Jul-30 22:56:36.131 [API-Q] (T023EV54RR7) noversion-1785444996.024 Flannel permissions/info is RESOLVED @ https://a.slack-edge.com/bv1-13-br/gantry-v2-shared.3421452a627674f7.min.js?cacheKey=gantry-1785440254:0
[    4551ms] [INFO] Jul-30 22:56:36.132 [API-Q] (T023EV54RR7) noversion-1785444996.088 Flannel users/counts is ACTIVE @ https://a.slack-edge.com/bv1-13-br/gantry-v2-shared.3421452a627674f7.min.js?cacheKey=gantry-1785440254:0
[    4552ms] [INFO] Jul-30 22:56:36.133 [API-Q] (T023EV54RR7) noversion-1785444996.059 Flannel huddles/info is RESOLVED @ https://a.slack-edge.com/bv1-13-br/gantry-v2-shared.3421452a627674f7.min.js?cacheKey=gantry-1785440254:0
[    4552ms] [INFO] Jul-30 22:56:36.134 [API-Q] (T023EV54RR7) noversion-1785444996.087 Flannel users/counts is ACTIVE @ https://a.slack-edge.com/bv1-13-br/gantry-v2-shared.3421452a627674f7.min.js?cacheKey=gantry-1785440254:0
[    4553ms] [INFO] Jul-30 22:56:36.134 [UFM] (T023EV54RR7) received Pslackbot-ai,C04LNTEFX6X,D0B9WCNHRDG,C0B4FT50MRN,D07DDMHU3N0,D07CWLB1BQF,D07E015C0MN,D0B5PJ7QBLL,D0BMT4F1SL8 (1) @ https://a.slack-edge.com/bv1-13-br/gantry-v2-shared.3421452a627674f7.min.js?cacheKey=gantry-1785440254:0
[    4554ms] [WARNING] Jul-30 22:56:36.135 UFM (T023EV54RR7) UnknownFetchManager requested 9 objects but received 8. Missing objects: Pslackbot-ai @ https://a.slack-edge.com/bv1-13-br/gantry-v2-shared.3421452a627674f7.min.js?cacheKey=gantry-1785440254:0
[    4556ms] [INFO] Jul-30 22:56:36.137 [API-Q] (T023EV54RR7) noversion-1785444996.065 Flannel users/info is RESOLVED @ https://a.slack-edge.com/bv1-13-br/gantry-v2-shared.3421452a627674f7.min.js?cacheKey=gantry-1785440254:0
[    4557ms] [INFO] Jul-30 22:56:36.138 [API-Q] (T023EV54RR7) c891cfd1-1785444996.066 conversations.bulkReacjiTriggers is ACTIVE @ https://a.slack-edge.com/bv1-13-br/gantry-v2-shared.3421452a627674f7.min.js?cacheKey=gantry-1785440254:0
[    4605ms] [ERROR] Failed to load resource: the server responded with a status of 429 () @ https://slack-imgs.com/?c=1&o1=ro&url=https%3A%2F%2Fassets.octomind.dev%2Fpreview.webp:0
[    4616ms] [INFO] Jul-30 22:56:36.198 [API-Q] (T023EV54RR7) noversion-1785444996.088 Flannel users/counts is RESOLVED @ https://a.slack-edge.com/bv1-13-br/gantry-v2-shared.3421452a627674f7.min.js?cacheKey=gantry-1785440254:0
[    4618ms] [INFO] Jul-30 22:56:36.199 [API-Q] (T023EV54RR7) c891cfd1-1785444996.067 saved.list is ACTIVE @ https://a.slack-edge.com/bv1-13-br/gantry-v2-shared.3421452a627674f7.min.js?cacheKey=gantry-1785440254:0
[    4619ms] [INFO] Jul-30 22:56:36.200 [API-Q] (T023EV54RR7) noversion-1785444996.089 Flannel channels/membership is RESOLVED @ https://a.slack-edge.com/bv1-13-br/gantry-v2-shared.3421452a627674f7.min.js?cacheKey=gantry-1785440254:0
[    4626ms] [INFO] Jul-30 22:56:36.207 [API-Q] (T023EV54RR7) noversion-1785444996.087 Flannel users/counts is RESOLVED @ https://a.slack-edge.com/bv1-13-br/gantry-v2-shared.3421452a627674f7.min.js?cacheKey=gantry-1785440254:0
[    4628ms] [INFO] Jul-30 22:56:36.210 [API-Q] (T023EV54RR7) c891cfd1-1785444995.792 sharedInvites.canGetLink is RESOLVED @ https://a.slack-edge.com/bv1-13-br/gantry-v2-shared.3421452a627674f7.min.js?cacheKey=gantry-1785440254:0
[    4630ms] [INFO] Jul-30 22:56:36.211 [API-Q] (T023EV54RR7) c891cfd1-1785444995.815 users.interactions.list is RESOLVED @ https://a.slack-edge.com/bv1-13-br/gantry-v2-shared.3421452a627674f7.min.js?cacheKey=gantry-1785440254:0
[    4631ms] [INFO] Jul-30 22:56:36.212 [API-Q] (T023EV54RR7) c891cfd1-1785444995.996 conversations.history is RESOLVED @ https://a.slack-edge.com/bv1-13-br/gantry-v2-shared.3421452a627674f7.min.js?cacheKey=gantry-1785440254:0
[    4632ms] [INFO] Jul-30 22:56:36.214 [PLATFORM-CHANNEL-ACTI] (T023EV54RR7) Not updating count for channel C023EV55AGH, as count was already set to 0 @ https://a.slack-edge.com/bv1-13-br/gantry-v2-shared.3421452a627674f7.min.js?cacheKey=gantry-1785440254:0
[    4634ms] [INFO] Jul-30 22:56:36.215 [PINS] (T023EV54RR7) Pins count updated for channel C023EV55AGH: 0 @ https://a.slack-edge.com/bv1-13-br/gantry-v2-shared.3421452a627674f7.min.js?cacheKey=gantry-1785440254:0
[    4635ms] [INFO] Jul-30 22:56:36.217 [CHECK-UNREADS] (T023EV54RR7) Not marking C023EV55AGH because last_read >= latest && channel is read @ https://a.slack-edge.com/bv1-13-br/gantry-v2-shared.3421452a627674f7.min.js?cacheKey=gantry-1785440254:0
[    4654ms] [INFO] Jul-30 22:56:36.235 [MESSAGE-LIST] (T023EV54RR7) componentWillReceiveProps isLoading: false isLoadingOlder: false timestamps: 28 @ https://a.slack-edge.com/bv1-13-br/gantry-v2-shared.3421452a627674f7.min.js?cacheKey=gantry-1785440254:0
[    5236ms] [INFO] Jul-30 22:56:36.817 [CHECK-UNREADS] (T023EV54RR7) unreadLineVisible updated in main window container primary: false -> true @ https://a.slack-edge.com/bv1-13-br/gantry-v2-shared.3421452a627674f7.min.js?cacheKey=gantry-1785440254:0
[    5450ms] [WARNING] Jul-30 22:56:37.032 AVDeviceService [AVDeviceService] [HEALTH] [avds_1785444994934] Invalid device list on attempt 2 (3 devices, none with valid IDs) @ https://a.slack-edge.com/bv1-13-br/gantry-v2-shared.3421452a627674f7.min.js?cacheKey=gantry-1785440254:0
[    5450ms] [INFO] Jul-30 22:56:37.032 [AVDEVICESERVICE] [AVDeviceService] [ACQUISITION] [avds_1785444994934] Retry attempt 2 for enumerateDevices with 750ms delay @ https://a.slack-edge.com/bv1-13-br/gantry-v2-shared.3421452a627674f7.min.js?cacheKey=gantry-1785440254:0
[    5452ms] [INFO] Jul-30 22:56:37.034 [API-Q] (T023EV54RR7) c891cfd1-1785444996.057 bookmarks.list is RESOLVED @ https://a.slack-edge.com/bv1-13-br/gantry-v2-shared.3421452a627674f7.min.js?cacheKey=gantry-1785440254:0
[    5494ms] [INFO] Jul-30 22:56:37.075 [API-Q] (T023EV54RR7) c891cfd1-1785444996.060 dnd.teamInfo is RESOLVED @ https://a.slack-edge.com/bv1-13-br/gantry-v2-shared.3421452a627674f7.min.js?cacheKey=gantry-1785440254:0
[    5495ms] [INFO] Jul-30 22:56:37.076 [DND] (T023EV54RR7) Fetched DND info for the following members: U03VCUX8XEG,U069V2P34QZ,U03G9QDHTAN @ https://a.slack-edge.com/bv1-13-br/gantry-v2-shared.3421452a627674f7.min.js?cacheKey=gantry-1785440254:0
[    5498ms] [INFO] Jul-30 22:56:37.079 [DND_V2] (T023EV54RR7) Will check for changes in DND status again in 5 minutes @ https://a.slack-edge.com/bv1-13-br/gantry-v2-shared.3421452a627674f7.min.js?cacheKey=gantry-1785440254:0
[    5500ms] [INFO] Jul-30 22:56:37.081 [API-Q] (T023EV54RR7) noversion-1785444997.081 Flannel users/list called with reason: flannel-call:users/list @ https://a.slack-edge.com/bv1-13-br/gantry-v2-shared.3421452a627674f7.min.js?cacheKey=gantry-1785440254:0
[    5500ms] [INFO] Jul-30 22:56:37.082 [API-Q] (T023EV54RR7) noversion-1785444997.081 Flannel users/list is ENQUEUED @ https://a.slack-edge.com/bv1-13-br/gantry-v2-shared.3421452a627674f7.min.js?cacheKey=gantry-1785440254:0
[    5501ms] [INFO] Jul-30 22:56:37.083 [API-Q] (T023EV54RR7) noversion-1785444997.081 Flannel users/list is ACTIVE @ https://a.slack-edge.com/bv1-13-br/gantry-v2-shared.3421452a627674f7.min.js?cacheKey=gantry-1785440254:0
[    5504ms] [INFO] Jul-30 22:56:37.086 [API-Q] (T023EV54RR7) c891cfd1-1785444996.066 conversations.bulkReacjiTriggers is RESOLVED @ https://a.slack-edge.com/bv1-13-br/gantry-v2-shared.3421452a627674f7.min.js?cacheKey=gantry-1785440254:0
[    5505ms] [INFO] Jul-30 22:56:37.087 [UFM-REACJITRIGGERS] (T023EV54RR7) received C023EV55AGH (1) @ https://a.slack-edge.com/bv1-13-br/gantry-v2-shared.3421452a627674f7.min.js?cacheKey=gantry-1785440254:0
[    5508ms] [INFO] Jul-30 22:56:37.090 [API-Q] (T023EV54RR7) c891cfd1-1785444994.999 aiApps.list is RESOLVED @ https://a.slack-edge.com/bv1-13-br/gantry-v2-shared.3421452a627674f7.min.js?cacheKey=gantry-1785440254:0
[    5563ms] [INFO] Jul-30 22:56:37.144 [API-Q] (T023EV54RR7) noversion-1785444997.144 Flannel channels/membership called with reason: flannel-call:channels/membership @ https://a.slack-edge.com/bv1-13-br/gantry-v2-shared.3421452a627674f7.min.js?cacheKey=gantry-1785440254:0
[    5564ms] [INFO] Jul-30 22:56:37.145 [API-Q] (T023EV54RR7) noversion-1785444997.144 Flannel channels/membership is ENQUEUED @ https://a.slack-edge.com/bv1-13-br/gantry-v2-shared.3421452a627674f7.min.js?cacheKey=gantry-1785440254:0
[    5564ms] [INFO] Jul-30 22:56:37.146 [API-Q] (T023EV54RR7) noversion-1785444997.144 Flannel channels/membership is ACTIVE @ https://a.slack-edge.com/bv1-13-br/gantry-v2-shared.3421452a627674f7.min.js?cacheKey=gantry-1785440254:0
[    5569ms] [INFO] Jul-30 22:56:37.150 [API-Q] (T023EV54RR7) c891cfd1-1785444996.067 saved.list is RESOLVED @ https://a.slack-edge.com/bv1-13-br/gantry-v2-shared.3421452a627674f7.min.js?cacheKey=gantry-1785440254:0
[    5619ms] [INFO] Jul-30 22:56:37.200 [API-Q] (T023EV54RR7) noversion-1785444997.081 Flannel users/list is RESOLVED @ https://a.slack-edge.com/bv1-13-br/gantry-v2-shared.3421452a627674f7.min.js?cacheKey=gantry-1785440254:0
[    5627ms] [INFO] Jul-30 22:56:37.209 [API-Q] (T023EV54RR7) noversion-1785444997.144 Flannel channels/membership is RESOLVED @ https://a.slack-edge.com/bv1-13-br/gantry-v2-shared.3421452a627674f7.min.js?cacheKey=gantry-1785440254:0
[    5759ms] [INFO] Jul-30 22:56:37.340 [CHECK-UNREADS] (T023EV54RR7) Checking unreads after unread line became visible @ https://a.slack-edge.com/bv1-13-br/gantry-v2-shared.3421452a627674f7.min.js?cacheKey=gantry-1785440254:0
[    5759ms] [INFO] Jul-30 22:56:37.340 [CHECK-UNREADS] (T023EV54RR7) Not marking C023EV55AGH because last_read >= latest && channel is read @ https://a.slack-edge.com/bv1-13-br/gantry-v2-shared.3421452a627674f7.min.js?cacheKey=gantry-1785440254:0
[    5770ms] [INFO] Jul-30 22:56:37.351 [PERSIST] (T023EV54RR7) Successfully persisted state @ https://a.slack-edge.com/bv1-13-br/gantry-v2-shared.3421452a627674f7.min.js?cacheKey=gantry-1785440254:0
[    6203ms] [WARNING] Jul-30 22:56:37.785 AVDeviceService [AVDeviceService] [HEALTH] [avds_1785444994934] Invalid device list on attempt 3 (3 devices, none with valid IDs) @ https://a.slack-edge.com/bv1-13-br/gantry-v2-shared.3421452a627674f7.min.js?cacheKey=gantry-1785440254:0
[    6204ms] [INFO] Jul-30 22:56:37.785 [AVDEVICESERVICE] [AVDeviceService] [ACQUISITION] [avds_1785444994934] Retry attempt 3 for enumerateDevices with 1000ms delay @ https://a.slack-edge.com/bv1-13-br/gantry-v2-shared.3421452a627674f7.min.js?cacheKey=gantry-1785440254:0
[    7206ms] [WARNING] Jul-30 22:56:38.788 AVDeviceService [AVDeviceService] [HEALTH] [avds_1785444994934] Invalid device list on attempt 4 (3 devices, none with valid IDs) @ https://a.slack-edge.com/bv1-13-br/gantry-v2-shared.3421452a627674f7.min.js?cacheKey=gantry-1785440254:0
[    7207ms] [ERROR] Jul-30 22:56:38.788 AVDeviceService (?) [AVDeviceService] [ACQUISITION] [avds_1785444994934] Failed to get valid device list after 4 attempts @ https://a.slack-edge.com/bv1-13-br/gantry-v2-shared.3421452a627674f7.min.js?cacheKey=gantry-1785440254:0
[    7208ms] [INFO] Jul-30 22:56:38.789 [AVDEVICESERVICE] [AVDeviceService] [DEVICE_LIST] [avds_1785444994934] Enumerated 3 devices (deviceCount=3, devices=audioinput: "", videoinput: "", audiooutput: "") @ https://a.slack-edge.com/bv1-13-br/gantry-v2-shared.3421452a627674f7.min.js?cacheKey=gantry-1785440254:0
[    7208ms] [INFO] Jul-30 22:56:38.790 [DEVICE-PREFS] Device list validation result: false @ https://a.slack-edge.com/bv1-13-br/gantry-v2-shared.3421452a627674f7.min.js?cacheKey=gantry-1785440254:0
[    7208ms] [INFO] Jul-30 22:56:38.790 [DEVICE-PREFS] Device list updated [Object, Object, Object] @ https://a.slack-edge.com/bv1-13-br/gantry-v2-shared.3421452a627674f7.min.js?cacheKey=gantry-1785440254:0
[    7208ms] [INFO] Jul-30 22:56:38.790 [DEVICE-PREFS] Processing device list [Object, Object, Object] @ https://a.slack-edge.com/bv1-13-br/gantry-v2-shared.3421452a627674f7.min.js?cacheKey=gantry-1785440254:0
[    7209ms] [WARNING] Jul-30 22:56:38.790 DEVICE-PREFS Preferred audioinput device (default) not found. Resetting to OS default. @ https://a.slack-edge.com/bv1-13-br/gantry-v2-shared.3421452a627674f7.min.js?cacheKey=gantry-1785440254:0
[    7209ms] [WARNING] Jul-30 22:56:38.790 DEVICE-PREFS Preferred audiooutput device (default) not found. Resetting to OS default. @ https://a.slack-edge.com/bv1-13-br/gantry-v2-shared.3421452a627674f7.min.js?cacheKey=gantry-1785440254:0
[    7209ms] [INFO] Jul-30 22:56:38.791 [DEVICE-PREFS] Device list processing complete @ https://a.slack-edge.com/bv1-13-br/gantry-v2-shared.3421452a627674f7.min.js?cacheKey=gantry-1785440254:0
[    7209ms] [INFO] Jul-30 22:56:38.791 [DEVICE-PREFS] Device list change handler updated @ https://a.slack-edge.com/bv1-13-br/gantry-v2-shared.3421452a627674f7.min.js?cacheKey=gantry-1785440254:0
[    7209ms] [INFO] Jul-30 22:56:38.791 [DEVICE-PREFS] Device preferences manager initialized @ https://a.slack-edge.com/bv1-13-br/gantry-v2-shared.3421452a627674f7.min.js?cacheKey=gantry-1785440254:0
[    7210ms] [INFO] Jul-30 22:56:38.791 [DEVICE-PREFS] Analyzing stored device records @ https://a.slack-edge.com/bv1-13-br/gantry-v2-shared.3421452a627674f7.min.js?cacheKey=gantry-1785440254:0
[    7210ms] [INFO] Jul-30 22:56:38.791 [DEVICE-PREFS] Returning all records for initialization analyses @ https://a.slack-edge.com/bv1-13-br/gantry-v2-shared.3421452a627674f7.min.js?cacheKey=gantry-1785440254:0
[    7210ms] [INFO] Jul-30 22:56:38.791 [DEVICE-PREFS] Device selection records analysis: {totalRecords: 0, webAudioDevices: 0, webAudioSelectedDevices: 0, webAudioUsedDevices: 0, microphoneCount: 0} @ https://a.slack-edge.com/bv1-13-br/gantry-v2-shared.3421452a627674f7.min.js?cacheKey=gantry-1785440254:0
[    7210ms] [INFO] Jul-30 22:56:38.791 [(?)] Device preferences manager initialized @ https://a.slack-edge.com/bv1-13-br/gantry-v2-shared.3421452a627674f7.min.js?cacheKey=gantry-1785440254:0
[    7510ms] [INFO] Jul-30 22:56:39.091 [DEVICE-PREFS] Propagating device selection history update @ https://a.slack-edge.com/bv1-13-br/gantry-v2-shared.3421452a627674f7.min.js?cacheKey=gantry-1785440254:0
[    7511ms] [WARNING] Jul-30 22:56:39.092 (?) preferred device for audioinput does not exist skipping setting preferred device in huddle @ https://a.slack-edge.com/bv1-13-br/gantry-v2-shared.3421452a627674f7.min.js?cacheKey=gantry-1785440254:0
[    7511ms] [WARNING] Jul-30 22:56:39.092 (?) preferred device for audiooutput does not exist skipping setting preferred device in huddle @ https://a.slack-edge.com/bv1-13-br/gantry-v2-shared.3421452a627674f7.min.js?cacheKey=gantry-1785440254:0
[    7511ms] [WARNING] Jul-30 22:56:39.092 (?) preferred device for videoinput does not exist skipping setting preferred device in huddle @ https://a.slack-edge.com/bv1-13-br/gantry-v2-shared.3421452a627674f7.min.js?cacheKey=gantry-1785440254:0
[    8350ms] [INFO] Jul-30 22:56:39.931 [DEVICE-PERMISSIONS-MA] Refreshing all permissions @ https://a.slack-edge.com/bv1-13-br/gantry-v2-shared.3421452a627674f7.min.js?cacheKey=gantry-1785440254:0
[    8353ms] [WARNING] Jul-30 22:56:39.934 AVDeviceService [AVDeviceService] [HEALTH] [avds_1785444994934] Invalid device list on attempt 1 (3 devices, none with valid IDs) @ https://a.slack-edge.com/bv1-13-br/gantry-v2-shared.3421452a627674f7.min.js?cacheKey=gantry-1785440254:0
[    8353ms] [INFO] Jul-30 22:56:39.934 [AVDEVICESERVICE] [AVDeviceService] [ACQUISITION] [avds_1785444994934] Retry attempt 1 for enumerateDevices with 500ms delay @ https://a.slack-edge.com/bv1-13-br/gantry-v2-shared.3421452a627674f7.min.js?cacheKey=gantry-1785440254:0
[    8855ms] [WARNING] Jul-30 22:56:40.437 AVDeviceService [AVDeviceService] [HEALTH] [avds_1785444994934] Invalid device list on attempt 2 (3 devices, none with valid IDs) @ https://a.slack-edge.com/bv1-13-br/gantry-v2-shared.3421452a627674f7.min.js?cacheKey=gantry-1785440254:0
[    8855ms] [INFO] Jul-30 22:56:40.437 [AVDEVICESERVICE] [AVDeviceService] [ACQUISITION] [avds_1785444994934] Retry attempt 2 for enumerateDevices with 750ms delay @ https://a.slack-edge.com/bv1-13-br/gantry-v2-shared.3421452a627674f7.min.js?cacheKey=gantry-1785440254:0
[    9844ms] [WARNING] Jul-30 22:56:41.426 AVDeviceService [AVDeviceService] [HEALTH] [avds_1785444994934] Invalid device list on attempt 3 (3 devices, none with valid IDs) @ https://a.slack-edge.com/bv1-13-br/gantry-v2-shared.3421452a627674f7.min.js?cacheKey=gantry-1785440254:0
[    9844ms] [INFO] Jul-30 22:56:41.426 [AVDEVICESERVICE] [AVDeviceService] [ACQUISITION] [avds_1785444994934] Retry attempt 3 for enumerateDevices with 1000ms delay @ https://a.slack-edge.com/bv1-13-br/gantry-v2-shared.3421452a627674f7.min.js?cacheKey=gantry-1785440254:0
[   10847ms] [WARNING] Jul-30 22:56:42.429 AVDeviceService [AVDeviceService] [HEALTH] [avds_1785444994934] Invalid device list on attempt 4 (3 devices, none with valid IDs) @ https://a.slack-edge.com/bv1-13-br/gantry-v2-shared.3421452a627674f7.min.js?cacheKey=gantry-1785440254:0
[   10847ms] [ERROR] Jul-30 22:56:42.429 AVDeviceService (?) [AVDeviceService] [ACQUISITION] [avds_1785444994934] Failed to get valid device list after 4 attempts @ https://a.slack-edge.com/bv1-13-br/gantry-v2-shared.3421452a627674f7.min.js?cacheKey=gantry-1785440254:0
[   10848ms] [INFO] Jul-30 22:56:42.430 [AVDEVICESERVICE] [AVDeviceService] [DEVICE_LIST] [avds_1785444994934] Enumerated 3 devices (deviceCount=3, devices=audioinput: "", videoinput: "", audiooutput: "") @ https://a.slack-edge.com/bv1-13-br/gantry-v2-shared.3421452a627674f7.min.js?cacheKey=gantry-1785440254:0
[   10849ms] [INFO] Jul-30 22:56:42.430 [DEVICE-PERMISSIONS-MA] Received microphone access status for browser: prompt @ https://a.slack-edge.com/bv1-13-br/gantry-v2-shared.3421452a627674f7.min.js?cacheKey=gantry-1785440254:0
[   10849ms] [INFO] Jul-30 22:56:42.430 [DEVICE-PERMISSIONS-MA] Received camera access status for browser: prompt @ https://a.slack-edge.com/bv1-13-br/gantry-v2-shared.3421452a627674f7.min.js?cacheKey=gantry-1785440254:0
[   10849ms] [INFO] Jul-30 22:56:42.431 [DEVICE-PERMISSIONS-MA] Received screen access status for browser: prompt @ https://a.slack-edge.com/bv1-13-br/gantry-v2-shared.3421452a627674f7.min.js?cacheKey=gantry-1785440254:0
[   15485ms] [INFO] Jul-30 22:56:47.066 [ALLTHREADSROWELEMENT] (T023EV54RR7) From channel badges count, has unreads: false with badge count: 0 @ https://a.slack-edge.com/bv1-13-br/gantry-v2-shared.3421452a627674f7.min.js?cacheKey=gantry-1785440254:0
[   15705ms] [INFO] Jul-30 22:56:47.286 [NAVIGATE-IN-MAIN-WIND] Starting a new navigation event {id: D0BMT4F1SL8, viewType: Channel, viewParams: undefined, options: Object} @ https://a.slack-edge.com/bv1-13-br/gantry-v2-shared.3421452a627674f7.min.js?cacheKey=gantry-1785440254:0
[   15708ms] [INFO] Jul-30 22:56:47.289 [NAVIGATE-IN-MAIN-WIND] Applying changes to the primary container {viewSet: Object, nextTab: home} @ https://a.slack-edge.com/bv1-13-br/gantry-v2-shared.3421452a627674f7.min.js?cacheKey=gantry-1785440254:0
[   15709ms] [INFO] Jul-30 22:56:47.291 [NAVIGATION-MIDDLEWARE] Starting a new navigation middleware execution {context: navigation, nextViewSet: Object, nextSplitView: undefined, middlewareCount: 25, nextTab: home} @ https://a.slack-edge.com/bv1-13-br/gantry-v2-shared.3421452a627674f7.min.js?cacheKey=gantry-1785440254:0
[   15712ms] [INFO] Jul-30 22:56:47.294 [NAVIGATION-MIDDLEWARE] Async action execution is complete for a view {nextView: Object, results: Array(25), shouldTerminateNavigation: false, executionTime: 2, nextTab: home} @ https://a.slack-edge.com/bv1-13-br/gantry-v2-shared.3421452a627674f7.min.js?cacheKey=gantry-1785440254:0
[   15714ms] [INFO] Jul-30 22:56:47.295 [NAVIGATION-MIDDLEWARE] Finish middleware execution for sidebar container {maybeTransformedViewSet: Object, maybeTransformedSplitView: undefined, terminateNavigation: false, isViewTransformed: false, iterationCount: 0} @ https://a.slack-edge.com/bv1-13-br/gantry-v2-shared.3421452a627674f7.min.js?cacheKey=gantry-1785440254:0
[   15716ms] [INFO] Jul-30 22:56:47.297 [NAVIGATION-MIDDLEWARE] Async action execution is complete for a view {nextView: Object, results: Array(25), shouldTerminateNavigation: false, executionTime: 1.2999999970197678, nextTab: home} @ https://a.slack-edge.com/bv1-13-br/gantry-v2-shared.3421452a627674f7.min.js?cacheKey=gantry-1785440254:0
[   15718ms] [INFO] Jul-30 22:56:47.300 [APPLY-DETAIL-VIEW] ViewSet with detail view applied {viewSet: Object} @ https://a.slack-edge.com/bv1-13-br/gantry-v2-shared.3421452a627674f7.min.js?cacheKey=gantry-1785440254:0
[   15719ms] [INFO] Jul-30 22:56:47.301 [APPLY-DETAIL-VIEW] ViewSet with channel canvas applied {viewSet: Object} @ https://a.slack-edge.com/bv1-13-br/gantry-v2-shared.3421452a627674f7.min.js?cacheKey=gantry-1785440254:0
[   15719ms] [INFO] Jul-30 22:56:47.301 [NAVIGATION-MIDDLEWARE] View has been transformed {container: primary, initialView: Object, transformedView: Object, iterationCount: 0} @ https://a.slack-edge.com/bv1-13-br/gantry-v2-shared.3421452a627674f7.min.js?cacheKey=gantry-1785440254:0
[   15720ms] [INFO] Jul-30 22:56:47.301 [NAVIGATION-MIDDLEWARE] Skipping middleware execution for sidebar container as we have cached value {initialView: Object, iterationCount: 1} @ https://a.slack-edge.com/bv1-13-br/gantry-v2-shared.3421452a627674f7.min.js?cacheKey=gantry-1785440254:0
[   15720ms] [INFO] Jul-30 22:56:47.302 [NAVIGATION-MIDDLEWARE] Async action execution is complete for a view {nextView: Object, results: Array(25), shouldTerminateNavigation: false, executionTime: 0.29999999701976776, nextTab: home} @ https://a.slack-edge.com/bv1-13-br/gantry-v2-shared.3421452a627674f7.min.js?cacheKey=gantry-1785440254:0
[   15721ms] [INFO] Jul-30 22:56:47.302 [NAVIGATION-MIDDLEWARE] Finish middleware execution for primary container {maybeTransformedViewSet: Object, maybeTransformedSplitView: undefined, terminateNavigation: false, isViewTransformed: false, iterationCount: 1} @ https://a.slack-edge.com/bv1-13-br/gantry-v2-shared.3421452a627674f7.min.js?cacheKey=gantry-1785440254:0
[   15722ms] [INFO] Jul-30 22:56:47.303 [NAVIGATION-MIDDLEWARE] Finish middleware execution for primary container {maybeTransformedViewSet: Object, maybeTransformedSplitView: undefined, terminateNavigation: false, isViewTransformed: true, iterationCount: 0} @ https://a.slack-edge.com/bv1-13-br/gantry-v2-shared.3421452a627674f7.min.js?cacheKey=gantry-1785440254:0
[   15722ms] [INFO] Jul-30 22:56:47.303 [NAVIGATION-MIDDLEWARE] Navigation middleware execution is complete {maybeUpdatedViewSet: Object, maybeUpdatedSplitView: undefined, terminateNavigation: false, executionTime: 11.899999998509884, nextTab: home} @ https://a.slack-edge.com/bv1-13-br/gantry-v2-shared.3421452a627674f7.min.js?cacheKey=gantry-1785440254:0
[   15722ms] [INFO] Jul-30 22:56:47.304 [NAVIGATE-IN-MAIN-WIND] Built view set after middleware {viewSet: Object, splitView: undefined, nextTab: home} @ https://a.slack-edge.com/bv1-13-br/gantry-v2-shared.3421452a627674f7.min.js?cacheKey=gantry-1785440254:0
[   15736ms] [INFO] Jul-30 22:56:47.317 [NAVIGATE-LISTENERS] (T023EV54RR7) Starting navigation listeners for triggerType NAVIGATION @ https://a.slack-edge.com/bv1-13-br/gantry-v2-shared.3421452a627674f7.min.js?cacheKey=gantry-1785440254:0
[   15754ms] [INFO] Jul-30 22:56:47.336 [NAVIGATE-LISTENERS] (T023EV54RR7) Navigation listeners complete without errors @ https://a.slack-edge.com/bv1-13-br/gantry-v2-shared.3421452a627674f7.min.js?cacheKey=gantry-1785440254:0
[   15755ms] [INFO] Jul-30 22:56:47.336 [NAVIGATE-IN-MAIN-WIND]  Navigation thunk execution complete {id: D0BMT4F1SL8, viewType: Channel, viewParams: undefined, options: Object} @ https://a.slack-edge.com/bv1-13-br/gantry-v2-shared.3421452a627674f7.min.js?cacheKey=gantry-1785440254:0
[   15845ms] [INFO] Jul-30 22:56:47.425 [MESSAGE-LIST] (T023EV54RR7) getScrollmark reason:unmount channelId:C023EV55AGH at end @ https://a.slack-edge.com/bv1-13-br/gantry-v2-shared.3421452a627674f7.min.js?cacheKey=gantry-1785440254:0
[   15908ms] [INFO] Jul-30 22:56:47.489 [API-Q] (T023EV54RR7) c891cfd1-1785445007.488 apps.home.dispatchOpenEvent called with reason: app-home-logging @ https://a.slack-edge.com/bv1-13-br/gantry-v2-shared.3421452a627674f7.min.js?cacheKey=gantry-1785440254:0
[   15910ms] [INFO] Jul-30 22:56:47.491 [API-Q] (T023EV54RR7) c891cfd1-1785445007.488 apps.home.dispatchOpenEvent is ENQUEUED @ https://a.slack-edge.com/bv1-13-br/gantry-v2-shared.3421452a627674f7.min.js?cacheKey=gantry-1785440254:0
[   15926ms] [INFO] Jul-30 22:56:47.507 [API-Q] (T023EV54RR7) noversion-1785445007.507 Flannel permissions/info called with reason: flannel-call:permissions/info @ https://a.slack-edge.com/bv1-13-br/gantry-v2-shared.3421452a627674f7.min.js?cacheKey=gantry-1785440254:0
[   15927ms] [INFO] Jul-30 22:56:47.508 [API-Q] (T023EV54RR7) noversion-1785445007.507 Flannel permissions/info is ENQUEUED @ https://a.slack-edge.com/bv1-13-br/gantry-v2-shared.3421452a627674f7.min.js?cacheKey=gantry-1785440254:0
[   15928ms] [INFO] Jul-30 22:56:47.509 [API-Q] (T023EV54RR7) c891cfd1-1785445007.488 apps.home.dispatchOpenEvent is ACTIVE @ https://a.slack-edge.com/bv1-13-br/gantry-v2-shared.3421452a627674f7.min.js?cacheKey=gantry-1785440254:0
[   15928ms] [INFO] Jul-30 22:56:47.510 [API-Q] (T023EV54RR7) noversion-1785445007.507 Flannel permissions/info is ACTIVE @ https://a.slack-edge.com/bv1-13-br/gantry-v2-shared.3421452a627674f7.min.js?cacheKey=gantry-1785440254:0
[   15983ms] [INFO] Jul-30 22:56:47.564 [API-Q] (T023EV54RR7) c891cfd1-1785445007.564 conversations.info called with reason: app-homes-store/conditional-fetching @ https://a.slack-edge.com/bv1-13-br/gantry-v2-shared.3421452a627674f7.min.js?cacheKey=gantry-1785440254:0
[   15984ms] [INFO] Jul-30 22:56:47.565 [API-Q] (T023EV54RR7) c891cfd1-1785445007.564 conversations.info is ENQUEUED @ https://a.slack-edge.com/bv1-13-br/gantry-v2-shared.3421452a627674f7.min.js?cacheKey=gantry-1785440254:0
[   15986ms] [INFO] Jul-30 22:56:47.567 [API-Q] (T023EV54RR7) c891cfd1-1785445007.564 conversations.info is ACTIVE @ https://a.slack-edge.com/bv1-13-br/gantry-v2-shared.3421452a627674f7.min.js?cacheKey=gantry-1785440254:0
[   15987ms] [INFO] Jul-30 22:56:47.568 [UFM] (T023EV54RR7) requesting A0BLHCTS1AT (1) @ https://a.slack-edge.com/bv1-13-br/gantry-v2-shared.3421452a627674f7.min.js?cacheKey=gantry-1785440254:0
[   15988ms] [INFO] Jul-30 22:56:47.569 [API-Q] (T023EV54RR7) c891cfd1-1785445007.569 apps.profile.get called with reason: fetch-all-apps-by-id @ https://a.slack-edge.com/bv1-13-br/gantry-v2-shared.3421452a627674f7.min.js?cacheKey=gantry-1785440254:0
[   15989ms] [INFO] Jul-30 22:56:47.570 [API-Q] (T023EV54RR7) c891cfd1-1785445007.569 apps.profile.get is ENQUEUED @ https://a.slack-edge.com/bv1-13-br/gantry-v2-shared.3421452a627674f7.min.js?cacheKey=gantry-1785440254:0
[   15991ms] [INFO] Jul-30 22:56:47.572 [API-Q] (T023EV54RR7) c891cfd1-1785445007.569 apps.profile.get is ACTIVE @ https://a.slack-edge.com/bv1-13-br/gantry-v2-shared.3421452a627674f7.min.js?cacheKey=gantry-1785440254:0
[   15992ms] [INFO] Jul-30 22:56:47.573 [API-Q] (T023EV54RR7) c891cfd1-1785445007.573 conversations.listPrefs called with reason: client_redux_store @ https://a.slack-edge.com/bv1-13-br/gantry-v2-shared.3421452a627674f7.min.js?cacheKey=gantry-1785440254:0
[   15993ms] [INFO] Jul-30 22:56:47.574 [API-Q] (T023EV54RR7) c891cfd1-1785445007.573 conversations.listPrefs is ENQUEUED @ https://a.slack-edge.com/bv1-13-br/gantry-v2-shared.3421452a627674f7.min.js?cacheKey=gantry-1785440254:0
[   15994ms] [INFO] Jul-30 22:56:47.576 [API-Q] (T023EV54RR7) c891cfd1-1785445007.573 conversations.listPrefs is ACTIVE @ https://a.slack-edge.com/bv1-13-br/gantry-v2-shared.3421452a627674f7.min.js?cacheKey=gantry-1785440254:0
[   15997ms] [INFO] Jul-30 22:56:47.578 [API-Q] (T023EV54RR7) c891cfd1-1785445007.578 bookmarks.list called with reason: bookmarks-store/conditional-fetching @ https://a.slack-edge.com/bv1-13-br/gantry-v2-shared.3421452a627674f7.min.js?cacheKey=gantry-1785440254:0
[   15998ms] [INFO] Jul-30 22:56:47.579 [API-Q] (T023EV54RR7) c891cfd1-1785445007.578 bookmarks.list is ENQUEUED @ https://a.slack-edge.com/bv1-13-br/gantry-v2-shared.3421452a627674f7.min.js?cacheKey=gantry-1785440254:0
[   15999ms] [INFO] Jul-30 22:56:47.580 [API-Q] (T023EV54RR7) c891cfd1-1785445007.578 bookmarks.list is ACTIVE @ https://a.slack-edge.com/bv1-13-br/gantry-v2-shared.3421452a627674f7.min.js?cacheKey=gantry-1785440254:0
[   16019ms] [INFO] Jul-30 22:56:47.601 [API-Q] (T023EV54RR7) noversion-1785445007.507 Flannel permissions/info is RESOLVED @ https://a.slack-edge.com/bv1-13-br/gantry-v2-shared.3421452a627674f7.min.js?cacheKey=gantry-1785440254:0
[   16135ms] [INFO] Jul-30 22:56:47.716 [API-Q] (T023EV54RR7) c891cfd1-1785445007.564 conversations.info is RESOLVED @ https://a.slack-edge.com/bv1-13-br/gantry-v2-shared.3421452a627674f7.min.js?cacheKey=gantry-1785440254:0
[   16149ms] [INFO] Jul-30 22:56:47.731 [API-Q] (T023EV54RR7) c891cfd1-1785445007.573 conversations.listPrefs is RESOLVED @ https://a.slack-edge.com/bv1-13-br/gantry-v2-shared.3421452a627674f7.min.js?cacheKey=gantry-1785440254:0
[   16151ms] [INFO] Jul-30 22:56:47.733 [API-Q] (T023EV54RR7) c891cfd1-1785445007.578 bookmarks.list is RESOLVED @ https://a.slack-edge.com/bv1-13-br/gantry-v2-shared.3421452a627674f7.min.js?cacheKey=gantry-1785440254:0
[   16156ms] [INFO] Jul-30 22:56:47.738 [API-Q] (T023EV54RR7) c891cfd1-1785445007.569 apps.profile.get is RESOLVED @ https://a.slack-edge.com/bv1-13-br/gantry-v2-shared.3421452a627674f7.min.js?cacheKey=gantry-1785440254:0
[   16157ms] [INFO] Jul-30 22:56:47.738 [UFM] (T023EV54RR7) received A0BLHCTS1AT (1) @ https://a.slack-edge.com/bv1-13-br/gantry-v2-shared.3421452a627674f7.min.js?cacheKey=gantry-1785440254:0
[   16595ms] [INFO] Jul-30 22:56:48.177 [API-Q] (T023EV54RR7) c891cfd1-1785445007.488 apps.home.dispatchOpenEvent is RESOLVED @ https://a.slack-edge.com/bv1-13-br/gantry-v2-shared.3421452a627674f7.min.js?cacheKey=gantry-1785440254:0
[   18942ms] [INFO] Jul-30 22:56:50.523 [NAVIGATE-IN-MAIN-WIND] Starting a new navigation event {id: D0BMT4F1SL8, viewType: Channel, viewParams: Object, options: Object} @ https://a.slack-edge.com/bv1-13-br/gantry-v2-shared.3421452a627674f7.min.js?cacheKey=gantry-1785440254:0
[   18943ms] [INFO] Jul-30 22:56:50.524 [NAVIGATE-IN-MAIN-WIND] Applying changes to the primary container {viewSet: Object, nextTab: home} @ https://a.slack-edge.com/bv1-13-br/gantry-v2-shared.3421452a627674f7.min.js?cacheKey=gantry-1785440254:0
[   18943ms] [INFO] Jul-30 22:56:50.524 [NAVIGATION-MIDDLEWARE] Starting a new navigation middleware execution {context: navigation, nextViewSet: Object, nextSplitView: undefined, middlewareCount: 25, nextTab: home} @ https://a.slack-edge.com/bv1-13-br/gantry-v2-shared.3421452a627674f7.min.js?cacheKey=gantry-1785440254:0
[   18944ms] [INFO] Jul-30 22:56:50.525 [NAVIGATION-MIDDLEWARE] Async action execution is complete for a view {nextView: Object, results: Array(25), shouldTerminateNavigation: false, executionTime: 0.09999999776482582, nextTab: home} @ https://a.slack-edge.com/bv1-13-br/gantry-v2-shared.3421452a627674f7.min.js?cacheKey=gantry-1785440254:0
[   18944ms] [INFO] Jul-30 22:56:50.525 [NAVIGATION-MIDDLEWARE] Finish middleware execution for sidebar container {maybeTransformedViewSet: Object, maybeTransformedSplitView: undefined, terminateNavigation: false, isViewTransformed: false, iterationCount: 0} @ https://a.slack-edge.com/bv1-13-br/gantry-v2-shared.3421452a627674f7.min.js?cacheKey=gantry-1785440254:0
[   18944ms] [INFO] Jul-30 22:56:50.526 [NAVIGATION-MIDDLEWARE] Async action execution is complete for a view {nextView: Object, results: Array(25), shouldTerminateNavigation: false, executionTime: 0.10000000149011612, nextTab: home} @ https://a.slack-edge.com/bv1-13-br/gantry-v2-shared.3421452a627674f7.min.js?cacheKey=gantry-1785440254:0
[   18945ms] [INFO] Jul-30 22:56:50.526 [NAVIGATION-MIDDLEWARE] Finish middleware execution for primary container {maybeTransformedViewSet: Object, maybeTransformedSplitView: undefined, terminateNavigation: false, isViewTransformed: false, iterationCount: 0} @ https://a.slack-edge.com/bv1-13-br/gantry-v2-shared.3421452a627674f7.min.js?cacheKey=gantry-1785440254:0
[   18945ms] [INFO] Jul-30 22:56:50.526 [NAVIGATION-MIDDLEWARE] Navigation middleware execution is complete {maybeUpdatedViewSet: Object, maybeUpdatedSplitView: undefined, terminateNavigation: false, executionTime: 1.5, nextTab: home} @ https://a.slack-edge.com/bv1-13-br/gantry-v2-shared.3421452a627674f7.min.js?cacheKey=gantry-1785440254:0
[   18945ms] [INFO] Jul-30 22:56:50.526 [NAVIGATE-IN-MAIN-WIND] Built view set after middleware {viewSet: Object, splitView: undefined, nextTab: home} @ https://a.slack-edge.com/bv1-13-br/gantry-v2-shared.3421452a627674f7.min.js?cacheKey=gantry-1785440254:0
[   18949ms] [INFO] Jul-30 22:56:50.530 [NAVIGATE-LISTENERS] (T023EV54RR7) Starting navigation listeners for triggerType NAVIGATION @ https://a.slack-edge.com/bv1-13-br/gantry-v2-shared.3421452a627674f7.min.js?cacheKey=gantry-1785440254:0
[   18952ms] [INFO] Jul-30 22:56:50.534 [NAVIGATE-LISTENERS] (T023EV54RR7) Navigation listeners complete without errors @ https://a.slack-edge.com/bv1-13-br/gantry-v2-shared.3421452a627674f7.min.js?cacheKey=gantry-1785440254:0
[   18952ms] [INFO] Jul-30 22:56:50.534 [NAVIGATE-IN-MAIN-WIND]  Navigation thunk execution complete {id: D0BMT4F1SL8, viewType: Channel, viewParams: Object, options: Object} @ https://a.slack-edge.com/bv1-13-br/gantry-v2-shared.3421452a627674f7.min.js?cacheKey=gantry-1785440254:0
[   18995ms] [INFO] Jul-30 22:56:50.576 [API-Q] (T023EV54RR7) c891cfd1-1785445010.576 apps.home.dispatchOpenEvent called with reason: app-home-logging @ https://a.slack-edge.com/bv1-13-br/gantry-v2-shared.3421452a627674f7.min.js?cacheKey=gantry-1785440254:0
[   18996ms] [INFO] Jul-30 22:56:50.577 [API-Q] (T023EV54RR7) c891cfd1-1785445010.576 apps.home.dispatchOpenEvent is ENQUEUED @ https://a.slack-edge.com/bv1-13-br/gantry-v2-shared.3421452a627674f7.min.js?cacheKey=gantry-1785440254:0
[   19036ms] [INFO] Jul-30 22:56:50.617 [HISTORY-FETCH] (T023EV54RR7) Fetching history for message pane: D0BMT4F1SL8 oldest: 1785444543.536269 latest: null @ https://a.slack-edge.com/bv1-13-br/gantry-v2-shared.3421452a627674f7.min.js?cacheKey=gantry-1785440254:0
[   19037ms] [INFO] Jul-30 22:56:50.618 [API-Q] (T023EV54RR7) c891cfd1-1785445010.618 conversations.history called with reason: message-pane/requestHistory @ https://a.slack-edge.com/bv1-13-br/gantry-v2-shared.3421452a627674f7.min.js?cacheKey=gantry-1785440254:0
[   19037ms] [INFO] Jul-30 22:56:50.619 [API-Q] (T023EV54RR7) c891cfd1-1785445010.618 conversations.history is ENQUEUED @ https://a.slack-edge.com/bv1-13-br/gantry-v2-shared.3421452a627674f7.min.js?cacheKey=gantry-1785440254:0
[   19053ms] [INFO] Jul-30 22:56:50.634 [API-Q] (T023EV54RR7) c891cfd1-1785445010.634 users.profile.getSections called with reason: profiles @ https://a.slack-edge.com/bv1-13-br/gantry-v2-shared.3421452a627674f7.min.js?cacheKey=gantry-1785440254:0
[   19053ms] [INFO] Jul-30 22:56:50.635 [API-Q] (T023EV54RR7) c891cfd1-1785445010.634 users.profile.getSections is ENQUEUED @ https://a.slack-edge.com/bv1-13-br/gantry-v2-shared.3421452a627674f7.min.js?cacheKey=gantry-1785440254:0
[   19061ms] [INFO] Jul-30 22:56:50.642 [API-Q] (T023EV54RR7) c891cfd1-1785445010.576 apps.home.dispatchOpenEvent is ACTIVE @ https://a.slack-edge.com/bv1-13-br/gantry-v2-shared.3421452a627674f7.min.js?cacheKey=gantry-1785440254:0
[   19062ms] [INFO] Jul-30 22:56:50.643 [API-Q] (T023EV54RR7) c891cfd1-1785445010.618 conversations.history is ACTIVE @ https://a.slack-edge.com/bv1-13-br/gantry-v2-shared.3421452a627674f7.min.js?cacheKey=gantry-1785440254:0
[   19062ms] [INFO] Jul-30 22:56:50.643 [API-Q] (T023EV54RR7) c891cfd1-1785445010.634 users.profile.getSections is ACTIVE @ https://a.slack-edge.com/bv1-13-br/gantry-v2-shared.3421452a627674f7.min.js?cacheKey=gantry-1785440254:0
[   19068ms] [INFO] Jul-30 22:56:50.649 [UFM-PERMISSIONS] (T023EV54RR7) requesting CAN_AT_CHANNEL,CAN_AT_EVERYONE,ARCHIVE_CHANNEL (1) @ https://a.slack-edge.com/bv1-13-br/gantry-v2-shared.3421452a627674f7.min.js?cacheKey=gantry-1785440254:0
[   19068ms] [INFO] Jul-30 22:56:50.650 [API-Q] (T023EV54RR7) noversion-1785445010.650 Flannel permissions/info called with reason: flannel-call:permissions/info @ https://a.slack-edge.com/bv1-13-br/gantry-v2-shared.3421452a627674f7.min.js?cacheKey=gantry-1785440254:0
[   19069ms] [INFO] Jul-30 22:56:50.650 [API-Q] (T023EV54RR7) noversion-1785445010.650 Flannel permissions/info is ENQUEUED @ https://a.slack-edge.com/bv1-13-br/gantry-v2-shared.3421452a627674f7.min.js?cacheKey=gantry-1785440254:0
[   19069ms] [INFO] Jul-30 22:56:50.651 [API-Q] (T023EV54RR7) noversion-1785445010.650 Flannel permissions/info is ACTIVE @ https://a.slack-edge.com/bv1-13-br/gantry-v2-shared.3421452a627674f7.min.js?cacheKey=gantry-1785440254:0
[   19071ms] [INFO] Jul-30 22:56:50.652 [HISTORY-CFM] (T023EV54RR7) Re-fetching D0BMT4F1SL8 1785432109.452199 - 1785444543.536269 @ https://a.slack-edge.com/bv1-13-br/gantry-v2-shared.3421452a627674f7.min.js?cacheKey=gantry-1785440254:0
[   19072ms] [INFO] Jul-30 22:56:50.653 [API-Q] (T023EV54RR7) c891cfd1-1785445010.653 conversations.history called with reason: channel-history-store.CFM.fetch @ https://a.slack-edge.com/bv1-13-br/gantry-v2-shared.3421452a627674f7.min.js?cacheKey=gantry-1785440254:0
[   19072ms] [INFO] Jul-30 22:56:50.654 [API-Q] (T023EV54RR7) c891cfd1-1785445010.653 conversations.history is ENQUEUED @ https://a.slack-edge.com/bv1-13-br/gantry-v2-shared.3421452a627674f7.min.js?cacheKey=gantry-1785440254:0
[   19073ms] [INFO] Jul-30 22:56:50.654 [API-Q] (T023EV54RR7) c891cfd1-1785445010.653 conversations.history is ACTIVE @ https://a.slack-edge.com/bv1-13-br/gantry-v2-shared.3421452a627674f7.min.js?cacheKey=gantry-1785440254:0
[   19078ms] [INFO] Jul-30 22:56:50.659 [MESSAGE-LIST] (T023EV54RR7) componentWillReceiveProps isLoading: true isLoadingOlder: false timestamps: 8 @ https://a.slack-edge.com/bv1-13-br/gantry-v2-shared.3421452a627674f7.min.js?cacheKey=gantry-1785440254:0
[   19084ms] [INFO] Jul-30 22:56:50.665 [CHECK-UNREADS] (T023EV54RR7) unreadLineVisible updated in main window container primary: undefined -> false @ https://a.slack-edge.com/bv1-13-br/gantry-v2-shared.3421452a627674f7.min.js?cacheKey=gantry-1785440254:0
[   19103ms] [INFO] Jul-30 22:56:50.685 [API-Q] (T023EV54RR7) noversion-1785445010.650 Flannel permissions/info is RESOLVED @ https://a.slack-edge.com/bv1-13-br/gantry-v2-shared.3421452a627674f7.min.js?cacheKey=gantry-1785440254:0
[   19104ms] [INFO] Jul-30 22:56:50.685 [UFM-PERMISSIONS] (T023EV54RR7) received CAN_AT_CHANNEL,CAN_AT_EVERYONE,ARCHIVE_CHANNEL (1) @ https://a.slack-edge.com/bv1-13-br/gantry-v2-shared.3421452a627674f7.min.js?cacheKey=gantry-1785440254:0
[   19213ms] [INFO] Jul-30 22:56:50.795 [API-Q] (T023EV54RR7) c891cfd1-1785445010.634 users.profile.getSections is RESOLVED @ https://a.slack-edge.com/bv1-13-br/gantry-v2-shared.3421452a627674f7.min.js?cacheKey=gantry-1785440254:0
[   19221ms] [INFO] Jul-30 22:56:50.802 [API-Q] (T023EV54RR7) c891cfd1-1785445010.618 conversations.history is RESOLVED @ https://a.slack-edge.com/bv1-13-br/gantry-v2-shared.3421452a627674f7.min.js?cacheKey=gantry-1785440254:0
[   19222ms] [INFO] Jul-30 22:56:50.803 [PLATFORM-CHANNEL-ACTI] (T023EV54RR7) Not updating count for channel D0BMT4F1SL8, as count was already set to 0 @ https://a.slack-edge.com/bv1-13-br/gantry-v2-shared.3421452a627674f7.min.js?cacheKey=gantry-1785440254:0
[   19224ms] [INFO] Jul-30 22:56:50.805 [PINS] (T023EV54RR7) Pins count updated for channel D0BMT4F1SL8: 0 @ https://a.slack-edge.com/bv1-13-br/gantry-v2-shared.3421452a627674f7.min.js?cacheKey=gantry-1785440254:0
[   19225ms] [INFO] Jul-30 22:56:50.806 [CHECK-UNREADS] (T023EV54RR7) Not marking D0BMT4F1SL8 because last_read >= latest && channel is read @ https://a.slack-edge.com/bv1-13-br/gantry-v2-shared.3421452a627674f7.min.js?cacheKey=gantry-1785440254:0
[   19228ms] [INFO] Jul-30 22:56:50.810 [API-Q] (T023EV54RR7) c891cfd1-1785445010.653 conversations.history is RESOLVED @ https://a.slack-edge.com/bv1-13-br/gantry-v2-shared.3421452a627674f7.min.js?cacheKey=gantry-1785440254:0
[   19228ms] [INFO] Jul-30 22:56:50.810 [PLATFORM-CHANNEL-ACTI] (T023EV54RR7) Not updating count for channel D0BMT4F1SL8, as count was already set to 0 @ https://a.slack-edge.com/bv1-13-br/gantry-v2-shared.3421452a627674f7.min.js?cacheKey=gantry-1785440254:0
[   19238ms] [INFO] Jul-30 22:56:50.819 [MESSAGE-LIST] (T023EV54RR7) componentWillReceiveProps isLoading: false isLoadingOlder: false timestamps: 8 @ https://a.slack-edge.com/bv1-13-br/gantry-v2-shared.3421452a627674f7.min.js?cacheKey=gantry-1785440254:0
[   19256ms] [INFO] Jul-30 22:56:50.838 [CHECK-UNREADS] (T023EV54RR7) unreadLineVisible updated in main window container primary: false -> true @ https://a.slack-edge.com/bv1-13-br/gantry-v2-shared.3421452a627674f7.min.js?cacheKey=gantry-1785440254:0
[   19326ms] [INFO] Jul-30 22:56:50.908 [API-Q] (T023EV54RR7) c891cfd1-1785445010.576 apps.home.dispatchOpenEvent is RESOLVED @ https://a.slack-edge.com/bv1-13-br/gantry-v2-shared.3421452a627674f7.min.js?cacheKey=gantry-1785440254:0
[   19408ms] [INFO] Jul-30 22:56:50.989 [ALLTHREADSROWELEMENT] (T023EV54RR7) From channel badges count, has unreads: false with badge count: 0 @ https://a.slack-edge.com/bv1-13-br/gantry-v2-shared.3421452a627674f7.min.js?cacheKey=gantry-1785440254:0
[   19463ms] [INFO] Jul-30 22:56:51.043 [API-Q] (T023EV54RR7) c891cfd1-1785445011.043 users.prefs.set called with reason: prefs-api/setUserPrefByApi @ https://a.slack-edge.com/bv1-13-br/gantry-v2-shared.3421452a627674f7.min.js?cacheKey=gantry-1785440254:0
[   19463ms] [INFO] Jul-30 22:56:51.044 [API-Q] (T023EV54RR7) c891cfd1-1785445011.043 users.prefs.set is ENQUEUED @ https://a.slack-edge.com/bv1-13-br/gantry-v2-shared.3421452a627674f7.min.js?cacheKey=gantry-1785440254:0
[   19463ms] [INFO] Jul-30 22:56:51.045 [OPEN-MODAL] (T023EV54RR7) Force opening modal for child window with ID T023EV54RR7 @ https://a.slack-edge.com/bv1-13-br/gantry-v2-shared.3421452a627674f7.min.js?cacheKey=gantry-1785440254:0
[   19466ms] [INFO] Jul-30 22:56:51.048 [API-Q] (T023EV54RR7) c891cfd1-1785445011.043 users.prefs.set is ACTIVE @ https://a.slack-edge.com/bv1-13-br/gantry-v2-shared.3421452a627674f7.min.js?cacheKey=gantry-1785440254:0
[   19774ms] [INFO] Jul-30 22:56:51.355 [UFM-PERMISSIONS] (T023EV54RR7) requesting DELETE_OWN_MESSAGE (1) @ https://a.slack-edge.com/bv1-13-br/gantry-v2-shared.3421452a627674f7.min.js?cacheKey=gantry-1785440254:0
[   19776ms] [INFO] Jul-30 22:56:51.357 [API-Q] (T023EV54RR7) noversion-1785445011.356 Flannel permissions/info called with reason: flannel-call:permissions/info @ https://a.slack-edge.com/bv1-13-br/gantry-v2-shared.3421452a627674f7.min.js?cacheKey=gantry-1785440254:0
[   19776ms] [INFO] Jul-30 22:56:51.357 [API-Q] (T023EV54RR7) noversion-1785445011.356 Flannel permissions/info is ENQUEUED @ https://a.slack-edge.com/bv1-13-br/gantry-v2-shared.3421452a627674f7.min.js?cacheKey=gantry-1785440254:0
[   19777ms] [INFO] Jul-30 22:56:51.358 [API-Q] (T023EV54RR7) noversion-1785445011.356 Flannel permissions/info is ACTIVE @ https://a.slack-edge.com/bv1-13-br/gantry-v2-shared.3421452a627674f7.min.js?cacheKey=gantry-1785440254:0
[   19813ms] [INFO] Jul-30 22:56:51.394 [API-Q] (T023EV54RR7) c891cfd1-1785445011.043 users.prefs.set is RESOLVED @ https://a.slack-edge.com/bv1-13-br/gantry-v2-shared.3421452a627674f7.min.js?cacheKey=gantry-1785440254:0
[   19967ms] [INFO] Jul-30 22:56:51.549 [CHECK-UNREADS] (T023EV54RR7) Not marking D0BMT4F1SL8 because attention not on chat (fs_modal_is_showing) @ https://a.slack-edge.com/bv1-13-br/gantry-v2-shared.3421452a627674f7.min.js?cacheKey=gantry-1785440254:0
[   20021ms] [INFO] Jul-30 22:56:51.603 [API-Q] (T023EV54RR7) noversion-1785445011.356 Flannel permissions/info is RESOLVED @ https://a.slack-edge.com/bv1-13-br/gantry-v2-shared.3421452a627674f7.min.js?cacheKey=gantry-1785440254:0
[   20021ms] [INFO] Jul-30 22:56:51.603 [UFM-PERMISSIONS] (T023EV54RR7) received DELETE_OWN_MESSAGE (1) @ https://a.slack-edge.com/bv1-13-br/gantry-v2-shared.3421452a627674f7.min.js?cacheKey=gantry-1785440254:0
[   20058ms] [INFO] Jul-30 22:56:51.639 [MESSAGEPANEINPUT] (T023EV54RR7) Initiating message sending @ https://a.slack-edge.com/bv1-13-br/gantry-v2-shared.3421452a627674f7.min.js?cacheKey=gantry-1785440254:0
[   20059ms] [INFO] Jul-30 22:56:51.641 [DRAFTS] (T023EV54RR7) Clearing a local draft - D0BMT4F1SL8 @ https://a.slack-edge.com/bv1-13-br/gantry-v2-shared.3421452a627674f7.min.js?cacheKey=gantry-1785440254:0
[   20070ms] [INFO] Jul-30 22:56:51.650 [SLASH-COMMAND] (T023EV54RR7) Looks like a slash command; attempt to parse and execute @ https://a.slack-edge.com/bv1-13-br/gantry-v2-shared.3421452a627674f7.min.js?cacheKey=gantry-1785440254:0
[   20072ms] [INFO] Jul-30 22:56:51.653 [SLASH-COMMAND] (T023EV54RR7) Command "/stas" is PENDING @ https://a.slack-edge.com/bv1-13-br/gantry-v2-shared.3421452a627674f7.min.js?cacheKey=gantry-1785440254:0
[   20074ms] [INFO] Jul-30 22:56:51.655 [API-Q] (T023EV54RR7) c891cfd1-1785445011.655 chat.command called with reason: executeCommand @ https://a.slack-edge.com/bv1-13-br/gantry-v2-shared.3421452a627674f7.min.js?cacheKey=gantry-1785440254:0
[   20074ms] [INFO] Jul-30 22:56:51.656 [API-Q] (T023EV54RR7) c891cfd1-1785445011.655 chat.command is ENQUEUED @ https://a.slack-edge.com/bv1-13-br/gantry-v2-shared.3421452a627674f7.min.js?cacheKey=gantry-1785440254:0
[   20078ms] [INFO] Jul-30 22:56:51.660 [API-Q] (T023EV54RR7) c891cfd1-1785445011.655 chat.command is ACTIVE @ https://a.slack-edge.com/bv1-13-br/gantry-v2-shared.3421452a627674f7.min.js?cacheKey=gantry-1785440254:0
[   20318ms] [INFO] Jul-30 22:56:51.900 [CHECK-UNREADS] (T023EV54RR7) Checking unreads after unread line became visible @ https://a.slack-edge.com/bv1-13-br/gantry-v2-shared.3421452a627674f7.min.js?cacheKey=gantry-1785440254:0
[   20319ms] [INFO] Jul-30 22:56:51.900 [CHECK-UNREADS] (T023EV54RR7) Not marking D0BMT4F1SL8 because attention not on chat (fs_modal_is_showing) @ https://a.slack-edge.com/bv1-13-br/gantry-v2-shared.3421452a627674f7.min.js?cacheKey=gantry-1785440254:0
[   20421ms] [INFO] Jul-30 22:56:52.002 [API-Q] (T023EV54RR7) c891cfd1-1785445011.655 chat.command is RESOLVED @ https://a.slack-edge.com/bv1-13-br/gantry-v2-shared.3421452a627674f7.min.js?cacheKey=gantry-1785440254:0
[   20421ms] [INFO] Jul-30 22:56:52.002 [SLASH-COMMAND] (T023EV54RR7) Command "/stas" RESOLVED @ https://a.slack-edge.com/bv1-13-br/gantry-v2-shared.3421452a627674f7.min.js?cacheKey=gantry-1785440254:0
[   20489ms] [INFO] Jul-30 22:56:52.070 [NOTIFICATIONS] (T023EV54RR7) shouldShowNotificationForDirectMessage: '15' @ https://a.slack-edge.com/bv1-13-br/gantry-v2-shared.3421452a627674f7.min.js?cacheKey=gantry-1785440254:0
[   20490ms] [WARNING] Jul-30 22:56:52.071 NOTIFICATIONS (T023EV54RR7) Notification (message) suppressed because:
The user did not grant permission to show notifications @ https://a.slack-edge.com/bv1-13-br/gantry-v2-shared.3421452a627674f7.min.js?cacheKey=gantry-1785440254:0
[   20493ms] [INFO] Jul-30 22:56:52.074 [QUIP] (T023EV54RR7) QUIP-EPHEMERAL-NOTIFICATION Ephemeral message with timestamp:1785445012.000100 in file channel for fileId: @ https://a.slack-edge.com/bv1-13-br/gantry-v2-shared.3421452a627674f7.min.js?cacheKey=gantry-1785440254:0
[   20494ms] [INFO] Jul-30 22:56:52.075 [COUNTS] (T023EV54RR7) Updated unread_cnt for D0BMT4F1SL8: 1 @ https://a.slack-edge.com/bv1-13-br/gantry-v2-shared.3421452a627674f7.min.js?cacheKey=gantry-1785440254:0
[   20496ms] [INFO] Jul-30 22:56:52.077 [CHECK-UNREADS] (T023EV54RR7) Not marking D0BMT4F1SL8 because attention not on chat (fs_modal_is_showing) @ https://a.slack-edge.com/bv1-13-br/gantry-v2-shared.3421452a627674f7.min.js?cacheKey=gantry-1785440254:0
[   20605ms] [INFO] Jul-30 22:56:52.186 [UFM] (T023EV54RR7) requesting B0BLWQQKK0W (1) @ https://a.slack-edge.com/bv1-13-br/gantry-v2-shared.3421452a627674f7.min.js?cacheKey=gantry-1785440254:0
[   20605ms] [ERROR] Jul-30 22:56:52.187 (?) {error: debug_bots_info_missing_app_id} {botIds: B0BLWQQKK0W, totalBotIds: 1, totalAppIds: 0, teamId: T023EV54RR7} @ https://a.slack-edge.com/bv1-13-br/gantry-v2-shared.3421452a627674f7.min.js?cacheKey=gantry-1785440254:0
[   20607ms] [INFO] Jul-30 22:56:52.189 [API-Q] (T023EV54RR7) noversion-1785445012.188 Flannel users/info called with reason: flannel-call:users/info @ https://a.slack-edge.com/bv1-13-br/gantry-v2-shared.3421452a627674f7.min.js?cacheKey=gantry-1785440254:0
[   20608ms] [INFO] Jul-30 22:56:52.190 [API-Q] (T023EV54RR7) noversion-1785445012.188 Flannel users/info is ENQUEUED @ https://a.slack-edge.com/bv1-13-br/gantry-v2-shared.3421452a627674f7.min.js?cacheKey=gantry-1785440254:0
[   20609ms] [INFO] Jul-30 22:56:52.191 [API-Q] (T023EV54RR7) noversion-1785445012.188 Flannel users/info is ACTIVE @ https://a.slack-edge.com/bv1-13-br/gantry-v2-shared.3421452a627674f7.min.js?cacheKey=gantry-1785440254:0
[   20761ms] [INFO] Jul-30 22:56:52.343 [API-Q] (T023EV54RR7) noversion-1785445012.188 Flannel users/info is RESOLVED @ https://a.slack-edge.com/bv1-13-br/gantry-v2-shared.3421452a627674f7.min.js?cacheKey=gantry-1785440254:0
[   20762ms] [INFO] Jul-30 22:56:52.344 [UFM] (T023EV54RR7) received B0BLWQQKK0W (1) @ https://a.slack-edge.com/bv1-13-br/gantry-v2-shared.3421452a627674f7.min.js?cacheKey=gantry-1785440254:0
[   20782ms] [INFO] Jul-30 22:56:52.364 [DND_V2] (T023EV54RR7) fetchAndUpsertDndForUsers - Preparing to fetch DND times for the following members: X00000000 @ https://a.slack-edge.com/bv1-13-br/gantry-v2-shared.3421452a627674f7.min.js?cacheKey=gantry-1785440254:0
[   20783ms] [INFO] Jul-30 22:56:52.365 [API-Q] (T023EV54RR7) c891cfd1-1785445012.364 dnd.teamInfo called with reason: fetchAndUpsertDndForUsers-getDndTimesFor:others @ https://a.slack-edge.com/bv1-13-br/gantry-v2-shared.3421452a627674f7.min.js?cacheKey=gantry-1785440254:0
[   20784ms] [INFO] Jul-30 22:56:52.365 [API-Q] (T023EV54RR7) c891cfd1-1785445012.364 dnd.teamInfo is ENQUEUED @ https://a.slack-edge.com/bv1-13-br/gantry-v2-shared.3421452a627674f7.min.js?cacheKey=gantry-1785440254:0
[   20785ms] [INFO] Jul-30 22:56:52.367 [API-Q] (T023EV54RR7) c891cfd1-1785445012.364 dnd.teamInfo is ACTIVE @ https://a.slack-edge.com/bv1-13-br/gantry-v2-shared.3421452a627674f7.min.js?cacheKey=gantry-1785440254:0
[   20847ms] [INFO] Jul-30 22:56:52.428 [CHECK-UNREADS] (T023EV54RR7) Checking unreads after unread line became visible @ https://a.slack-edge.com/bv1-13-br/gantry-v2-shared.3421452a627674f7.min.js?cacheKey=gantry-1785440254:0
[   20847ms] [INFO] Jul-30 22:56:52.428 [CHECK-UNREADS] (T023EV54RR7) Not marking D0BMT4F1SL8 because attention not on chat (fs_modal_is_showing) @ https://a.slack-edge.com/bv1-13-br/gantry-v2-shared.3421452a627674f7.min.js?cacheKey=gantry-1785440254:0
[   20916ms] [INFO] Jul-30 22:56:52.498 [API-Q] (T023EV54RR7) c891cfd1-1785445012.364 dnd.teamInfo is REJECTED: API not ok user_not_found @ https://a.slack-edge.com/bv1-13-br/gantry-v2-shared.3421452a627674f7.min.js?cacheKey=gantry-1785440254:0
[   20920ms] [WARNING] Jul-30 22:56:52.502 DND (T023EV54RR7) Failed to fetch DND info for the following members: X00000000 @ https://a.slack-edge.com/bv1-13-br/gantry-v2-shared.3421452a627674f7.min.js?cacheKey=gantry-1785440254:0
[   21858ms] [INFO] Jul-30 22:56:53.440 [ALLTHREADSROWELEMENT] (T023EV54RR7) From channel badges count, has unreads: false with badge count: 0 @ https://a.slack-edge.com/bv1-13-br/gantry-v2-shared.3421452a627674f7.min.js?cacheKey=gantry-1785440254:0
[   22018ms] [INFO] Jul-30 22:56:53.599 [ACTION:CONTEXTUAL-HELP-MODAL] (T023EV54RR7) Changed should_show_contextual_help_for_section_navigation: false @ https://a.slack-edge.com/bv1-13-br/gantry-v2-shared.3421452a627674f7.min.js?cacheKey=gantry-1785440254:0
[   22019ms] [INFO] Jul-30 22:56:53.600 [API-Q] (T023EV54RR7) c891cfd1-1785445013.600 users.prefs.set called with reason: prefs-api/setUserPrefByApi @ https://a.slack-edge.com/bv1-13-br/gantry-v2-shared.3421452a627674f7.min.js?cacheKey=gantry-1785440254:0
[   22019ms] [INFO] Jul-30 22:56:53.600 [API-Q] (T023EV54RR7) c891cfd1-1785445013.600 users.prefs.set is ENQUEUED @ https://a.slack-edge.com/bv1-13-br/gantry-v2-shared.3421452a627674f7.min.js?cacheKey=gantry-1785440254:0
[   22020ms] [INFO] Jul-30 22:56:53.602 [API-Q] (T023EV54RR7) c891cfd1-1785445013.600 users.prefs.set is ACTIVE @ https://a.slack-edge.com/bv1-13-br/gantry-v2-shared.3421452a627674f7.min.js?cacheKey=gantry-1785440254:0
[   22165ms] [INFO] Jul-30 22:56:53.747 [API-Q] (T023EV54RR7) c891cfd1-1785445013.600 users.prefs.set is RESOLVED @ https://a.slack-edge.com/bv1-13-br/gantry-v2-shared.3421452a627674f7.min.js?cacheKey=gantry-1785440254:0
[   33897ms] [INFO] Jul-30 22:57:05.478 [ACTION:UNREAD-BANNER] Mark D0BMT4F1SL8 read @ https://a.slack-edge.com/bv1-13-br/gantry-v2-shared.3421452a627674f7.min.js?cacheKey=gantry-1785440254:0
[   33898ms] [INFO] Jul-30 22:57:05.480 [SET-LAST-READ] (T023EV54RR7) markLastRead D0BMT4F1SL8:1785445012.000100, immediate: false @ https://a.slack-edge.com/bv1-13-br/gantry-v2-shared.3421452a627674f7.min.js?cacheKey=gantry-1785440254:0
[   33900ms] [INFO] Jul-30 22:57:05.482 [SET-LAST-READ] (T023EV54RR7) delaying D0BMT4F1SL8:1785445012.000100 mark by 4150.83225276147ms @ https://a.slack-edge.com/bv1-13-br/gantry-v2-shared.3421452a627674f7.min.js?cacheKey=gantry-1785440254:0
[   33902ms] [INFO] Jul-30 22:57:05.483 [UNREAD-COUNTS] (T023EV54RR7) Counting unreads in D0BMT4F1SL8 because last_read changed to 1785445012.000100 @ https://a.slack-edge.com/bv1-13-br/gantry-v2-shared.3421452a627674f7.min.js?cacheKey=gantry-1785440254:0
[   33902ms] [INFO] Jul-30 22:57:05.484 [COUNTS] (T023EV54RR7) Updated unread_cnt for D0BMT4F1SL8: 0 @ https://a.slack-edge.com/bv1-13-br/gantry-v2-shared.3421452a627674f7.min.js?cacheKey=gantry-1785440254:0
[   38050ms] [INFO] Jul-30 22:57:09.632 [SET-LAST-READ] (T023EV54RR7) delay resolved, marking D0BMT4F1SL8:1785445012.000100 with API @ https://a.slack-edge.com/bv1-13-br/gantry-v2-shared.3421452a627674f7.min.js?cacheKey=gantry-1785440254:0
[   38051ms] [INFO] Jul-30 22:57:09.632 [SET-LAST-READ] (T023EV54RR7) dispatch conversations.mark with markWithAPI D0BMT4F1SL8:1785445012.000100 @ https://a.slack-edge.com/bv1-13-br/gantry-v2-shared.3421452a627674f7.min.js?cacheKey=gantry-1785440254:0
[   38052ms] [INFO] Jul-30 22:57:09.633 [API-Q] (T023EV54RR7) c891cfd1-1785445029.633 conversations.mark called with reason: clicked @ https://a.slack-edge.com/bv1-13-br/gantry-v2-shared.3421452a627674f7.min.js?cacheKey=gantry-1785440254:0
[   38052ms] [INFO] Jul-30 22:57:09.633 [API-Q] (T023EV54RR7) c891cfd1-1785445029.633 conversations.mark is ENQUEUED @ https://a.slack-edge.com/bv1-13-br/gantry-v2-shared.3421452a627674f7.min.js?cacheKey=gantry-1785440254:0
[   38053ms] [INFO] Jul-30 22:57:09.634 [API-Q] (T023EV54RR7) c891cfd1-1785445029.633 conversations.mark is ACTIVE @ https://a.slack-edge.com/bv1-13-br/gantry-v2-shared.3421452a627674f7.min.js?cacheKey=gantry-1785440254:0
[   38210ms] [INFO] Jul-30 22:57:09.792 [RTM-BADGE-COUNTS-UPDA] (T023EV54RR7) badge_counts_updated @ https://a.slack-edge.com/bv1-13-br/gantry-v2-shared.3421452a627674f7.min.js?cacheKey=gantry-1785440254:0
[   38236ms] [INFO] Jul-30 22:57:09.817 [API-Q] (T023EV54RR7) c891cfd1-1785445029.633 conversations.mark is RESOLVED @ https://a.slack-edge.com/bv1-13-br/gantry-v2-shared.3421452a627674f7.min.js?cacheKey=gantry-1785440254:0
[   40301ms] [INFO] Jul-30 22:57:11.883 [QUIP] (T023EV54RR7) Initializing Collab SDK client: preload @ https://a.slack-edge.com/bv1-13-br/gantry-v2-shared.3421452a627674f7.min.js?cacheKey=gantry-1785440254:0
[   40313ms] [LOG] [WD] All assets have reported back; s: 16; f: 0 @ https://app.slack.com/client/T023EV54RR7/C023EV55AGH:0
[   40635ms] [INFO] [QUIP] SystemJS Fork initialized 1785445032216-0.34028962356926273 @ https://a.slack-edge.com/canvas_blob/RxnEyllqIW_9mizf1vEgeA-module-loader:0
[   40687ms] [INFO] [Diagnostics] Adding window recorder dcf58cbb3523428cabbc01335 @ https://a.slack-edge.com/canvas_blob/TwIey7se6mQ0_u3Pa4Mm9Q:1
[   40722ms] [INFO] Jul-30 22:57:12.303 [QUIP] (T023EV54RR7) {type: set_current_user_id, timestamp_ms: 1785445032302, user_id: SaM9EAsRpWG} @ https://a.slack-edge.com/bv1-13-br/gantry-v2-shared.3421452a627674f7.min.js?cacheKey=gantry-1785440254:0
[   40724ms] [WARNING] Jul-30 22:57:12.305 TRACER (T023EV54RR7) (canvas:collab-init) was forced closed and marked with the _flush=true tag. @ https://a.slack-edge.com/bv1-13-br/gantry-v2-shared.3421452a627674f7.min.js?cacheKey=gantry-1785440254:0
[   40724ms] [WARNING] Jul-30 22:57:12.305 TRACER (T023EV54RR7) (canvas:await-callback) was forced closed and marked with the _flush=true tag. @ https://a.slack-edge.com/bv1-13-br/gantry-v2-shared.3421452a627674f7.min.js?cacheKey=gantry-1785440254:0
[   41150ms] [LOG] [CRDT] Automerge loaded. @ https://a.slack-edge.com/canvas_blob/TwIey7se6mQ0_u3Pa4Mm9Q:1
[   60370ms] [INFO] Jul-30 22:57:31.951 [TABCOMPLETE] (T023EV54RR7) start search with 1 char query @ https://a.slack-edge.com/bv1-13-br/gantry-v2-shared.3421452a627674f7.min.js?cacheKey=gantry-1785440254:0
[   60373ms] [INFO] Jul-30 22:57:31.954 [API-Q] (T023EV54RR7) c891cfd1-1785445051.953 search.autocomplete.triggers called with reason: slash-command-menu @ https://a.slack-edge.com/bv1-13-br/gantry-v2-shared.3421452a627674f7.min.js?cacheKey=gantry-1785440254:0
[   60373ms] [INFO] Jul-30 22:57:31.955 [API-Q] (T023EV54RR7) c891cfd1-1785445051.953 search.autocomplete.triggers is ENQUEUED @ https://a.slack-edge.com/bv1-13-br/gantry-v2-shared.3421452a627674f7.min.js?cacheKey=gantry-1785440254:0
[   60382ms] [INFO] Jul-30 22:57:31.963 [API-Q] (T023EV54RR7) c891cfd1-1785445051.953 search.autocomplete.triggers is ACTIVE @ https://a.slack-edge.com/bv1-13-br/gantry-v2-shared.3421452a627674f7.min.js?cacheKey=gantry-1785440254:0
[   60383ms] [INFO] Jul-30 22:57:31.964 [API-Q] (T023EV54RR7) c891cfd1-1785445051.964 search.autocomplete.offlineFeatures called with reason: search-offline-features @ https://a.slack-edge.com/bv1-13-br/gantry-v2-shared.3421452a627674f7.min.js?cacheKey=gantry-1785440254:0
[   60383ms] [INFO] Jul-30 22:57:31.965 [API-Q] (T023EV54RR7) c891cfd1-1785445051.964 search.autocomplete.offlineFeatures is ENQUEUED @ https://a.slack-edge.com/bv1-13-br/gantry-v2-shared.3421452a627674f7.min.js?cacheKey=gantry-1785440254:0
[   60388ms] [INFO] Jul-30 22:57:31.970 [API-Q] (T023EV54RR7) c891cfd1-1785445051.964 search.autocomplete.offlineFeatures is ACTIVE @ https://a.slack-edge.com/bv1-13-br/gantry-v2-shared.3421452a627674f7.min.js?cacheKey=gantry-1785440254:0
[   60393ms] [INFO] Jul-30 22:57:31.974 [API-Q] (T023EV54RR7) c891cfd1-1785445051.974 search.autocomplete.model called with reason: AutocompleteModelCache @ https://a.slack-edge.com/bv1-13-br/gantry-v2-shared.3421452a627674f7.min.js?cacheKey=gantry-1785440254:0
[   60393ms] [INFO] Jul-30 22:57:31.974 [API-Q] (T023EV54RR7) c891cfd1-1785445051.974 search.autocomplete.model is ENQUEUED @ https://a.slack-edge.com/bv1-13-br/gantry-v2-shared.3421452a627674f7.min.js?cacheKey=gantry-1785440254:0
[   60393ms] [INFO] Jul-30 22:57:31.975 [API-Q] (T023EV54RR7) c891cfd1-1785445051.975 search.autocomplete.intentModel called with reason: AutocompleteModelCache @ https://a.slack-edge.com/bv1-13-br/gantry-v2-shared.3421452a627674f7.min.js?cacheKey=gantry-1785440254:0
[   60393ms] [INFO] Jul-30 22:57:31.975 [API-Q] (T023EV54RR7) c891cfd1-1785445051.975 search.autocomplete.intentModel is ENQUEUED @ https://a.slack-edge.com/bv1-13-br/gantry-v2-shared.3421452a627674f7.min.js?cacheKey=gantry-1785440254:0
[   60401ms] [INFO] Jul-30 22:57:31.983 [API-Q] (T023EV54RR7) c891cfd1-1785445051.974 search.autocomplete.model is ACTIVE @ https://a.slack-edge.com/bv1-13-br/gantry-v2-shared.3421452a627674f7.min.js?cacheKey=gantry-1785440254:0
[   60402ms] [INFO] Jul-30 22:57:31.983 [API-Q] (T023EV54RR7) c891cfd1-1785445051.975 search.autocomplete.intentModel is ACTIVE @ https://a.slack-edge.com/bv1-13-br/gantry-v2-shared.3421452a627674f7.min.js?cacheKey=gantry-1785440254:0
[   60402ms] [INFO] Jul-30 22:57:31.984 [TABCOMPLETE] (T023EV54RR7) end search with 1 char query @ https://a.slack-edge.com/bv1-13-br/gantry-v2-shared.3421452a627674f7.min.js?cacheKey=gantry-1785440254:0
[   60410ms] [INFO] Jul-30 22:57:31.991 [TABCOMPLETE] (T023EV54RR7) received 25 results for 1 char query @ https://a.slack-edge.com/bv1-13-br/gantry-v2-shared.3421452a627674f7.min.js?cacheKey=gantry-1785440254:0
[   60410ms] [INFO] Jul-30 22:57:31.992 [TABCOMPLETE] (T023EV54RR7) opening menu @ https://a.slack-edge.com/bv1-13-br/gantry-v2-shared.3421452a627674f7.min.js?cacheKey=gantry-1785440254:0
[   60411ms] [INFO] Jul-30 22:57:31.993 [TABCOMPLETE] (T023EV54RR7) received 25 results for 1 char query @ https://a.slack-edge.com/bv1-13-br/gantry-v2-shared.3421452a627674f7.min.js?cacheKey=gantry-1785440254:0
[   60412ms] [INFO] Jul-30 22:57:31.993 [TABCOMPLETE] (T023EV54RR7) opening menu @ https://a.slack-edge.com/bv1-13-br/gantry-v2-shared.3421452a627674f7.min.js?cacheKey=gantry-1785440254:0
[   60459ms] [INFO] Jul-30 22:57:32.041 [UFM-PERMISSIONS] (T023EV54RR7) requesting SET_CHANNEL_TOPIC (1) @ https://a.slack-edge.com/bv1-13-br/gantry-v2-shared.3421452a627674f7.min.js?cacheKey=gantry-1785440254:0
[   60460ms] [INFO] Jul-30 22:57:32.042 [API-Q] (T023EV54RR7) noversion-1785445052.041 Flannel permissions/info called with reason: flannel-call:permissions/info @ https://a.slack-edge.com/bv1-13-br/gantry-v2-shared.3421452a627674f7.min.js?cacheKey=gantry-1785440254:0
[   60460ms] [INFO] Jul-30 22:57:32.042 [API-Q] (T023EV54RR7) noversion-1785445052.041 Flannel permissions/info is ENQUEUED @ https://a.slack-edge.com/bv1-13-br/gantry-v2-shared.3421452a627674f7.min.js?cacheKey=gantry-1785440254:0
[   60461ms] [INFO] Jul-30 22:57:32.042 [API-Q] (T023EV54RR7) noversion-1785445052.041 Flannel permissions/info is ACTIVE @ https://a.slack-edge.com/bv1-13-br/gantry-v2-shared.3421452a627674f7.min.js?cacheKey=gantry-1785440254:0
[   60461ms] [INFO] Jul-30 22:57:32.043 [UFM] (T023EV54RR7) requesting AFV5ECLBZ,AJBCW09GU,A01BP7R4KNY,A0F82E57C,A53TM6XA9,A6NL8MJ6Q (1) @ https://a.slack-edge.com/bv1-13-br/gantry-v2-shared.3421452a627674f7.min.js?cacheKey=gantry-1785440254:0
[   60462ms] [INFO] Jul-30 22:57:32.043 [API-Q] (T023EV54RR7) noversion-1785445052.043 Flannel apps/info called with reason: flannel-call:apps/info @ https://a.slack-edge.com/bv1-13-br/gantry-v2-shared.3421452a627674f7.min.js?cacheKey=gantry-1785440254:0
[   60462ms] [INFO] Jul-30 22:57:32.043 [API-Q] (T023EV54RR7) noversion-1785445052.043 Flannel apps/info is ENQUEUED @ https://a.slack-edge.com/bv1-13-br/gantry-v2-shared.3421452a627674f7.min.js?cacheKey=gantry-1785440254:0
[   60462ms] [INFO] Jul-30 22:57:32.044 [API-Q] (T023EV54RR7) noversion-1785445052.043 Flannel apps/info is ACTIVE @ https://a.slack-edge.com/bv1-13-br/gantry-v2-shared.3421452a627674f7.min.js?cacheKey=gantry-1785440254:0
[   60510ms] [INFO] Jul-30 22:57:32.091 [API-Q] (T023EV54RR7) noversion-1785445052.041 Flannel permissions/info is RESOLVED @ https://a.slack-edge.com/bv1-13-br/gantry-v2-shared.3421452a627674f7.min.js?cacheKey=gantry-1785440254:0
[   60510ms] [INFO] Jul-30 22:57:32.091 [UFM-PERMISSIONS] (T023EV54RR7) received SET_CHANNEL_TOPIC (1) @ https://a.slack-edge.com/bv1-13-br/gantry-v2-shared.3421452a627674f7.min.js?cacheKey=gantry-1785440254:0
[   60533ms] [INFO] Jul-30 22:57:32.115 [API-Q] (T023EV54RR7) c891cfd1-1785445051.964 search.autocomplete.offlineFeatures is RESOLVED @ https://a.slack-edge.com/bv1-13-br/gantry-v2-shared.3421452a627674f7.min.js?cacheKey=gantry-1785440254:0
[   60535ms] [INFO] Jul-30 22:57:32.116 [API-Q] (T023EV54RR7) c891cfd1-1785445051.953 search.autocomplete.triggers is RESOLVED @ https://a.slack-edge.com/bv1-13-br/gantry-v2-shared.3421452a627674f7.min.js?cacheKey=gantry-1785440254:0
[   60536ms] [INFO] Jul-30 22:57:32.117 [API-Q] (T023EV54RR7) c891cfd1-1785445051.975 search.autocomplete.intentModel is RESOLVED @ https://a.slack-edge.com/bv1-13-br/gantry-v2-shared.3421452a627674f7.min.js?cacheKey=gantry-1785440254:0
[   60540ms] [INFO] Jul-30 22:57:32.122 [API-Q] (T023EV54RR7) c891cfd1-1785445051.974 search.autocomplete.model is RESOLVED @ https://a.slack-edge.com/bv1-13-br/gantry-v2-shared.3421452a627674f7.min.js?cacheKey=gantry-1785440254:0
[   60717ms] [INFO] Jul-30 22:57:32.299 [API-Q] (T023EV54RR7) noversion-1785445052.043 Flannel apps/info is RESOLVED @ https://a.slack-edge.com/bv1-13-br/gantry-v2-shared.3421452a627674f7.min.js?cacheKey=gantry-1785440254:0
[   60718ms] [INFO] Jul-30 22:57:32.299 [UFM] (T023EV54RR7) received AFV5ECLBZ,AJBCW09GU,A01BP7R4KNY,A0F82E57C,A53TM6XA9,A6NL8MJ6Q (1) @ https://a.slack-edge.com/bv1-13-br/gantry-v2-shared.3421452a627674f7.min.js?cacheKey=gantry-1785440254:0
[   60718ms] [WARNING] Jul-30 22:57:32.300 UFM (T023EV54RR7) UnknownFetchManager requested 6 objects but received 4. Missing objects: A0F82E57C,A53TM6XA9 @ https://a.slack-edge.com/bv1-13-br/gantry-v2-shared.3421452a627674f7.min.js?cacheKey=gantry-1785440254:0
[   61354ms] [INFO] Jul-30 22:57:32.935 [DRAFTS] (T023EV54RR7) Storing draft changes locally - D0BMT4F1SL8 @ https://a.slack-edge.com/bv1-13-br/gantry-v2-shared.3421452a627674f7.min.js?cacheKey=gantry-1785440254:0
[   61758ms] [INFO] Jul-30 22:57:33.340 [DRAFTS] (T023EV54RR7) Clearing a local draft - D0BMT4F1SL8 @ https://a.slack-edge.com/bv1-13-br/gantry-v2-shared.3421452a627674f7.min.js?cacheKey=gantry-1785440254:0
[   61760ms] [INFO] Jul-30 22:57:33.341 [DRAFTS] Cancelling a pending draft sync - D0BMT4F1SL8 @ https://a.slack-edge.com/bv1-13-br/gantry-v2-shared.3421452a627674f7.min.js?cacheKey=gantry-1785440254:0
[   61776ms] [INFO] Jul-30 22:57:33.358 [TABCOMPLETE] (T023EV54RR7) closing menu @ https://a.slack-edge.com/bv1-13-br/gantry-v2-shared.3421452a627674f7.min.js?cacheKey=gantry-1785440254:0
[   61780ms] [INFO] Jul-30 22:57:33.361 [TABCOMPLETE] (T023EV54RR7) closing menu @ https://a.slack-edge.com/bv1-13-br/gantry-v2-shared.3421452a627674f7.min.js?cacheKey=gantry-1785440254:0
[   67073ms] [INFO] Jul-30 22:57:38.654 [API-Q] (T023EV54RR7) c891cfd1-1785445058.654 client.counts called with reason: pollClientCountsAfterTimeout @ https://a.slack-edge.com/bv1-13-br/gantry-v2-shared.3421452a627674f7.min.js?cacheKey=gantry-1785440254:0
[   67073ms] [INFO] Jul-30 22:57:38.655 [API-Q] (T023EV54RR7) c891cfd1-1785445058.654 client.counts is ENQUEUED @ https://a.slack-edge.com/bv1-13-br/gantry-v2-shared.3421452a627674f7.min.js?cacheKey=gantry-1785440254:0
[   67074ms] [INFO] Jul-30 22:57:38.655 [API-Q] (T023EV54RR7) c891cfd1-1785445058.654 client.counts is ACTIVE @ https://a.slack-edge.com/bv1-13-br/gantry-v2-shared.3421452a627674f7.min.js?cacheKey=gantry-1785440254:0
[   67239ms] [INFO] Jul-30 22:57:38.820 [API-Q] (T023EV54RR7) c891cfd1-1785445058.654 client.counts is RESOLVED @ https://a.slack-edge.com/bv1-13-br/gantry-v2-shared.3421452a627674f7.min.js?cacheKey=gantry-1785440254:0
[   67241ms] [INFO] Jul-30 22:57:38.822 [COUNTS] (T023EV54RR7) Applying counts to channels. wasLastConnectFast: false isConnected: true applying: 34 out of total: 34 @ https://a.slack-edge.com/bv1-13-br/gantry-v2-shared.3421452a627674f7.min.js?cacheKey=gantry-1785440254:0
[   67243ms] [INFO] Jul-30 22:57:38.824 [COUNTS] (T023EV54RR7) Threads has_unreads:false mention_count:0 @ https://a.slack-edge.com/bv1-13-br/gantry-v2-shared.3421452a627674f7.min.js?cacheKey=gantry-1785440254:0
[   67244ms] [INFO] Jul-30 22:57:38.825 [COUNTS] (T023EV54RR7) Completed counts processing @ https://a.slack-edge.com/bv1-13-br/gantry-v2-shared.3421452a627674f7.min.js?cacheKey=gantry-1785440254:0
[   67247ms] [INFO] Jul-30 22:57:38.829 [ALLTHREADSROWELEMENT] (T023EV54RR7) From channel badges count, has unreads: false with badge count: 0 @ https://a.slack-edge.com/bv1-13-br/gantry-v2-shared.3421452a627674f7.min.js?cacheKey=gantry-1785440254:0
[  123952ms] [INFO] Jul-30 22:58:35.534 [CHECK-FOR-OLD-CHANNEL] (T023EV54RR7) Start cleaning up DMs/MPDMs — starting with 19 entries. @ https://a.slack-edge.com/bv1-13-br/gantry-v2-shared.3421452a627674f7.min.js?cacheKey=gantry-1785440254:0
[  123952ms] [INFO] Jul-30 22:58:35.534 [CHECK-FOR-OLD-CHANNEL] (T023EV54RR7) Eligible DMs/MPDMs for cleanup — [external DMs]:0, [internal DMs]: 7, [app DMs]: 8 @ https://a.slack-edge.com/bv1-13-br/gantry-v2-shared.3421452a627674f7.min.js?cacheKey=gantry-1785440254:0
[  123953ms] [INFO] Jul-30 22:58:35.534 [CHECK-FOR-OLD-CHANNEL] (T023EV54RR7) Identified 0 DMs/MPDMs of externalDMs type for closure @ https://a.slack-edge.com/bv1-13-br/gantry-v2-shared.3421452a627674f7.min.js?cacheKey=gantry-1785440254:0
[  123953ms] [INFO] Jul-30 22:58:35.534 [CHECK-FOR-OLD-CHANNEL] (T023EV54RR7) Not eligible D07CWLB1BQF: Not idle @ https://a.slack-edge.com/bv1-13-br/gantry-v2-shared.3421452a627674f7.min.js?cacheKey=gantry-1785440254:0
[  123953ms] [INFO] Jul-30 22:58:35.535 [CHECK-FOR-OLD-CHANNEL] (T023EV54RR7) Not eligible D07DPSW0KC1: Slackbot @ https://a.slack-edge.com/bv1-13-br/gantry-v2-shared.3421452a627674f7.min.js?cacheKey=gantry-1785440254:0
[  123953ms] [INFO] Jul-30 22:58:35.535 [CHECK-FOR-OLD-CHANNEL] (T023EV54RR7) Not eligible D07E015C0MN: Self DM @ https://a.slack-edge.com/bv1-13-br/gantry-v2-shared.3421452a627674f7.min.js?cacheKey=gantry-1785440254:0
[  123953ms] [INFO] Jul-30 22:58:35.535 [CHECK-FOR-OLD-CHANNEL] (T023EV54RR7) Identified 0 DMs/MPDMs of internalDMs type for closure @ https://a.slack-edge.com/bv1-13-br/gantry-v2-shared.3421452a627674f7.min.js?cacheKey=gantry-1785440254:0
[  123954ms] [INFO] Jul-30 22:58:35.535 [CHECK-FOR-OLD-CHANNEL] (T023EV54RR7) Not eligible D0B5PJ7QBLL: Not idle @ https://a.slack-edge.com/bv1-13-br/gantry-v2-shared.3421452a627674f7.min.js?cacheKey=gantry-1785440254:0
[  123954ms] [INFO] Jul-30 22:58:35.535 [CHECK-FOR-OLD-CHANNEL] (T023EV54RR7) Not eligible D0BMT4F1SL8: Not idle @ https://a.slack-edge.com/bv1-13-br/gantry-v2-shared.3421452a627674f7.min.js?cacheKey=gantry-1785440254:0
[  123954ms] [INFO] Jul-30 22:58:35.535 [CHECK-FOR-OLD-CHANNEL] (T023EV54RR7) Identified 0 DMs/MPDMs of appDMs type for closure @ https://a.slack-edge.com/bv1-13-br/gantry-v2-shared.3421452a627674f7.min.js?cacheKey=gantry-1785440254:0
[  123955ms] [INFO] Jul-30 22:58:35.536 [API-Q] (T023EV54RR7) noversion-1785445115.536 Flannel users/info called with reason: flannel-call:users/info @ https://a.slack-edge.com/bv1-13-br/gantry-v2-shared.3421452a627674f7.min.js?cacheKey=gantry-1785440254:0
[  123955ms] [INFO] Jul-30 22:58:35.536 [API-Q] (T023EV54RR7) noversion-1785445115.536 Flannel users/info is ENQUEUED @ https://a.slack-edge.com/bv1-13-br/gantry-v2-shared.3421452a627674f7.min.js?cacheKey=gantry-1785440254:0
[  123956ms] [INFO] Jul-30 22:58:35.537 [API-Q] (T023EV54RR7) noversion-1785445115.536 Flannel users/info is ACTIVE @ https://a.slack-edge.com/bv1-13-br/gantry-v2-shared.3421452a627674f7.min.js?cacheKey=gantry-1785440254:0
[  123995ms] [INFO] Jul-30 22:58:35.576 [API-Q] (T023EV54RR7) noversion-1785445115.536 Flannel users/info is RESOLVED @ https://a.slack-edge.com/bv1-13-br/gantry-v2-shared.3421452a627674f7.min.js?cacheKey=gantry-1785440254:0
[  303953ms] [INFO] Jul-30 23:01:35.534 [SIDEBAR-NOISE-METRICS] (T023EV54RR7) Logging sidebar noise metrics @ https://a.slack-edge.com/bv1-13-br/gantry-v2-shared.3421452a627674f7.min.js?cacheKey=gantry-1785440254:0
[  303953ms] [INFO] Jul-30 23:01:35.534 [SIDEBAR-STATS] (T023EV54RR7) Begin gathering sidebar stats @ https://a.slack-edge.com/bv1-13-br/gantry-v2-shared.3421452a627674f7.min.js?cacheKey=gantry-1785440254:0
[  303954ms] [INFO] Jul-30 23:01:35.536 [SIDEBAR-NOISE-METRICS] (T023EV54RR7) Stored first sidebar metrics (no previous data) @ https://a.slack-edge.com/bv1-13-br/gantry-v2-shared.3421452a627674f7.min.js?cacheKey=gantry-1785440254:0
[  305499ms] [INFO] Jul-30 23:01:37.080 [DND_V2] (T023EV54RR7) Checking for changes in DND status for the following members: U07DB40NK51,U03VCUX8XEG,U069V2P34QZ,U03G9QDHTAN @ https://a.slack-edge.com/bv1-13-br/gantry-v2-shared.3421452a627674f7.min.js?cacheKey=gantry-1785440254:0
[  305500ms] [INFO] Jul-30 23:01:37.082 [DND_V2] (T023EV54RR7) Will check for changes in DND status again in 5 minutes @ https://a.slack-edge.com/bv1-13-br/gantry-v2-shared.3421452a627674f7.min.js?cacheKey=gantry-1785440254:0
