[    1149ms] [INFO] Jul-30 22:49:34.995 [METRICS] Starting timers for metrics collection @ https://a.slack-edge.com/bv1-13-br/gantry-v2-shared.3421452a627674f7.min.js?cacheKey=gantry-1785440254:0
[    1615ms] [INFO] Jul-30 22:49:35.462 [APP] client-v2 @ https://a.slack-edge.com/bv1-13-br/gantry-v2-shared.3421452a627674f7.min.js?cacheKey=gantry-1785440254:0
[    1615ms] [INFO] Jul-30 22:49:35.462 [DATE/TIME] 1785444575462 Thu Jul 30 2026 22:49:35 GMT+0200 (Central European Summer Time) @ https://a.slack-edge.com/bv1-13-br/gantry-v2-shared.3421452a627674f7.min.js?cacheKey=gantry-1785440254:0
[    1615ms] [INFO] Jul-30 22:49:35.462 [VERSION] version_hash: c891cfd1a6109a8e5fc26f69a413bd5be9687c5e @ https://a.slack-edge.com/bv1-13-br/gantry-v2-shared.3421452a627674f7.min.js?cacheKey=gantry-1785440254:0
[    1615ms] [INFO] Jul-30 22:49:35.463 [VERSION] version_ts: 1785440254 @ https://a.slack-edge.com/bv1-13-br/gantry-v2-shared.3421452a627674f7.min.js?cacheKey=gantry-1785440254:0
[    1615ms] [INFO] Jul-30 22:49:35.463 [VERSION] min_version_data_ts: 1722374725 @ https://a.slack-edge.com/bv1-13-br/gantry-v2-shared.3421452a627674f7.min.js?cacheKey=gantry-1785440254:0
[    1615ms] [INFO] Jul-30 22:49:35.463 [URL] https://app.slack.com/client/T023EV54RR7 @ https://a.slack-edge.com/bv1-13-br/gantry-v2-shared.3421452a627674f7.min.js?cacheKey=gantry-1785440254:0
[    1616ms] [INFO] Jul-30 22:49:35.464 [AUTH] Credentials are fresh (psc=1785434404, csc=1785434404) @ https://a.slack-edge.com/bv1-13-br/gantry-v2-shared.3421452a627674f7.min.js?cacheKey=gantry-1785440254:0
[    1617ms] [INFO] Jul-30 22:49:35.464 [LOCAL-CONFIG] ingestIncomingConfig(): no incoming payload to process; current teams: T023EV54RR7:U07DB40NK51 @ https://a.slack-edge.com/bv1-13-br/gantry-v2-shared.3421452a627674f7.min.js?cacheKey=gantry-1785440254:0
[    1617ms] [INFO] Jul-30 22:49:35.465 [BOOT] Initial user team ID: T023EV54RR7 @ https://a.slack-edge.com/bv1-13-br/gantry-v2-shared.3421452a627674f7.min.js?cacheKey=gantry-1785440254:0
[    1619ms] [INFO] Jul-30 22:49:35.466 [BOOT] (T023EV54RR7) Minimum supported data version is 1722374725; currently on undefined @ https://a.slack-edge.com/bv1-13-br/gantry-v2-shared.3421452a627674f7.min.js?cacheKey=gantry-1785440254:0
[    1619ms] [INFO] Jul-30 22:49:35.467 [BOOT] (T023EV54RR7) Skipping checking persisted store because if it exists it's out of date @ https://a.slack-edge.com/bv1-13-br/gantry-v2-shared.3421452a627674f7.min.js?cacheKey=gantry-1785440254:0
[    1620ms] [INFO] Jul-30 22:49:35.467 [PERSIST] (T023EV54RR7) Purging persisted model... @ https://a.slack-edge.com/bv1-13-br/gantry-v2-shared.3421452a627674f7.min.js?cacheKey=gantry-1785440254:0
[    1621ms] [INFO] Jul-30 22:49:35.469 [TRACER] Tracing is not sampled by default for this team. @ https://a.slack-edge.com/bv1-13-br/gantry-v2-shared.3421452a627674f7.min.js?cacheKey=gantry-1785440254:0
[    1644ms] [INFO] Jul-30 22:49:35.491 [TRACER] Tracing is not sampled by default for this session. @ https://a.slack-edge.com/bv1-13-br/gantry-v2-shared.3421452a627674f7.min.js?cacheKey=gantry-1785440254:0
[    1648ms] [INFO] Jul-30 22:49:35.495 [BOOT-QUEUE] T023EV54RR7 noversion-1785444575.494 experiments.getByUser called @ https://a.slack-edge.com/bv1-13-br/gantry-v2-shared.3421452a627674f7.min.js?cacheKey=gantry-1785440254:0
[    1649ms] [INFO] Jul-30 22:49:35.496 [BOOT-QUEUE] T023EV54RR7 noversion-1785444575.494 experiments.getByUser is ENQUEUED @ https://a.slack-edge.com/bv1-13-br/gantry-v2-shared.3421452a627674f7.min.js?cacheKey=gantry-1785440254:0
[    1650ms] [INFO] Jul-30 22:49:35.498 [BOOT-QUEUE] T023EV54RR7 noversion-1785444575.497 api.features called @ https://a.slack-edge.com/bv1-13-br/gantry-v2-shared.3421452a627674f7.min.js?cacheKey=gantry-1785440254:0
[    1650ms] [INFO] Jul-30 22:49:35.498 [BOOT-QUEUE] T023EV54RR7 noversion-1785444575.497 api.features is ENQUEUED @ https://a.slack-edge.com/bv1-13-br/gantry-v2-shared.3421452a627674f7.min.js?cacheKey=gantry-1785440254:0
[    1651ms] [INFO] Jul-30 22:49:35.498 [BOOT-QUEUE] T023EV54RR7 noversion-1785444575.498 features.access.policies.list called @ https://a.slack-edge.com/bv1-13-br/gantry-v2-shared.3421452a627674f7.min.js?cacheKey=gantry-1785440254:0
[    1651ms] [INFO] Jul-30 22:49:35.498 [BOOT-QUEUE] T023EV54RR7 noversion-1785444575.498 features.access.policies.list is ENQUEUED @ https://a.slack-edge.com/bv1-13-br/gantry-v2-shared.3421452a627674f7.min.js?cacheKey=gantry-1785440254:0
[    1653ms] [INFO] Jul-30 22:49:35.500 [BOOT-QUEUE] T023EV54RR7 noversion-1785444575.500 client.shouldReload called with reason: boot @ https://a.slack-edge.com/bv1-13-br/gantry-v2-shared.3421452a627674f7.min.js?cacheKey=gantry-1785440254:0
[    1653ms] [INFO] Jul-30 22:49:35.501 [BOOT-QUEUE] T023EV54RR7 noversion-1785444575.500 client.shouldReload is ENQUEUED @ https://a.slack-edge.com/bv1-13-br/gantry-v2-shared.3421452a627674f7.min.js?cacheKey=gantry-1785440254:0
[    1654ms] [INFO] Jul-30 22:49:35.501 [BOOT] Couldn't determine boot channel. Falling back to default channel @ https://a.slack-edge.com/bv1-13-br/gantry-v2-shared.3421452a627674f7.min.js?cacheKey=gantry-1785440254:0
[    1784ms] [INFO] Jul-30 22:49:35.631 [OBJECT-STORE] attempting to delete shards [] @ https://a.slack-edge.com/bv1-13-br/gantry-v2-shared.3421452a627674f7.min.js?cacheKey=gantry-1785440254:0
[    1786ms] [INFO] Jul-30 22:49:35.633 [OBJECT-STORE-T023EV54] openDB initializing at version 317 @ https://a.slack-edge.com/bv1-13-br/gantry-v2-shared.3421452a627674f7.min.js?cacheKey=gantry-1785440254:0
[    1786ms] [INFO] Jul-30 22:49:35.634 [OBJECT-STORE-T023EV54] openDB adding stores [sundryStorage] @ https://a.slack-edge.com/bv1-13-br/gantry-v2-shared.3421452a627674f7.min.js?cacheKey=gantry-1785440254:0
[    1786ms] [INFO] Jul-30 22:49:35.634 [OBJECT-STORE-T023EV54] openDB removing stores [] @ https://a.slack-edge.com/bv1-13-br/gantry-v2-shared.3421452a627674f7.min.js?cacheKey=gantry-1785440254:0
[    1787ms] [INFO] Jul-30 22:49:35.634 [OBJECT-STORE-T023EV54] openDB clearing stores [] @ https://a.slack-edge.com/bv1-13-br/gantry-v2-shared.3421452a627674f7.min.js?cacheKey=gantry-1785440254:0
[    1832ms] [INFO] Jul-30 22:49:35.680 [BOOT-QUEUE] T023EV54RR7 noversion-1785444575.494 experiments.getByUser is ACTIVE @ https://a.slack-edge.com/bv1-13-br/gantry-v2-shared.3421452a627674f7.min.js?cacheKey=gantry-1785440254:0
[    1833ms] [INFO] Jul-30 22:49:35.680 [BOOT-QUEUE] T023EV54RR7 noversion-1785444575.497 api.features is ACTIVE @ https://a.slack-edge.com/bv1-13-br/gantry-v2-shared.3421452a627674f7.min.js?cacheKey=gantry-1785440254:0
[    1833ms] [INFO] Jul-30 22:49:35.681 [BOOT-QUEUE] T023EV54RR7 noversion-1785444575.498 features.access.policies.list is ACTIVE @ https://a.slack-edge.com/bv1-13-br/gantry-v2-shared.3421452a627674f7.min.js?cacheKey=gantry-1785440254:0
[    1833ms] [INFO] Jul-30 22:49:35.681 [BOOT-QUEUE] T023EV54RR7 noversion-1785444575.500 client.shouldReload is ACTIVE @ https://a.slack-edge.com/bv1-13-br/gantry-v2-shared.3421452a627674f7.min.js?cacheKey=gantry-1785440254:0
[    1836ms] [INFO] Jul-30 22:49:35.684 [PERSIST] (T023EV54RR7) Purged model @ https://a.slack-edge.com/bv1-13-br/gantry-v2-shared.3421452a627674f7.min.js?cacheKey=gantry-1785440254:0
[    1837ms] [INFO] Jul-30 22:49:35.685 [BOOT-QUEUE] T023EV54RR7 noversion-1785444575.685 client.userBoot called with reason: initial-data @ https://a.slack-edge.com/bv1-13-br/gantry-v2-shared.3421452a627674f7.min.js?cacheKey=gantry-1785440254:0
[    1838ms] [INFO] Jul-30 22:49:35.685 [BOOT-QUEUE] T023EV54RR7 noversion-1785444575.685 client.userBoot is ENQUEUED @ https://a.slack-edge.com/bv1-13-br/gantry-v2-shared.3421452a627674f7.min.js?cacheKey=gantry-1785440254:0
[    1838ms] [INFO] Jul-30 22:49:35.686 [BOOT-QUEUE] T023EV54RR7 noversion-1785444575.685 client.userBoot is ACTIVE @ https://a.slack-edge.com/bv1-13-br/gantry-v2-shared.3421452a627674f7.min.js?cacheKey=gantry-1785440254:0
[    1854ms] [INFO] Jul-30 22:49:35.702 [EMOJI_TRANSLATION] Emoji translations not needed for default locale, only adding keywords @ https://a.slack-edge.com/bv1-13-br/gantry-v2-shared.3421452a627674f7.min.js?cacheKey=gantry-1785440254:0
[    1996ms] [INFO] Jul-30 22:49:35.843 [BOOT-QUEUE] T023EV54RR7 noversion-1785444575.500 client.shouldReload is RESOLVED @ https://a.slack-edge.com/bv1-13-br/gantry-v2-shared.3421452a627674f7.min.js?cacheKey=gantry-1785440254:0
[    1999ms] [INFO] Jul-30 22:49:35.846 [BOOT-QUEUE] T023EV54RR7 noversion-1785444575.498 features.access.policies.list is RESOLVED @ https://a.slack-edge.com/bv1-13-br/gantry-v2-shared.3421452a627674f7.min.js?cacheKey=gantry-1785440254:0
[    2000ms] [INFO] Jul-30 22:49:35.847 [BOOT-QUEUE] T023EV54RR7 noversion-1785444575.497 api.features is RESOLVED @ https://a.slack-edge.com/bv1-13-br/gantry-v2-shared.3421452a627674f7.min.js?cacheKey=gantry-1785440254:0
[    2059ms] [INFO] Jul-30 22:49:35.907 [BOOT-QUEUE] T023EV54RR7 noversion-1785444575.685 client.userBoot is RESOLVED @ https://a.slack-edge.com/bv1-13-br/gantry-v2-shared.3421452a627674f7.min.js?cacheKey=gantry-1785440254:0
[    2168ms] [INFO] Jul-30 22:49:36.015 [BOOT-QUEUE] T023EV54RR7 noversion-1785444575.494 experiments.getByUser is RESOLVED @ https://a.slack-edge.com/bv1-13-br/gantry-v2-shared.3421452a627674f7.min.js?cacheKey=gantry-1785440254:0
[    4267ms] [INFO] Jul-30 22:49:38.114 [BOOT] (T023EV54RR7) Booting with empty store @ https://a.slack-edge.com/bv1-13-br/gantry-v2-shared.3421452a627674f7.min.js?cacheKey=gantry-1785440254:0
[    4270ms] [INFO] Jul-30 22:49:38.118 [MIN-VERSION] No need to reload @ https://a.slack-edge.com/bv1-13-br/gantry-v2-shared.3421452a627674f7.min.js?cacheKey=gantry-1785440254:0
[    4274ms] [INFO] Jul-30 22:49:38.121 [BOOT] (T023EV54RR7) Configuring redux store @ https://a.slack-edge.com/bv1-13-br/gantry-v2-shared.3421452a627674f7.min.js?cacheKey=gantry-1785440254:0
[    4284ms] [INFO] Jul-30 22:49:38.131 [BOOT] (T023EV54RR7) Dispatching API data @ https://a.slack-edge.com/bv1-13-br/gantry-v2-shared.3421452a627674f7.min.js?cacheKey=gantry-1785440254:0
[    4285ms] [INFO] Jul-30 22:49:38.132 [BOOT] (T023EV54RR7) Dispatching boot data @ https://a.slack-edge.com/bv1-13-br/gantry-v2-shared.3421452a627674f7.min.js?cacheKey=gantry-1785440254:0
[    4321ms] [INFO] Jul-30 22:49:38.137 [API-Q] (T023EV54RR7) c891cfd1-1785444578.137 sfdc.integration.listOrgs called with reason: fetch-orgs-and-sign-in-silently-v2 @ https://a.slack-edge.com/bv1-13-br/gantry-v2-shared.3421452a627674f7.min.js?cacheKey=gantry-1785440254:0
[    4322ms] [INFO] Jul-30 22:49:38.169 [API-Q] (T023EV54RR7) c891cfd1-1785444578.137 sfdc.integration.listOrgs is ENQUEUED @ https://a.slack-edge.com/bv1-13-br/gantry-v2-shared.3421452a627674f7.min.js?cacheKey=gantry-1785440254:0
[    4352ms] [INFO] Jul-30 22:49:38.200 [MUTED-CHANNELS] (T023EV54RR7) No temporarily muted channels found. @ https://a.slack-edge.com/bv1-13-br/gantry-v2-shared.3421452a627674f7.min.js?cacheKey=gantry-1785440254:0
[    4358ms] [INFO] Jul-30 22:49:38.205 [EMOJI_TRANSLATION] Emoji translations not needed for default locale, only adding keywords @ https://a.slack-edge.com/bv1-13-br/gantry-v2-shared.3421452a627674f7.min.js?cacheKey=gantry-1785440254:0
[    4359ms] [INFO] Jul-30 22:49:38.206 [API-Q] (T023EV54RR7) c891cfd1-1785444578.206 users.prefs.get called with reason: fetch-frecency-prefs @ https://a.slack-edge.com/bv1-13-br/gantry-v2-shared.3421452a627674f7.min.js?cacheKey=gantry-1785440254:0
[    4359ms] [INFO] Jul-30 22:49:38.207 [API-Q] (T023EV54RR7) c891cfd1-1785444578.206 users.prefs.get is ENQUEUED @ https://a.slack-edge.com/bv1-13-br/gantry-v2-shared.3421452a627674f7.min.js?cacheKey=gantry-1785440254:0
[    4360ms] [INFO] Jul-30 22:49:38.207 [BOOT] (T023EV54RR7) workspaces changed since last boot -- invalidating cached state @ https://a.slack-edge.com/bv1-13-br/gantry-v2-shared.3421452a627674f7.min.js?cacheKey=gantry-1785440254:0
[    4362ms] [INFO] Jul-30 22:49:38.209 [API-Q] (T023EV54RR7) c891cfd1-1785444578.209 client.appCommands called with reason: set-model-data @ https://a.slack-edge.com/bv1-13-br/gantry-v2-shared.3421452a627674f7.min.js?cacheKey=gantry-1785440254:0
[    4362ms] [INFO] Jul-30 22:49:38.210 [API-Q] (T023EV54RR7) c891cfd1-1785444578.209 client.appCommands is ENQUEUED @ https://a.slack-edge.com/bv1-13-br/gantry-v2-shared.3421452a627674f7.min.js?cacheKey=gantry-1785440254:0
[    4363ms] [INFO] Jul-30 22:49:38.211 [API-Q] (T023EV54RR7) c891cfd1-1785444578.210 links.getDomains called with reason: siws-get-domains @ https://a.slack-edge.com/bv1-13-br/gantry-v2-shared.3421452a627674f7.min.js?cacheKey=gantry-1785440254:0
[    4363ms] [INFO] Jul-30 22:49:38.211 [API-Q] (T023EV54RR7) c891cfd1-1785444578.210 links.getDomains is ENQUEUED @ https://a.slack-edge.com/bv1-13-br/gantry-v2-shared.3421452a627674f7.min.js?cacheKey=gantry-1785440254:0
[    4366ms] [INFO] Jul-30 22:49:38.213 [API-Q] (T023EV54RR7) c891cfd1-1785444578.137 sfdc.integration.listOrgs is ACTIVE @ https://a.slack-edge.com/bv1-13-br/gantry-v2-shared.3421452a627674f7.min.js?cacheKey=gantry-1785440254:0
[    4366ms] [INFO] Jul-30 22:49:38.214 [API-Q] (T023EV54RR7) c891cfd1-1785444578.206 users.prefs.get is ACTIVE @ https://a.slack-edge.com/bv1-13-br/gantry-v2-shared.3421452a627674f7.min.js?cacheKey=gantry-1785440254:0
[    4366ms] [INFO] Jul-30 22:49:38.214 [API-Q] (T023EV54RR7) c891cfd1-1785444578.209 client.appCommands is ACTIVE @ https://a.slack-edge.com/bv1-13-br/gantry-v2-shared.3421452a627674f7.min.js?cacheKey=gantry-1785440254:0
[    4367ms] [INFO] Jul-30 22:49:38.214 [API-Q] (T023EV54RR7) c891cfd1-1785444578.210 links.getDomains is ACTIVE @ https://a.slack-edge.com/bv1-13-br/gantry-v2-shared.3421452a627674f7.min.js?cacheKey=gantry-1785440254:0
[    4368ms] [INFO] Jul-30 22:49:38.215 [BOOT] (T023EV54RR7) Dispatching initial api data for initial view @ https://a.slack-edge.com/bv1-13-br/gantry-v2-shared.3421452a627674f7.min.js?cacheKey=gantry-1785440254:0
[    4369ms] [INFO] Jul-30 22:49:38.217 [BOOT] (T023EV54RR7) Dispatching conversations.view data from registerBootApi @ https://a.slack-edge.com/bv1-13-br/gantry-v2-shared.3421452a627674f7.min.js?cacheKey=gantry-1785440254:0
[    4382ms] [INFO] Jul-30 22:49:38.230 [BOOT] (T023EV54RR7) processing mutation timestamps for C023EV55AGH @ https://a.slack-edge.com/bv1-13-br/gantry-v2-shared.3421452a627674f7.min.js?cacheKey=gantry-1785440254:0
[    4382ms] [INFO] Jul-30 22:49:38.230 [COUNTS] (T023EV54RR7) purging cached history for channel C023EV55AGH since counts history_invalid 1779975896.001200 > cached historyInvalidTs undefined @ https://a.slack-edge.com/bv1-13-br/gantry-v2-shared.3421452a627674f7.min.js?cacheKey=gantry-1785440254:0
[    4386ms] [INFO] Jul-30 22:49:38.233 [PLATFORM-CHANNEL-ACTI] (T023EV54RR7) setting count for channel C023EV55AGH to 0, and marking channel as stale. @ https://a.slack-edge.com/bv1-13-br/gantry-v2-shared.3421452a627674f7.min.js?cacheKey=gantry-1785440254:0
[    4391ms] [INFO] Jul-30 22:49:38.238 [API-Q] (T023EV54RR7) c891cfd1-1785444578.238 users.stateMachine called with reason: dispatch-onboarding-view-data @ https://a.slack-edge.com/bv1-13-br/gantry-v2-shared.3421452a627674f7.min.js?cacheKey=gantry-1785440254:0
[    4391ms] [INFO] Jul-30 22:49:38.238 [API-Q] (T023EV54RR7) c891cfd1-1785444578.238 users.stateMachine is ENQUEUED @ https://a.slack-edge.com/bv1-13-br/gantry-v2-shared.3421452a627674f7.min.js?cacheKey=gantry-1785440254:0
[    4393ms] [INFO] Jul-30 22:49:38.240 [API-Q] (T023EV54RR7) c891cfd1-1785444578.238 users.stateMachine is ACTIVE @ https://a.slack-edge.com/bv1-13-br/gantry-v2-shared.3421452a627674f7.min.js?cacheKey=gantry-1785440254:0
[    4397ms] [INFO] Jul-30 22:49:38.244 [NAVIGATION-MIDDLEWARE] Starting a new navigation middleware execution {context: client-boot, nextViewSet: Object, nextSplitView: undefined, middlewareCount: 11, nextTab: undefined} @ https://a.slack-edge.com/bv1-13-br/gantry-v2-shared.3421452a627674f7.min.js?cacheKey=gantry-1785440254:0
[    4400ms] [INFO] Jul-30 22:49:38.247 [NAVIGATION-MIDDLEWARE] Async action execution is complete for a view {nextView: Object, results: Array(11), shouldTerminateNavigation: false, executionTime: 1.6000000014901161, nextTab: undefined} @ https://a.slack-edge.com/bv1-13-br/gantry-v2-shared.3421452a627674f7.min.js?cacheKey=gantry-1785440254:0
[    4400ms] [INFO] Jul-30 22:49:38.248 [BOOT] (T023EV54RR7) Boot complete @ https://a.slack-edge.com/bv1-13-br/gantry-v2-shared.3421452a627674f7.min.js?cacheKey=gantry-1785440254:0
[    4404ms] [INFO] Jul-30 22:49:38.251 [API-Q] (T023EV54RR7) c891cfd1-1785444578.251 api.getFlannelHttpUrl called with reason: client-needs-valid-flannel-url @ https://a.slack-edge.com/bv1-13-br/gantry-v2-shared.3421452a627674f7.min.js?cacheKey=gantry-1785440254:0
[    4404ms] [INFO] Jul-30 22:49:38.252 [API-Q] (T023EV54RR7) c891cfd1-1785444578.251 api.getFlannelHttpUrl is ENQUEUED @ https://a.slack-edge.com/bv1-13-br/gantry-v2-shared.3421452a627674f7.min.js?cacheKey=gantry-1785440254:0
[    4405ms] [INFO] Jul-30 22:49:38.253 [DESKTOP-SIDE-EFFECT] (T023EV54RR7) Reacting to  {type: [30] Set a value that represents whether we are currently in the boot phase, payload: false, error: false} @ https://a.slack-edge.com/bv1-13-br/gantry-v2-shared.3421452a627674f7.min.js?cacheKey=gantry-1785440254:0
[    4405ms] [INFO] Jul-30 22:49:38.253 [AUTH] Installing incremental auth handler @ https://a.slack-edge.com/bv1-13-br/gantry-v2-shared.3421452a627674f7.min.js?cacheKey=gantry-1785440254:0
[    4406ms] [INFO] Jul-30 22:49:38.254 [NAVIGATION-MIDDLEWARE] Finish middleware execution for sidebar container {maybeTransformedViewSet: Object, maybeTransformedSplitView: undefined, terminateNavigation: false, isViewTransformed: false, iterationCount: 0} @ https://a.slack-edge.com/bv1-13-br/gantry-v2-shared.3421452a627674f7.min.js?cacheKey=gantry-1785440254:0
[    4408ms] [INFO] Jul-30 22:49:38.255 [SOCKET-MANAGER] (T023EV54RR7) Changing from never_connected to prov_connect @ https://a.slack-edge.com/bv1-13-br/gantry-v2-shared.3421452a627674f7.min.js?cacheKey=gantry-1785440254:0
[    4408ms] [INFO] Jul-30 22:49:38.255 [SOCKET-MANAGER] (T023EV54RR7) will stay in prov_connect state for up to 10000 ms @ https://a.slack-edge.com/bv1-13-br/gantry-v2-shared.3421452a627674f7.min.js?cacheKey=gantry-1785440254:0
[    4409ms] [INFO] Jul-30 22:49:38.256 [SOCKET-MANAGER] (T023EV54RR7) Connecting with token ending: 40f0 @ https://a.slack-edge.com/bv1-13-br/gantry-v2-shared.3421452a627674f7.min.js?cacheKey=gantry-1785440254:0
[    4409ms] [INFO] Jul-30 22:49:38.256 [SOCKET-MANAGER] (T023EV54RR7) Changing from prov_connect to prov_connecting @ https://a.slack-edge.com/bv1-13-br/gantry-v2-shared.3421452a627674f7.min.js?cacheKey=gantry-1785440254:0
[    4409ms] [INFO] Jul-30 22:49:38.257 [SOCKET-MANAGER] (T023EV54RR7) will stay in prov_connecting state for up to 35000 ms @ https://a.slack-edge.com/bv1-13-br/gantry-v2-shared.3421452a627674f7.min.js?cacheKey=gantry-1785440254:0
[    4410ms] [INFO] Jul-30 22:49:38.257 [ENDPOINT-MANAGER] (T023EV54RR7) No stale versions to clear. @ https://a.slack-edge.com/bv1-13-br/gantry-v2-shared.3421452a627674f7.min.js?cacheKey=gantry-1785440254:0
[    4410ms] [INFO] Jul-30 22:49:38.258 [ENDPOINT-MANAGER] (T023EV54RR7) socketUrl - fetching endpoint @ https://a.slack-edge.com/bv1-13-br/gantry-v2-shared.3421452a627674f7.min.js?cacheKey=gantry-1785440254:0
[    4411ms] [INFO] Jul-30 22:49:38.258 [SOCKET-MANAGER-MIDDLE] (T023EV54RR7) Initialized Socket Manager instance @ https://a.slack-edge.com/bv1-13-br/gantry-v2-shared.3421452a627674f7.min.js?cacheKey=gantry-1785440254:0
[    4411ms] [INFO] Jul-30 22:49:38.259 [API-Q] (T023EV54RR7) c891cfd1-1785444578.251 api.getFlannelHttpUrl is ACTIVE @ https://a.slack-edge.com/bv1-13-br/gantry-v2-shared.3421452a627674f7.min.js?cacheKey=gantry-1785440254:0
[    4413ms] [INFO] Jul-30 22:49:38.261 [NAVIGATION-MIDDLEWARE] Async action execution is complete for a view {nextView: Object, results: Array(11), shouldTerminateNavigation: false, executionTime: 7, nextTab: undefined} @ https://a.slack-edge.com/bv1-13-br/gantry-v2-shared.3421452a627674f7.min.js?cacheKey=gantry-1785440254:0
[    4414ms] [INFO] Jul-30 22:49:38.262 [NAVIGATION-MIDDLEWARE] View has been transformed {container: primary, initialView: Object, transformedView: Object, iterationCount: 0} @ https://a.slack-edge.com/bv1-13-br/gantry-v2-shared.3421452a627674f7.min.js?cacheKey=gantry-1785440254:0
[    4414ms] [INFO] Jul-30 22:49:38.262 [NAVIGATION-MIDDLEWARE] Skipping middleware execution for sidebar container as we have cached value {initialView: Object, iterationCount: 1} @ https://a.slack-edge.com/bv1-13-br/gantry-v2-shared.3421452a627674f7.min.js?cacheKey=gantry-1785440254:0
[    4417ms] [INFO] Jul-30 22:49:38.265 [NAVIGATION-MIDDLEWARE] Async action execution is complete for a view {nextView: Object, results: Array(11), shouldTerminateNavigation: false, executionTime: 2.7000000029802322, nextTab: undefined} @ https://a.slack-edge.com/bv1-13-br/gantry-v2-shared.3421452a627674f7.min.js?cacheKey=gantry-1785440254:0
[    4421ms] [INFO] Jul-30 22:49:38.268 [EMOJI_TRANSLATION] Emoji translations not needed for default locale, only adding keywords @ https://a.slack-edge.com/bv1-13-br/gantry-v2-shared.3421452a627674f7.min.js?cacheKey=gantry-1785440254:0
[    4422ms] [INFO] Jul-30 22:49:38.270 [NAVIGATION-MIDDLEWARE] Finish middleware execution for primary container {maybeTransformedViewSet: Object, maybeTransformedSplitView: undefined, terminateNavigation: false, isViewTransformed: false, iterationCount: 1} @ https://a.slack-edge.com/bv1-13-br/gantry-v2-shared.3421452a627674f7.min.js?cacheKey=gantry-1785440254:0
[    4423ms] [INFO] Jul-30 22:49:38.270 [NAVIGATION-MIDDLEWARE] Finish middleware execution for primary container {maybeTransformedViewSet: Object, maybeTransformedSplitView: undefined, terminateNavigation: false, isViewTransformed: true, iterationCount: 0} @ https://a.slack-edge.com/bv1-13-br/gantry-v2-shared.3421452a627674f7.min.js?cacheKey=gantry-1785440254:0
[    4423ms] [INFO] Jul-30 22:49:38.271 [NAVIGATION-MIDDLEWARE] Navigation middleware execution is complete {maybeUpdatedViewSet: Object, maybeUpdatedSplitView: undefined, terminateNavigation: false, executionTime: 25.399999998509884, nextTab: undefined} @ https://a.slack-edge.com/bv1-13-br/gantry-v2-shared.3421452a627674f7.min.js?cacheKey=gantry-1785440254:0
[    4440ms] [INFO] Jul-30 22:49:38.288 [BOOT] (T023EV54RR7) (T023EV54RR7) Mounting client @ https://a.slack-edge.com/bv1-13-br/gantry-v2-shared.3421452a627674f7.min.js?cacheKey=gantry-1785440254:0
[    4632ms] [INFO] Jul-30 22:49:38.479 [COUNTS] (T023EV54RR7) dmsBadgeCount: 0 @ https://a.slack-edge.com/bv1-13-br/gantry-v2-shared.3421452a627674f7.min.js?cacheKey=gantry-1785440254:0
[    4633ms] [INFO] Jul-30 22:49:38.480 [COUNTS] (T023EV54RR7) activityBadgeCount: 0 @ https://a.slack-edge.com/bv1-13-br/gantry-v2-shared.3421452a627674f7.min.js?cacheKey=gantry-1785440254:0
[    4638ms] [INFO] Jul-30 22:49:38.485 [DEVICE-PERMISSIONS-MA] Initializing media device permissions manager @ https://a.slack-edge.com/bv1-13-br/gantry-v2-shared.3421452a627674f7.min.js?cacheKey=gantry-1785440254:0
[    4638ms] [INFO] Jul-30 22:49:38.486 [DEVICE-PERMISSIONS-MA] Using browser device permissions strategy @ https://a.slack-edge.com/bv1-13-br/gantry-v2-shared.3421452a627674f7.min.js?cacheKey=gantry-1785440254:0
[    4639ms] [INFO] Jul-30 22:49:38.486 [DEVICE-PERMISSIONS-MA] Scheduled permissions refresh @ https://a.slack-edge.com/bv1-13-br/gantry-v2-shared.3421452a627674f7.min.js?cacheKey=gantry-1785440254:0
[    4639ms] [INFO] Jul-30 22:49:38.487 [(?)] Initializing device preferences manager with teamId: T023EV54RR7 @ https://a.slack-edge.com/bv1-13-br/gantry-v2-shared.3421452a627674f7.min.js?cacheKey=gantry-1785440254:0
[    4640ms] [INFO] Jul-30 22:49:38.487 [DEVICE-PREFS] Using device preferences manager @ https://a.slack-edge.com/bv1-13-br/gantry-v2-shared.3421452a627674f7.min.js?cacheKey=gantry-1785440254:0
[    4640ms] [INFO] Jul-30 22:49:38.488 [DEVICE-PREFS] No preferred devices found in local storage. @ https://a.slack-edge.com/bv1-13-br/gantry-v2-shared.3421452a627674f7.min.js?cacheKey=gantry-1785440254:0
[    4641ms] [INFO] Jul-30 22:49:38.488 [DEVICE-PREFS] No preferred devices found in local storage. Detecting preferences from selection records @ https://a.slack-edge.com/bv1-13-br/gantry-v2-shared.3421452a627674f7.min.js?cacheKey=gantry-1785440254:0
[    4641ms] [INFO] Jul-30 22:49:38.489 [DEVICE-PREFS] Initializing device preferences manager from local storage @ https://a.slack-edge.com/bv1-13-br/gantry-v2-shared.3421452a627674f7.min.js?cacheKey=gantry-1785440254:0
[    4642ms] [INFO] Jul-30 22:49:38.489 [DEVICE-PREFS] Device selection records: {} @ https://a.slack-edge.com/bv1-13-br/gantry-v2-shared.3421452a627674f7.min.js?cacheKey=gantry-1785440254:0
[    4642ms] [INFO] Jul-30 22:49:38.490 [DEVICE-PREFS] Updating available devices (original flow) @ https://a.slack-edge.com/bv1-13-br/gantry-v2-shared.3421452a627674f7.min.js?cacheKey=gantry-1785440254:0
[    4643ms] [INFO] Jul-30 22:49:38.491 [AVDEVICESERVICE] [AVDeviceService] [LIFECYCLE] [avds_1785444578490] Device enumerator initialized @ https://a.slack-edge.com/bv1-13-br/gantry-v2-shared.3421452a627674f7.min.js?cacheKey=gantry-1785440254:0
[    4719ms] [WARNING] Jul-30 22:49:38.566 TRACER (T023EV54RR7) (boot:time_to_mount_client) was forced closed and marked with the _flush=true tag. @ https://a.slack-edge.com/bv1-13-br/gantry-v2-shared.3421452a627674f7.min.js?cacheKey=gantry-1785440254:0
[    4721ms] [INFO] Jul-30 22:49:38.568 [BOOT] Fetching client.extras {extras: Array(5)} @ https://a.slack-edge.com/bv1-13-br/gantry-v2-shared.3421452a627674f7.min.js?cacheKey=gantry-1785440254:0
[    4722ms] [INFO] Jul-30 22:49:38.569 [API-Q] (T023EV54RR7) c891cfd1-1785444578.569 client.extras called with reason: fetch-client-extras @ https://a.slack-edge.com/bv1-13-br/gantry-v2-shared.3421452a627674f7.min.js?cacheKey=gantry-1785440254:0
[    4722ms] [INFO] Jul-30 22:49:38.570 [API-Q] (T023EV54RR7) c891cfd1-1785444578.569 client.extras is ENQUEUED @ https://a.slack-edge.com/bv1-13-br/gantry-v2-shared.3421452a627674f7.min.js?cacheKey=gantry-1785440254:0
[    4723ms] [INFO] Jul-30 22:49:38.571 [API-Q] (T023EV54RR7) c891cfd1-1785444578.571 drafts.list called with reason: client-v2-boot-team @ https://a.slack-edge.com/bv1-13-br/gantry-v2-shared.3421452a627674f7.min.js?cacheKey=gantry-1785440254:0
[    4724ms] [INFO] Jul-30 22:49:38.571 [API-Q] (T023EV54RR7) c891cfd1-1785444578.571 drafts.list is ENQUEUED @ https://a.slack-edge.com/bv1-13-br/gantry-v2-shared.3421452a627674f7.min.js?cacheKey=gantry-1785440254:0
[    4724ms] [INFO] Jul-30 22:49:38.571 [DRAFTS] (T023EV54RR7) No local drafts - skipping fetch to purge inactive drafts @ https://a.slack-edge.com/bv1-13-br/gantry-v2-shared.3421452a627674f7.min.js?cacheKey=gantry-1785440254:0
[    4727ms] [INFO] Jul-30 22:49:38.575 [EMOJI_TRANSLATION] Emoji translations not needed for default locale, only adding keywords @ https://a.slack-edge.com/bv1-13-br/gantry-v2-shared.3421452a627674f7.min.js?cacheKey=gantry-1785440254:0
[    4728ms] [INFO] Jul-30 22:49:38.576 [API-Q] (T023EV54RR7) c891cfd1-1785444578.576 workflows.triggers.listRecentlyRunForUser called with reason: fetch_and_upsert_recently_run_triggers @ https://a.slack-edge.com/bv1-13-br/gantry-v2-shared.3421452a627674f7.min.js?cacheKey=gantry-1785440254:0
[    4729ms] [INFO] Jul-30 22:49:38.576 [API-Q] (T023EV54RR7) c891cfd1-1785444578.576 workflows.triggers.listRecentlyRunForUser is ENQUEUED @ https://a.slack-edge.com/bv1-13-br/gantry-v2-shared.3421452a627674f7.min.js?cacheKey=gantry-1785440254:0
[    4730ms] [INFO] Jul-30 22:49:38.577 [API-Q] (T023EV54RR7) c891cfd1-1785444578.577 functions.workflows.list called with reason: automations_gallery @ https://a.slack-edge.com/bv1-13-br/gantry-v2-shared.3421452a627674f7.min.js?cacheKey=gantry-1785440254:0
[    4730ms] [INFO] Jul-30 22:49:38.577 [API-Q] (T023EV54RR7) c891cfd1-1785444578.577 functions.workflows.list is ENQUEUED @ https://a.slack-edge.com/bv1-13-br/gantry-v2-shared.3421452a627674f7.min.js?cacheKey=gantry-1785440254:0
[    4731ms] [INFO] Jul-30 22:49:38.578 [API-Q] (T023EV54RR7) c891cfd1-1785444578.578 megaphone.notifications.list called with reason: boot @ https://a.slack-edge.com/bv1-13-br/gantry-v2-shared.3421452a627674f7.min.js?cacheKey=gantry-1785440254:0
[    4731ms] [INFO] Jul-30 22:49:38.579 [API-Q] (T023EV54RR7) c891cfd1-1785444578.578 megaphone.notifications.list is ENQUEUED @ https://a.slack-edge.com/bv1-13-br/gantry-v2-shared.3421452a627674f7.min.js?cacheKey=gantry-1785440254:0
[    4732ms] [INFO] Jul-30 22:49:38.580 [API-Q] (T023EV54RR7) c891cfd1-1785444578.580 megaphone.notifications.list called with reason: boot @ https://a.slack-edge.com/bv1-13-br/gantry-v2-shared.3421452a627674f7.min.js?cacheKey=gantry-1785440254:0
[    4733ms] [INFO] Jul-30 22:49:38.580 [API-Q] (T023EV54RR7) c891cfd1-1785444578.580 megaphone.notifications.list is ENQUEUED @ https://a.slack-edge.com/bv1-13-br/gantry-v2-shared.3421452a627674f7.min.js?cacheKey=gantry-1785440254:0
[    4734ms] [INFO] Jul-30 22:49:38.581 [API-Q] (T023EV54RR7) c891cfd1-1785444578.581 users.prefs.get called with reason: fetch-user-expectation-last-triggered-pref @ https://a.slack-edge.com/bv1-13-br/gantry-v2-shared.3421452a627674f7.min.js?cacheKey=gantry-1785440254:0
[    4734ms] [INFO] Jul-30 22:49:38.581 [API-Q] (T023EV54RR7) c891cfd1-1785444578.581 users.prefs.get is ENQUEUED @ https://a.slack-edge.com/bv1-13-br/gantry-v2-shared.3421452a627674f7.min.js?cacheKey=gantry-1785440254:0
[    4736ms] [INFO] Jul-30 22:49:38.583 [API-Q] (T023EV54RR7) c891cfd1-1785444578.583 activity.views called with reason: fetch-deferred-messaging-client-data @ https://a.slack-edge.com/bv1-13-br/gantry-v2-shared.3421452a627674f7.min.js?cacheKey=gantry-1785440254:0
[    4736ms] [INFO] Jul-30 22:49:38.583 [API-Q] (T023EV54RR7) c891cfd1-1785444578.583 activity.views is ENQUEUED @ https://a.slack-edge.com/bv1-13-br/gantry-v2-shared.3421452a627674f7.min.js?cacheKey=gantry-1785440254:0
[    4746ms] [INFO] Jul-30 22:49:38.586 [API-Q] (T023EV54RR7) c891cfd1-1785444578.586 aiApps.list called with reason: fetch-deferred-messaging-client-data @ https://a.slack-edge.com/bv1-13-br/gantry-v2-shared.3421452a627674f7.min.js?cacheKey=gantry-1785440254:0
[    4746ms] [INFO] Jul-30 22:49:38.593 [API-Q] (T023EV54RR7) c891cfd1-1785444578.586 aiApps.list is ENQUEUED @ https://a.slack-edge.com/bv1-13-br/gantry-v2-shared.3421452a627674f7.min.js?cacheKey=gantry-1785440254:0
[    4747ms] [INFO] Jul-30 22:49:38.595 [API-Q] (T023EV54RR7) c891cfd1-1785444578.569 client.extras is ACTIVE @ https://a.slack-edge.com/bv1-13-br/gantry-v2-shared.3421452a627674f7.min.js?cacheKey=gantry-1785440254:0
[    4748ms] [INFO] Jul-30 22:49:38.595 [API-Q] (T023EV54RR7) c891cfd1-1785444578.571 drafts.list is ACTIVE @ https://a.slack-edge.com/bv1-13-br/gantry-v2-shared.3421452a627674f7.min.js?cacheKey=gantry-1785440254:0
[    4749ms] [INFO] Jul-30 22:49:38.596 [API-Q] (T023EV54RR7) c891cfd1-1785444578.576 workflows.triggers.listRecentlyRunForUser is ACTIVE @ https://a.slack-edge.com/bv1-13-br/gantry-v2-shared.3421452a627674f7.min.js?cacheKey=gantry-1785440254:0
[    4749ms] [INFO] Jul-30 22:49:38.596 [API-Q] (T023EV54RR7) c891cfd1-1785444578.577 functions.workflows.list is ACTIVE @ https://a.slack-edge.com/bv1-13-br/gantry-v2-shared.3421452a627674f7.min.js?cacheKey=gantry-1785440254:0
[    4750ms] [INFO] Jul-30 22:49:38.597 [API-Q] (T023EV54RR7) c891cfd1-1785444578.597 calendar.getInstalledCalendars called with reason: calendar-get-installed-calendars @ https://a.slack-edge.com/bv1-13-br/gantry-v2-shared.3421452a627674f7.min.js?cacheKey=gantry-1785440254:0
[    4750ms] [INFO] Jul-30 22:49:38.598 [API-Q] (T023EV54RR7) c891cfd1-1785444578.597 calendar.getInstalledCalendars is ENQUEUED @ https://a.slack-edge.com/bv1-13-br/gantry-v2-shared.3421452a627674f7.min.js?cacheKey=gantry-1785440254:0
[    4755ms] [INFO] Jul-30 22:49:38.603 [BOOT] Setting reducedSignInWorkflowExperiment object in local storage. teamId: T023EV54RR7, enterpriseId: undefined, isOn: true @ https://a.slack-edge.com/bv1-13-br/gantry-v2-shared.3421452a627674f7.min.js?cacheKey=gantry-1785440254:0
[    4761ms] [INFO] Jul-30 22:49:38.608 [NAVIGATE-LISTENERS] (T023EV54RR7) Starting navigation listeners for triggerType CLIENT_MOUNT @ https://a.slack-edge.com/bv1-13-br/gantry-v2-shared.3421452a627674f7.min.js?cacheKey=gantry-1785440254:0
[    4766ms] [INFO] Jul-30 22:49:38.613 [NAVIGATE-LISTENERS] (T023EV54RR7) Navigation listeners complete without errors @ https://a.slack-edge.com/bv1-13-br/gantry-v2-shared.3421452a627674f7.min.js?cacheKey=gantry-1785440254:0
[    4768ms] [INFO] Jul-30 22:49:38.615 [MIN-VERSION] Starting client min-version poll. @ https://a.slack-edge.com/bv1-13-br/gantry-v2-shared.3421452a627674f7.min.js?cacheKey=gantry-1785440254:0
[    4772ms] [INFO] Jul-30 22:49:38.619 [PERSIST] Purging persisted models, except for the following teamIds [T023EV54RR7] @ https://a.slack-edge.com/bv1-13-br/gantry-v2-shared.3421452a627674f7.min.js?cacheKey=gantry-1785440254:0
[    4820ms] [INFO] Jul-30 22:49:38.668 [CHECK-UNREADS] (T023EV54RR7) Checking unreads after window became focused @ https://a.slack-edge.com/bv1-13-br/gantry-v2-shared.3421452a627674f7.min.js?cacheKey=gantry-1785440254:0
[    4821ms] [INFO] Jul-30 22:49:38.668 [CHECK-UNREADS] (T023EV54RR7) Not marking C023EV55AGH because last_read >= latest && channel is read @ https://a.slack-edge.com/bv1-13-br/gantry-v2-shared.3421452a627674f7.min.js?cacheKey=gantry-1785440254:0
[    4825ms] [INFO] Jul-30 22:49:38.672 [GS_REQUEST] (T023EV54RR7) received a user_change_subscribe_request call while we are not connected; deferring @ https://a.slack-edge.com/bv1-13-br/gantry-v2-shared.3421452a627674f7.min.js?cacheKey=gantry-1785440254:0
[    4826ms] [INFO] Jul-30 22:49:38.674 [UFM-MEMBERS] (T023EV54RR7) requesting U022MJBRP4P,U03VCUX8XEG,U069V2P34QZ,U0232H9HJUT,U03G9QDHTAN,USLACKBOT,U0AGA1KGUL9,U0AULCH6NHM,U0AUVV4RJ8L,U0B5JH9KE7Q,U0B5L09JR4J,U0B9WBSJZNE,U0B9T1517HB,U0B9X2U636E,USLACK,U0BLWQB4GKY (1) @ https://a.slack-edge.com/bv1-13-br/gantry-v2-shared.3421452a627674f7.min.js?cacheKey=gantry-1785440254:0
[    4828ms] [INFO] Jul-30 22:49:38.676 [UFM-PERMISSIONS] (T023EV54RR7) requesting ACCESS_SLACK_AI_SLACKBOT,ACCESS_SLACK_AI_TODAY,ACCESS_SLACK_AI_SEARCH,ACCESS_SLACK_AI_FILTERS,ACCESS_SLACK_AI_HUDDLE_SUMMARIES,CREATE_PUBLIC_CHANNEL,CREATE_PRIVATE_CHANNEL,ACCESS_SLACK_AI_RECAP,ACCESS_SLACK_AI_CHANNEL_THREAD_SUMMARIES,ACCESS_SLACK_AI_FILE_SUMMARIES,READ_AUDIT_LOGS,ARCHIVE_CHANNEL,CONVERT_MPDM_TO_PRIVATE,EDIT_CHANNEL_WORKSPACES,CAN_AT_CHANNEL,VIEW_OVERVIEW_ANALYTICS,VIEW_WORKSPACE_ANALYTICS,VIEW_MEMBER_ANALYTICS,VIEW_ORG_WIDE_CHANNEL_ANALYTICS,VIEW_HUDDLE_ANALYTICS,VIEW_CLIP_ANALYTICS,VIEW_APP_ANALYTICS,VIEW_CHANNEL_ANALYTICS,VIEW_AI_ANALYTICS,VIEW_CANVAS_ANALYTICS,VIEW_WORKFLOW_ANALYTICS,VIEW_LIST_ANALYTICS,VIEW_SLACKBOT_ANALYTICS,VIEW_TOP_LEVEL_WORKFLOWS,ADD_COLLABORATOR_TO_ANY_WORKFLOW,UNPUBLISH_ANY_WORKFLOW,CREATE_WORKFLOWS,CREATE_CANVAS_TEMPLATES,PUBLISH_CANVAS_ORG_TEMPLATES,MANAGE_SALES_HOME,MANAGE_SALES_HOME_DATA_SOURCE,ADD_CUSTOM_EMOJI,DELETE_CUSTOM_EMOJI,EDIT_SLACKBOT_RESPONSES,UPDATE_NAME,UPDATE_DISPLAY_NAME,EDIT_PROFILE_PHOTO,ACCEPT_SLACK_CONNECT_INVITES,MANAGE_SLACK_CONNECT,CREATE_SLACK_CONNECT_DM,VIEW_APP_REQUESTS,MANAGE_AAA_AUTOMATION_RULES,MANAGE_SCOPE_RATINGS,VIEW_INSTALLED_APPS,MANAGE_ORG_LEVEL_APP_APPROVAL,VIEW_APPROVED_APPS,VIEW_RESTRICTED_APPS,ADD_ORG_APPS_TO_WORKSPACES,REMOVE_ORG_APPS_FROM_WORKSPACES,VIEW_DEPRECATIONS,MANAGE_WORKFLOW_CONNECTORS,MANAGE_WORKFLOW_TRIGGERS,MANAGE_APP_ACLS,CREATE_SOLUTION_TEMPLATE,PUBLISH_SOLUTION_TEMPLATE,MANAGE_SOLUTION_TEMPLATE,CREATE_LIST_TEMPLATE,CREATE_USER_GROUPS,EDIT_USER_GROUPS,DELETE_USER_GROUPS,ACCESS_SLACK_AI_DETAILED_FEEDBACK,ACCESS_SLACK_AI_STEPS_IN_WORKFLOW,ACCESS_SLACK_AI_TRANSLATIONS,ACCESS_SLACK_AI_WORKFLOW_BUILDER,ACCESS_SLACK_AI_RECORD_CHANNEL_DIGEST,ACCESS_SLACK_AI_DEVELOPMENT,ACCESS_SLACK_AI_EXPLAIN,ACCESS_SLACK_AI_CANVAS,ACCESS_SLACK_AI_SALESFORCE_CSV_MAPPER,ACCESS_SLACK_AI_SUGGESTED_SECTIONS,ACCESS_SLACK_AI_CHANNEL_SECTION_RECOMMENDATIONS,ACCESS_SLACK_AI_SLACKIVERSARY,ACCESS_ENTERPRISE_SEARCH,AUTHOR_SKILLS,AUTO_ENABLE_SKILL,CAN_MANAGE_XWS_CHANNELS,CREATE_AND_EDIT_ORG_USER_GROUPS,EDIT_ORG_USER_GROUPS,DELETE_ORG_USER_GROUPS (1) @ https://a.slack-edge.com/bv1-13-br/gantry-v2-shared.3421452a627674f7.min.js?cacheKey=gantry-1785440254:0
[    4832ms] [INFO] Jul-30 22:49:38.679 [DND_V2] (T023EV54RR7) fetchAndUpsertDndForUsers - Preparing to fetch DND times for the following members: U07DB40NK51 @ https://a.slack-edge.com/bv1-13-br/gantry-v2-shared.3421452a627674f7.min.js?cacheKey=gantry-1785440254:0
[    4833ms] [INFO] Jul-30 22:49:38.680 [API-Q] (T023EV54RR7) c891cfd1-1785444578.680 dnd.info called with reason: fetchAndUpsertDndForUsers-getDndTimesFor:self @ https://a.slack-edge.com/bv1-13-br/gantry-v2-shared.3421452a627674f7.min.js?cacheKey=gantry-1785440254:0
[    4833ms] [INFO] Jul-30 22:49:38.680 [API-Q] (T023EV54RR7) c891cfd1-1785444578.680 dnd.info is ENQUEUED @ https://a.slack-edge.com/bv1-13-br/gantry-v2-shared.3421452a627674f7.min.js?cacheKey=gantry-1785440254:0
[    4834ms] [INFO] Jul-30 22:49:38.681 [API-Q] (T023EV54RR7) c891cfd1-1785444578.681 help.issues.ticketStats called with reason: fetchAndUpsertTicketStats @ https://a.slack-edge.com/bv1-13-br/gantry-v2-shared.3421452a627674f7.min.js?cacheKey=gantry-1785440254:0
[    4834ms] [INFO] Jul-30 22:49:38.681 [API-Q] (T023EV54RR7) c891cfd1-1785444578.681 help.issues.ticketStats is ENQUEUED @ https://a.slack-edge.com/bv1-13-br/gantry-v2-shared.3421452a627674f7.min.js?cacheKey=gantry-1785440254:0
[    4836ms] [INFO] Jul-30 22:49:38.684 [API-Q] (T023EV54RR7) c891cfd1-1785444578.137 sfdc.integration.listOrgs is RESOLVED @ https://a.slack-edge.com/bv1-13-br/gantry-v2-shared.3421452a627674f7.min.js?cacheKey=gantry-1785440254:0
[    4837ms] [INFO] Jul-30 22:49:38.685 [API-Q] (T023EV54RR7) c891cfd1-1785444578.581 users.prefs.get is ACTIVE @ https://a.slack-edge.com/bv1-13-br/gantry-v2-shared.3421452a627674f7.min.js?cacheKey=gantry-1785440254:0
[    4844ms] [INFO] Jul-30 22:49:38.691 [UFM] (T023EV54RR7) requesting C023EV55AGH (1) @ https://a.slack-edge.com/bv1-13-br/gantry-v2-shared.3421452a627674f7.min.js?cacheKey=gantry-1785440254:0
[    4845ms] [INFO] Jul-30 22:49:38.693 [OBJECT-STORE] attempting to delete shards [] @ https://a.slack-edge.com/bv1-13-br/gantry-v2-shared.3421452a627674f7.min.js?cacheKey=gantry-1785440254:0
[    4847ms] [INFO] Jul-30 22:49:38.695 [API-Q] (T023EV54RR7) c891cfd1-1785444578.695 users.channelSections.list called with reason: conditional-fetch-manager @ https://a.slack-edge.com/bv1-13-br/gantry-v2-shared.3421452a627674f7.min.js?cacheKey=gantry-1785440254:0
[    4848ms] [INFO] Jul-30 22:49:38.695 [API-Q] (T023EV54RR7) c891cfd1-1785444578.695 users.channelSections.list is ENQUEUED @ https://a.slack-edge.com/bv1-13-br/gantry-v2-shared.3421452a627674f7.min.js?cacheKey=gantry-1785440254:0
[    4850ms] [INFO] Jul-30 22:49:38.698 [API-Q] (T023EV54RR7) c891cfd1-1785444578.698 team.targetingCriteria called with reason: team_targeting_criteria @ https://a.slack-edge.com/bv1-13-br/gantry-v2-shared.3421452a627674f7.min.js?cacheKey=gantry-1785440254:0
[    4851ms] [INFO] Jul-30 22:49:38.698 [API-Q] (T023EV54RR7) c891cfd1-1785444578.698 team.targetingCriteria is ENQUEUED @ https://a.slack-edge.com/bv1-13-br/gantry-v2-shared.3421452a627674f7.min.js?cacheKey=gantry-1785440254:0
[    4878ms] [INFO] Jul-30 22:49:38.726 [API-Q] (T023EV54RR7) c891cfd1-1785444578.206 users.prefs.get is RESOLVED @ https://a.slack-edge.com/bv1-13-br/gantry-v2-shared.3421452a627674f7.min.js?cacheKey=gantry-1785440254:0
[    4880ms] [INFO] Jul-30 22:49:38.728 [API-Q] (T023EV54RR7) c891cfd1-1785444578.578 megaphone.notifications.list is ACTIVE @ https://a.slack-edge.com/bv1-13-br/gantry-v2-shared.3421452a627674f7.min.js?cacheKey=gantry-1785440254:0
[    4881ms] [INFO] Jul-30 22:49:38.729 [API-Q] (T023EV54RR7) c891cfd1-1785444578.209 client.appCommands is RESOLVED @ https://a.slack-edge.com/bv1-13-br/gantry-v2-shared.3421452a627674f7.min.js?cacheKey=gantry-1785440254:0
[    4884ms] [INFO] Jul-30 22:49:38.732 [API-Q] (T023EV54RR7) c891cfd1-1785444578.580 megaphone.notifications.list is ACTIVE @ https://a.slack-edge.com/bv1-13-br/gantry-v2-shared.3421452a627674f7.min.js?cacheKey=gantry-1785440254:0
[    4885ms] [INFO] Jul-30 22:49:38.733 [API-Q] (T023EV54RR7) c891cfd1-1785444578.210 links.getDomains is RESOLVED @ https://a.slack-edge.com/bv1-13-br/gantry-v2-shared.3421452a627674f7.min.js?cacheKey=gantry-1785440254:0
[    4886ms] [INFO] Jul-30 22:49:38.734 [API-Q] (T023EV54RR7) c891cfd1-1785444578.583 activity.views is ACTIVE @ https://a.slack-edge.com/bv1-13-br/gantry-v2-shared.3421452a627674f7.min.js?cacheKey=gantry-1785440254:0
[    4887ms] [INFO] Jul-30 22:49:38.735 [API-Q] (T023EV54RR7) c891cfd1-1785444578.238 users.stateMachine is RESOLVED @ https://a.slack-edge.com/bv1-13-br/gantry-v2-shared.3421452a627674f7.min.js?cacheKey=gantry-1785440254:0
[    4888ms] [INFO] Jul-30 22:49:38.736 [API-Q] (T023EV54RR7) c891cfd1-1785444578.586 aiApps.list is ACTIVE @ https://a.slack-edge.com/bv1-13-br/gantry-v2-shared.3421452a627674f7.min.js?cacheKey=gantry-1785440254:0
[    4889ms] [INFO] Jul-30 22:49:38.736 [API-Q] (T023EV54RR7) c891cfd1-1785444578.251 api.getFlannelHttpUrl is RESOLVED @ https://a.slack-edge.com/bv1-13-br/gantry-v2-shared.3421452a627674f7.min.js?cacheKey=gantry-1785440254:0
[    4891ms] [INFO] Jul-30 22:49:38.738 [API-Q] (T023EV54RR7) noversion-1785444578.738 Flannel huddles/list called with reason: flannel-call:huddles/list @ https://a.slack-edge.com/bv1-13-br/gantry-v2-shared.3421452a627674f7.min.js?cacheKey=gantry-1785440254:0
[    4891ms] [INFO] Jul-30 22:49:38.738 [API-Q] (T023EV54RR7) noversion-1785444578.738 Flannel huddles/list is ENQUEUED @ https://a.slack-edge.com/bv1-13-br/gantry-v2-shared.3421452a627674f7.min.js?cacheKey=gantry-1785440254:0
[    4891ms] [INFO] Jul-30 22:49:38.738 [API-Q] (T023EV54RR7) noversion-1785444578.738 Flannel users/info called with reason: flannel-call:users/info @ https://a.slack-edge.com/bv1-13-br/gantry-v2-shared.3421452a627674f7.min.js?cacheKey=gantry-1785440254:0
[    4891ms] [INFO] Jul-30 22:49:38.739 [API-Q] (T023EV54RR7) noversion-1785444578.738 Flannel users/info is ENQUEUED @ https://a.slack-edge.com/bv1-13-br/gantry-v2-shared.3421452a627674f7.min.js?cacheKey=gantry-1785440254:0
[    4891ms] [INFO] Jul-30 22:49:38.739 [API-Q] (T023EV54RR7) noversion-1785444578.739 Flannel users/info called with reason: flannel-call:users/info @ https://a.slack-edge.com/bv1-13-br/gantry-v2-shared.3421452a627674f7.min.js?cacheKey=gantry-1785440254:0
[    4891ms] [INFO] Jul-30 22:49:38.739 [API-Q] (T023EV54RR7) noversion-1785444578.739 Flannel users/info is ENQUEUED @ https://a.slack-edge.com/bv1-13-br/gantry-v2-shared.3421452a627674f7.min.js?cacheKey=gantry-1785440254:0
[    4892ms] [INFO] Jul-30 22:49:38.739 [API-Q] (T023EV54RR7) noversion-1785444578.739 Flannel permissions/info called with reason: flannel-call:permissions/info @ https://a.slack-edge.com/bv1-13-br/gantry-v2-shared.3421452a627674f7.min.js?cacheKey=gantry-1785440254:0
[    4892ms] [INFO] Jul-30 22:49:38.739 [API-Q] (T023EV54RR7) noversion-1785444578.739 Flannel permissions/info is ENQUEUED @ https://a.slack-edge.com/bv1-13-br/gantry-v2-shared.3421452a627674f7.min.js?cacheKey=gantry-1785440254:0
[    4892ms] [INFO] Jul-30 22:49:38.740 [API-Q] (T023EV54RR7) noversion-1785444578.739 Flannel huddles/info called with reason: flannel-call:huddles/info @ https://a.slack-edge.com/bv1-13-br/gantry-v2-shared.3421452a627674f7.min.js?cacheKey=gantry-1785440254:0
[    4892ms] [INFO] Jul-30 22:49:38.740 [API-Q] (T023EV54RR7) noversion-1785444578.739 Flannel huddles/info is ENQUEUED @ https://a.slack-edge.com/bv1-13-br/gantry-v2-shared.3421452a627674f7.min.js?cacheKey=gantry-1785440254:0
[    4893ms] [INFO] Jul-30 22:49:38.740 [API-Q] (T023EV54RR7) c891cfd1-1785444578.597 calendar.getInstalledCalendars is ACTIVE @ https://a.slack-edge.com/bv1-13-br/gantry-v2-shared.3421452a627674f7.min.js?cacheKey=gantry-1785440254:0
[    4893ms] [INFO] Jul-30 22:49:38.741 [ENDPOINT-MANAGER] (T023EV54RR7) socketUrl - got endpoint @ https://a.slack-edge.com/bv1-13-br/gantry-v2-shared.3421452a627674f7.min.js?cacheKey=gantry-1785440254:0
[    4985ms] [LOG] [WD] All assets have reported back; s: 15; f: 0 @ https://app.slack.com/client/T023EV54RR7:0
[    4994ms] [INFO] Jul-30 22:49:38.842 [API-Q] (T023EV54RR7) c891cfd1-1785444578.576 workflows.triggers.listRecentlyRunForUser is RESOLVED @ https://a.slack-edge.com/bv1-13-br/gantry-v2-shared.3421452a627674f7.min.js?cacheKey=gantry-1785440254:0
[    4995ms] [INFO] Jul-30 22:49:38.843 [API-Q] (T023EV54RR7) noversion-1785444578.739 Flannel huddles/info is ACTIVE @ https://a.slack-edge.com/bv1-13-br/gantry-v2-shared.3421452a627674f7.min.js?cacheKey=gantry-1785440254:0
[    4996ms] [INFO] Jul-30 22:49:38.844 [API-Q] (T023EV54RR7) c891cfd1-1785444578.571 drafts.list is RESOLVED @ https://a.slack-edge.com/bv1-13-br/gantry-v2-shared.3421452a627674f7.min.js?cacheKey=gantry-1785440254:0
[    4997ms] [INFO] Jul-30 22:49:38.844 [DRAFTS] (T023EV54RR7) No active drafts @ https://a.slack-edge.com/bv1-13-br/gantry-v2-shared.3421452a627674f7.min.js?cacheKey=gantry-1785440254:0
[    4997ms] [INFO] Jul-30 22:49:38.844 [DRAFTS] (T023EV54RR7) Successfully fetched all active and inactive drafts ✨ @ https://a.slack-edge.com/bv1-13-br/gantry-v2-shared.3421452a627674f7.min.js?cacheKey=gantry-1785440254:0
[    4997ms] [INFO] Jul-30 22:49:38.845 [API-Q] (T023EV54RR7) noversion-1785444578.739 Flannel permissions/info is ACTIVE @ https://a.slack-edge.com/bv1-13-br/gantry-v2-shared.3421452a627674f7.min.js?cacheKey=gantry-1785440254:0
[    4998ms] [INFO] Jul-30 22:49:38.845 [PERSIST] Purged persisted models [] @ https://a.slack-edge.com/bv1-13-br/gantry-v2-shared.3421452a627674f7.min.js?cacheKey=gantry-1785440254:0
[    5001ms] [INFO] Jul-30 22:49:38.848 [BOOT] Client boot completed @ https://a.slack-edge.com/bv1-13-br/gantry-v2-shared.3421452a627674f7.min.js?cacheKey=gantry-1785440254:0
[    5011ms] [INFO] Jul-30 22:49:38.858 [RTM-EVENT-METRICS] Metrics collection sampling has been reset. @ https://a.slack-edge.com/bv1-13-br/gantry-v2-shared.3421452a627674f7.min.js?cacheKey=gantry-1785440254:0
[    5018ms] [INFO] Jul-30 22:49:38.865 [API-Q] (T023EV54RR7) c891cfd1-1785444578.569 client.extras is RESOLVED @ https://a.slack-edge.com/bv1-13-br/gantry-v2-shared.3421452a627674f7.min.js?cacheKey=gantry-1785440254:0
[    5020ms] [INFO] Jul-30 22:49:38.868 [API-Q] (T023EV54RR7) noversion-1785444578.739 Flannel users/info is ACTIVE @ https://a.slack-edge.com/bv1-13-br/gantry-v2-shared.3421452a627674f7.min.js?cacheKey=gantry-1785440254:0
[    5022ms] [INFO] Jul-30 22:49:38.870 [API-Q] (T023EV54RR7) c891cfd1-1785444578.581 users.prefs.get is RESOLVED @ https://a.slack-edge.com/bv1-13-br/gantry-v2-shared.3421452a627674f7.min.js?cacheKey=gantry-1785440254:0
[    5023ms] [INFO] Jul-30 22:49:38.871 [API-Q] (T023EV54RR7) noversion-1785444578.738 Flannel users/info is ACTIVE @ https://a.slack-edge.com/bv1-13-br/gantry-v2-shared.3421452a627674f7.min.js?cacheKey=gantry-1785440254:0
[    5024ms] [INFO] Jul-30 22:49:38.871 [API-Q] (T023EV54RR7) c891cfd1-1785444578.577 functions.workflows.list is RESOLVED @ https://a.slack-edge.com/bv1-13-br/gantry-v2-shared.3421452a627674f7.min.js?cacheKey=gantry-1785440254:0
[    5025ms] [INFO] Jul-30 22:49:38.873 [API-Q] (T023EV54RR7) c891cfd1-1785444578.872 workflows.triggers.list called with reason: automations_gallery @ https://a.slack-edge.com/bv1-13-br/gantry-v2-shared.3421452a627674f7.min.js?cacheKey=gantry-1785440254:0
[    5025ms] [INFO] Jul-30 22:49:38.873 [API-Q] (T023EV54RR7) c891cfd1-1785444578.872 workflows.triggers.list is ENQUEUED @ https://a.slack-edge.com/bv1-13-br/gantry-v2-shared.3421452a627674f7.min.js?cacheKey=gantry-1785440254:0
[    5026ms] [INFO] Jul-30 22:49:38.873 [API-Q] (T023EV54RR7) noversion-1785444578.738 Flannel huddles/list is ACTIVE @ https://a.slack-edge.com/bv1-13-br/gantry-v2-shared.3421452a627674f7.min.js?cacheKey=gantry-1785440254:0
[    5032ms] [INFO] Jul-30 22:49:38.880 [SERVICE-WORKER] Writing (["en-US"]) to Service Worker with key https://slack.com/fake-url-for-service-worker-item-storage/locales. @ https://a.slack-edge.com/bv1-13-br/gantry-v2-shared.3421452a627674f7.min.js?cacheKey=gantry-1785440254:0
[    5047ms] [INFO] Jul-30 22:49:38.895 [API-Q] (T023EV54RR7) c891cfd1-1785444578.583 activity.views is RESOLVED @ https://a.slack-edge.com/bv1-13-br/gantry-v2-shared.3421452a627674f7.min.js?cacheKey=gantry-1785440254:0
[    5049ms] [INFO] Jul-30 22:49:38.897 [API-Q] (T023EV54RR7) c891cfd1-1785444578.680 dnd.info is ACTIVE @ https://a.slack-edge.com/bv1-13-br/gantry-v2-shared.3421452a627674f7.min.js?cacheKey=gantry-1785440254:0
[    5052ms] [INFO] Jul-30 22:49:38.900 [API-Q] (T023EV54RR7) c891cfd1-1785444578.597 calendar.getInstalledCalendars is RESOLVED @ https://a.slack-edge.com/bv1-13-br/gantry-v2-shared.3421452a627674f7.min.js?cacheKey=gantry-1785440254:0
[    5054ms] [INFO] Jul-30 22:49:38.901 [API-Q] (T023EV54RR7) c891cfd1-1785444578.901 calendar.user.info called with reason: calendar-get-user-info @ https://a.slack-edge.com/bv1-13-br/gantry-v2-shared.3421452a627674f7.min.js?cacheKey=gantry-1785440254:0
[    5054ms] [INFO] Jul-30 22:49:38.902 [API-Q] (T023EV54RR7) c891cfd1-1785444578.901 calendar.user.info is ENQUEUED @ https://a.slack-edge.com/bv1-13-br/gantry-v2-shared.3421452a627674f7.min.js?cacheKey=gantry-1785440254:0
[    5055ms] [INFO] Jul-30 22:49:38.902 [API-Q] (T023EV54RR7) c891cfd1-1785444578.681 help.issues.ticketStats is ACTIVE @ https://a.slack-edge.com/bv1-13-br/gantry-v2-shared.3421452a627674f7.min.js?cacheKey=gantry-1785440254:0
[    5119ms] [INFO] Jul-30 22:49:38.965 [SOCKET-MANAGER] (T023EV54RR7) Changing from prov_connecting to prov_connected @ https://a.slack-edge.com/bv1-13-br/gantry-v2-shared.3421452a627674f7.min.js?cacheKey=gantry-1785440254:0
[    5119ms] [INFO] Jul-30 22:49:38.966 [SOCKET-MANAGER] (T023EV54RR7) will stay in prov_connected state for up to 60000 ms @ https://a.slack-edge.com/bv1-13-br/gantry-v2-shared.3421452a627674f7.min.js?cacheKey=gantry-1785440254:0
[    5124ms] [INFO] Jul-30 22:49:38.971 [SOCKET-MANAGER] (T023EV54RR7) Changing from prov_connected to prov_finalize @ https://a.slack-edge.com/bv1-13-br/gantry-v2-shared.3421452a627674f7.min.js?cacheKey=gantry-1785440254:0
[    5125ms] [INFO] Jul-30 22:49:38.972 [SOCKET-MANAGER] (T023EV54RR7) will stay in prov_finalize state for up to 10000 ms @ https://a.slack-edge.com/bv1-13-br/gantry-v2-shared.3421452a627674f7.min.js?cacheKey=gantry-1785440254:0
[    5126ms] [INFO] Jul-30 22:49:38.973 [SOCKET-MANAGER] (T023EV54RR7) Changing from prov_finalize to prov_finalizing @ https://a.slack-edge.com/bv1-13-br/gantry-v2-shared.3421452a627674f7.min.js?cacheKey=gantry-1785440254:0
[    5126ms] [INFO] Jul-30 22:49:38.973 [SOCKET-MANAGER] (T023EV54RR7) will stay in prov_finalizing state for up to 10000 ms @ https://a.slack-edge.com/bv1-13-br/gantry-v2-shared.3421452a627674f7.min.js?cacheKey=gantry-1785440254:0
[    5127ms] [INFO] Jul-30 22:49:38.974 [SOCKET-MANAGER] (T023EV54RR7) Changing from prov_finalizing to connected @ https://a.slack-edge.com/bv1-13-br/gantry-v2-shared.3421452a627674f7.min.js?cacheKey=gantry-1785440254:0
[    5128ms] [INFO] Jul-30 22:49:38.975 [SOCKET-MANAGER] (T023EV54RR7) will stay in connected state for up to Infinity ms @ https://a.slack-edge.com/bv1-13-br/gantry-v2-shared.3421452a627674f7.min.js?cacheKey=gantry-1785440254:0
[    5129ms] [INFO] Jul-30 22:49:38.976 [SOCKET-MANAGER] (T023EV54RR7) Connected to primary region @ https://a.slack-edge.com/bv1-13-br/gantry-v2-shared.3421452a627674f7.min.js?cacheKey=gantry-1785440254:0
[    5136ms] [INFO] Jul-30 22:49:38.984 [MESSAGE-HISTORY] (T023EV54RR7) Resetting reachedEnd @ https://a.slack-edge.com/bv1-13-br/gantry-v2-shared.3421452a627674f7.min.js?cacheKey=gantry-1785440254:0
[    5140ms] [INFO] Jul-30 22:49:38.987 [API-Q] (T023EV54RR7) c891cfd1-1785444578.986 users.customStatus.list called with reason: fetchCustomStatusOnReconnect @ https://a.slack-edge.com/bv1-13-br/gantry-v2-shared.3421452a627674f7.min.js?cacheKey=gantry-1785440254:0
[    5140ms] [INFO] Jul-30 22:49:38.987 [API-Q] (T023EV54RR7) c891cfd1-1785444578.986 users.customStatus.list is ENQUEUED @ https://a.slack-edge.com/bv1-13-br/gantry-v2-shared.3421452a627674f7.min.js?cacheKey=gantry-1785440254:0
[    5145ms] [INFO] Jul-30 22:49:38.992 [UNREAD-COUNTS] (T023EV54RR7) Fetching counts @ https://a.slack-edge.com/bv1-13-br/gantry-v2-shared.3421452a627674f7.min.js?cacheKey=gantry-1785440254:0
[    5147ms] [INFO] Jul-30 22:49:38.994 [API-Q] (T023EV54RR7) c891cfd1-1785444578.994 client.counts called with reason: fetchClientCountsOnConnect @ https://a.slack-edge.com/bv1-13-br/gantry-v2-shared.3421452a627674f7.min.js?cacheKey=gantry-1785440254:0
[    5148ms] [INFO] Jul-30 22:49:38.995 [API-Q] (T023EV54RR7) c891cfd1-1785444578.994 client.counts is ENQUEUED @ https://a.slack-edge.com/bv1-13-br/gantry-v2-shared.3421452a627674f7.min.js?cacheKey=gantry-1785440254:0
[    5152ms] [INFO] Jul-30 22:49:38.999 [PRESENCE_PROMPT] (T023EV54RR7) ignoring prompt due to presence (active) @ https://a.slack-edge.com/bv1-13-br/gantry-v2-shared.3421452a627674f7.min.js?cacheKey=gantry-1785440254:0
[    5153ms] [INFO] Jul-30 22:49:39.000 [GS_REQUEST] (T023EV54RR7) connected and trouble free! Continuing deferred user_change_subscribe_request call @ https://a.slack-edge.com/bv1-13-br/gantry-v2-shared.3421452a627674f7.min.js?cacheKey=gantry-1785440254:0
[    5186ms] [INFO] Jul-30 22:49:39.034 [API-Q] (T023EV54RR7) noversion-1785444579.033 Flannel channels/info called with reason: flannel-call:channels/info @ https://a.slack-edge.com/bv1-13-br/gantry-v2-shared.3421452a627674f7.min.js?cacheKey=gantry-1785440254:0
[    5187ms] [INFO] Jul-30 22:49:39.034 [API-Q] (T023EV54RR7) noversion-1785444579.033 Flannel channels/info is ENQUEUED @ https://a.slack-edge.com/bv1-13-br/gantry-v2-shared.3421452a627674f7.min.js?cacheKey=gantry-1785440254:0
[    5193ms] [INFO] Jul-30 22:49:39.040 [API-Q] (T023EV54RR7) c891cfd1-1785444578.578 megaphone.notifications.list is RESOLVED @ https://a.slack-edge.com/bv1-13-br/gantry-v2-shared.3421452a627674f7.min.js?cacheKey=gantry-1785440254:0
[    5204ms] [INFO] Jul-30 22:49:39.051 [API-Q] (T023EV54RR7) noversion-1785444579.033 Flannel channels/info is ACTIVE @ https://a.slack-edge.com/bv1-13-br/gantry-v2-shared.3421452a627674f7.min.js?cacheKey=gantry-1785440254:0
[    5205ms] [INFO] Jul-30 22:49:39.053 [API-Q] (T023EV54RR7) noversion-1785444578.739 Flannel huddles/info is RESOLVED @ https://a.slack-edge.com/bv1-13-br/gantry-v2-shared.3421452a627674f7.min.js?cacheKey=gantry-1785440254:0
[    5207ms] [INFO] Jul-30 22:49:39.054 [API-Q] (T023EV54RR7) c891cfd1-1785444578.695 users.channelSections.list is ACTIVE @ https://a.slack-edge.com/bv1-13-br/gantry-v2-shared.3421452a627674f7.min.js?cacheKey=gantry-1785440254:0
[    5207ms] [INFO] Jul-30 22:49:39.055 [UFM] (T023EV54RR7) received C023EV55AGH (1) @ https://a.slack-edge.com/bv1-13-br/gantry-v2-shared.3421452a627674f7.min.js?cacheKey=gantry-1785440254:0
[    5212ms] [INFO] Jul-30 22:49:39.059 [API-Q] (T023EV54RR7) noversion-1785444578.738 Flannel huddles/list is RESOLVED @ https://a.slack-edge.com/bv1-13-br/gantry-v2-shared.3421452a627674f7.min.js?cacheKey=gantry-1785440254:0
[    5213ms] [INFO] Jul-30 22:49:39.060 [API-Q] (T023EV54RR7) c891cfd1-1785444578.698 team.targetingCriteria is ACTIVE @ https://a.slack-edge.com/bv1-13-br/gantry-v2-shared.3421452a627674f7.min.js?cacheKey=gantry-1785440254:0
[    5215ms] [INFO] Jul-30 22:49:39.062 [API-Q] (T023EV54RR7) noversion-1785444578.739 Flannel permissions/info is RESOLVED @ https://a.slack-edge.com/bv1-13-br/gantry-v2-shared.3421452a627674f7.min.js?cacheKey=gantry-1785440254:0
[    5217ms] [INFO] Jul-30 22:49:39.064 [API-Q] (T023EV54RR7) c891cfd1-1785444578.872 workflows.triggers.list is ACTIVE @ https://a.slack-edge.com/bv1-13-br/gantry-v2-shared.3421452a627674f7.min.js?cacheKey=gantry-1785440254:0
[    5218ms] [INFO] Jul-30 22:49:39.065 [UFM-PERMISSIONS] (T023EV54RR7) received ACCESS_SLACK_AI_SLACKBOT,ACCESS_SLACK_AI_TODAY,ACCESS_SLACK_AI_SEARCH,ACCESS_SLACK_AI_FILTERS,ACCESS_SLACK_AI_HUDDLE_SUMMARIES,CREATE_PUBLIC_CHANNEL,CREATE_PRIVATE_CHANNEL,ACCESS_SLACK_AI_RECAP,ACCESS_SLACK_AI_CHANNEL_THREAD_SUMMARIES,ACCESS_SLACK_AI_FILE_SUMMARIES,READ_AUDIT_LOGS,ARCHIVE_CHANNEL,CONVERT_MPDM_TO_PRIVATE,EDIT_CHANNEL_WORKSPACES,CAN_AT_CHANNEL,VIEW_OVERVIEW_ANALYTICS,VIEW_WORKSPACE_ANALYTICS,VIEW_MEMBER_ANALYTICS,VIEW_ORG_WIDE_CHANNEL_ANALYTICS,VIEW_HUDDLE_ANALYTICS,VIEW_CLIP_ANALYTICS,VIEW_APP_ANALYTICS,VIEW_CHANNEL_ANALYTICS,VIEW_AI_ANALYTICS,VIEW_CANVAS_ANALYTICS,VIEW_WORKFLOW_ANALYTICS,VIEW_LIST_ANALYTICS,VIEW_SLACKBOT_ANALYTICS,VIEW_TOP_LEVEL_WORKFLOWS,ADD_COLLABORATOR_TO_ANY_WORKFLOW,UNPUBLISH_ANY_WORKFLOW,CREATE_WORKFLOWS,CREATE_CANVAS_TEMPLATES,PUBLISH_CANVAS_ORG_TEMPLATES,MANAGE_SALES_HOME,MANAGE_SALES_HOME_DATA_SOURCE,ADD_CUSTOM_EMOJI,DELETE_CUSTOM_EMOJI,EDIT_SLACKBOT_RESPONSES,UPDATE_NAME,UPDATE_DISPLAY_NAME,EDIT_PROFILE_PHOTO,ACCEPT_SLACK_CONNECT_INVITES,MANAGE_SLACK_CONNECT,CREATE_SLACK_CONNECT_DM,VIEW_APP_REQUESTS,MANAGE_AAA_AUTOMATION_RULES,MANAGE_SCOPE_RATINGS,VIEW_INSTALLED_APPS,MANAGE_ORG_LEVEL_APP_APPROVAL,VIEW_APPROVED_APPS,VIEW_RESTRICTED_APPS,ADD_ORG_APPS_TO_WORKSPACES,REMOVE_ORG_APPS_FROM_WORKSPACES,VIEW_DEPRECATIONS,MANAGE_WORKFLOW_CONNECTORS,MANAGE_WORKFLOW_TRIGGERS,MANAGE_APP_ACLS,CREATE_SOLUTION_TEMPLATE,PUBLISH_SOLUTION_TEMPLATE,MANAGE_SOLUTION_TEMPLATE,CREATE_LIST_TEMPLATE,CREATE_USER_GROUPS,EDIT_USER_GROUPS,DELETE_USER_GROUPS,ACCESS_SLACK_AI_DETAILED_FEEDBACK,ACCESS_SLACK_AI_STEPS_IN_WORKFLOW,ACCESS_SLACK_AI_TRANSLATIONS,ACCESS_SLACK_AI_WORKFLOW_BUILDER,ACCESS_SLACK_AI_RECORD_CHANNEL_DIGEST,ACCESS_SLACK_AI_DEVELOPMENT,ACCESS_SLACK_AI_EXPLAIN,ACCESS_SLACK_AI_CANVAS,ACCESS_SLACK_AI_SALESFORCE_CSV_MAPPER,ACCESS_SLACK_AI_SUGGESTED_SECTIONS,ACCESS_SLACK_AI_CHANNEL_SECTION_RECOMMENDATIONS,ACCESS_SLACK_AI_SLACKIVERSARY,ACCESS_ENTERPRISE_SEARCH,AUTHOR_SKILLS,AUTO_ENABLE_SKILL,CAN_MANAGE_XWS_CHANNELS,CREATE_AND_EDIT_ORG_USER_GROUPS,EDIT_ORG_USER_GROUPS,DELETE_ORG_USER_GROUPS (1) @ https://a.slack-edge.com/bv1-13-br/gantry-v2-shared.3421452a627674f7.min.js?cacheKey=gantry-1785440254:0
[    5223ms] [INFO] Jul-30 22:49:39.070 [API-Q] (T023EV54RR7) c891cfd1-1785444579.070 feature.usage.info called with reason: fetch-slackbot-ai-usage-on-window-open @ https://a.slack-edge.com/bv1-13-br/gantry-v2-shared.3421452a627674f7.min.js?cacheKey=gantry-1785440254:0
[    5224ms] [INFO] Jul-30 22:49:39.071 [API-Q] (T023EV54RR7) c891cfd1-1785444579.070 feature.usage.info is ENQUEUED @ https://a.slack-edge.com/bv1-13-br/gantry-v2-shared.3421452a627674f7.min.js?cacheKey=gantry-1785440254:0
[    5230ms] [INFO] Jul-30 22:49:39.076 [API-Q] (T023EV54RR7) c891cfd1-1785444579.075 slackbot.mcp.list called with reason: fetch-mcp-servers-for-shortcuts-menu @ https://a.slack-edge.com/bv1-13-br/gantry-v2-shared.3421452a627674f7.min.js?cacheKey=gantry-1785440254:0
[    5230ms] [INFO] Jul-30 22:49:39.077 [API-Q] (T023EV54RR7) c891cfd1-1785444579.075 slackbot.mcp.list is ENQUEUED @ https://a.slack-edge.com/bv1-13-br/gantry-v2-shared.3421452a627674f7.min.js?cacheKey=gantry-1785440254:0
[    5240ms] [INFO] Jul-30 22:49:39.088 [API-Q] (T023EV54RR7) c891cfd1-1785444578.680 dnd.info is RESOLVED @ https://a.slack-edge.com/bv1-13-br/gantry-v2-shared.3421452a627674f7.min.js?cacheKey=gantry-1785440254:0
[    5241ms] [INFO] Jul-30 22:49:39.089 [DND] (T023EV54RR7) Fetched DND info for the following member: U07DB40NK51 @ https://a.slack-edge.com/bv1-13-br/gantry-v2-shared.3421452a627674f7.min.js?cacheKey=gantry-1785440254:0
[    5251ms] [INFO] Jul-30 22:49:39.098 [DND_V2] (T023EV54RR7) Not setting a timer as all schedules are stale @ https://a.slack-edge.com/bv1-13-br/gantry-v2-shared.3421452a627674f7.min.js?cacheKey=gantry-1785440254:0
[    5252ms] [INFO] Jul-30 22:49:39.099 [API-Q] (T023EV54RR7) c891cfd1-1785444578.901 calendar.user.info is ACTIVE @ https://a.slack-edge.com/bv1-13-br/gantry-v2-shared.3421452a627674f7.min.js?cacheKey=gantry-1785440254:0
[    5257ms] [INFO] Jul-30 22:49:39.104 [API-Q] (T023EV54RR7) c891cfd1-1785444578.681 help.issues.ticketStats is RESOLVED @ https://a.slack-edge.com/bv1-13-br/gantry-v2-shared.3421452a627674f7.min.js?cacheKey=gantry-1785440254:0
[    5260ms] [INFO] Jul-30 22:49:39.108 [API-Q] (T023EV54RR7) c891cfd1-1785444578.986 users.customStatus.list is ACTIVE @ https://a.slack-edge.com/bv1-13-br/gantry-v2-shared.3421452a627674f7.min.js?cacheKey=gantry-1785440254:0
[    5310ms] [INFO] Jul-30 22:49:39.158 [API-Q] (T023EV54RR7) noversion-1785444579.033 Flannel channels/info is RESOLVED @ https://a.slack-edge.com/bv1-13-br/gantry-v2-shared.3421452a627674f7.min.js?cacheKey=gantry-1785440254:0
[    5313ms] [INFO] Jul-30 22:49:39.160 [API-Q] (T023EV54RR7) c891cfd1-1785444578.994 client.counts is ACTIVE @ https://a.slack-edge.com/bv1-13-br/gantry-v2-shared.3421452a627674f7.min.js?cacheKey=gantry-1785440254:0
[    5319ms] [INFO] Jul-30 22:49:39.167 [API-Q] (T023EV54RR7) c891cfd1-1785444578.580 megaphone.notifications.list is RESOLVED @ https://a.slack-edge.com/bv1-13-br/gantry-v2-shared.3421452a627674f7.min.js?cacheKey=gantry-1785440254:0
[    5336ms] [INFO] Jul-30 22:49:39.183 [API-Q] (T023EV54RR7) c891cfd1-1785444579.070 feature.usage.info is ACTIVE @ https://a.slack-edge.com/bv1-13-br/gantry-v2-shared.3421452a627674f7.min.js?cacheKey=gantry-1785440254:0
[    5338ms] [INFO] Jul-30 22:49:39.185 [API-Q] (T023EV54RR7) c891cfd1-1785444579.185 onboarding.fetch called with reason: vacation_emoji_pack @ https://a.slack-edge.com/bv1-13-br/gantry-v2-shared.3421452a627674f7.min.js?cacheKey=gantry-1785440254:0
[    5339ms] [INFO] Jul-30 22:49:39.186 [API-Q] (T023EV54RR7) c891cfd1-1785444579.185 onboarding.fetch is ENQUEUED @ https://a.slack-edge.com/bv1-13-br/gantry-v2-shared.3421452a627674f7.min.js?cacheKey=gantry-1785440254:0
[    5340ms] [INFO] Jul-30 22:49:39.188 [SERVICE-WORKER] registration success {} @ https://a.slack-edge.com/bv1-13-br/gantry-v2-shared.3421452a627674f7.min.js?cacheKey=gantry-1785440254:0
[    5341ms] [INFO] Jul-30 22:49:39.189 [SERVICE-WORKER-STATE] initial installing @ https://a.slack-edge.com/bv1-13-br/gantry-v2-shared.3421452a627674f7.min.js?cacheKey=gantry-1785440254:0
[    5343ms] [INFO] Jul-30 22:49:39.190 [SERVICE-WORKER-STATE] change installed 1ms @ https://a.slack-edge.com/bv1-13-br/gantry-v2-shared.3421452a627674f7.min.js?cacheKey=gantry-1785440254:0
[    5343ms] [INFO] Jul-30 22:49:39.190 [SERVICE-WORKER-STATE] change activating @ https://a.slack-edge.com/bv1-13-br/gantry-v2-shared.3421452a627674f7.min.js?cacheKey=gantry-1785440254:0
[    5344ms] [INFO] Jul-30 22:49:39.191 [SERVICE-WORKER-STATE] change activated 1ms @ https://a.slack-edge.com/bv1-13-br/gantry-v2-shared.3421452a627674f7.min.js?cacheKey=gantry-1785440254:0
[    5346ms] [INFO] Jul-30 22:49:39.193 [API-Q] (T023EV54RR7) noversion-1785444578.739 Flannel users/info is RESOLVED @ https://a.slack-edge.com/bv1-13-br/gantry-v2-shared.3421452a627674f7.min.js?cacheKey=gantry-1785440254:0
[    5350ms] [INFO] Jul-30 22:49:39.198 [API-Q] (T023EV54RR7) c891cfd1-1785444579.075 slackbot.mcp.list is ACTIVE @ https://a.slack-edge.com/bv1-13-br/gantry-v2-shared.3421452a627674f7.min.js?cacheKey=gantry-1785440254:0
[    5356ms] [INFO] Jul-30 22:49:39.203 [UFM-MEMBERS] (T023EV54RR7) received U022MJBRP4P,U03VCUX8XEG,U069V2P34QZ,U0232H9HJUT,U03G9QDHTAN,USLACKBOT,U0AGA1KGUL9,U0AULCH6NHM,U0AUVV4RJ8L,U0B5JH9KE7Q,U0B5L09JR4J,U0B9WBSJZNE,U0B9T1517HB,U0B9X2U636E,USLACK,U0BLWQB4GKY (1) @ https://a.slack-edge.com/bv1-13-br/gantry-v2-shared.3421452a627674f7.min.js?cacheKey=gantry-1785440254:0
[    5360ms] [INFO] Jul-30 22:49:39.207 [API-Q] (T023EV54RR7) noversion-1785444578.738 Flannel users/info is RESOLVED @ https://a.slack-edge.com/bv1-13-br/gantry-v2-shared.3421452a627674f7.min.js?cacheKey=gantry-1785440254:0
[    5361ms] [INFO] Jul-30 22:49:39.208 [API-Q] (T023EV54RR7) c891cfd1-1785444579.185 onboarding.fetch is ACTIVE @ https://a.slack-edge.com/bv1-13-br/gantry-v2-shared.3421452a627674f7.min.js?cacheKey=gantry-1785440254:0
[    5424ms] [WARNING] Jul-30 22:49:39.271 AVDeviceService [AVDeviceService] [HEALTH] [avds_1785444578490] Invalid device list on attempt 1 (3 devices, none with valid IDs) @ https://a.slack-edge.com/bv1-13-br/gantry-v2-shared.3421452a627674f7.min.js?cacheKey=gantry-1785440254:0
[    5424ms] [INFO] Jul-30 22:49:39.271 [AVDEVICESERVICE] [AVDeviceService] [ACQUISITION] [avds_1785444578490] Retry attempt 1 for enumerateDevices with 500ms delay @ https://a.slack-edge.com/bv1-13-br/gantry-v2-shared.3421452a627674f7.min.js?cacheKey=gantry-1785440254:0
[    5425ms] [INFO] Jul-30 22:49:39.272 [API-Q] (T023EV54RR7) c891cfd1-1785444578.695 users.channelSections.list is RESOLVED @ https://a.slack-edge.com/bv1-13-br/gantry-v2-shared.3421452a627674f7.min.js?cacheKey=gantry-1785440254:0
[    5428ms] [INFO] Jul-30 22:49:39.276 [API-Q] (T023EV54RR7) c891cfd1-1785444578.698 team.targetingCriteria is RESOLVED @ https://a.slack-edge.com/bv1-13-br/gantry-v2-shared.3421452a627674f7.min.js?cacheKey=gantry-1785440254:0
[    5431ms] [INFO] Jul-30 22:49:39.278 [API-Q] (T023EV54RR7) c891cfd1-1785444578.872 workflows.triggers.list is RESOLVED @ https://a.slack-edge.com/bv1-13-br/gantry-v2-shared.3421452a627674f7.min.js?cacheKey=gantry-1785440254:0
[    5433ms] [INFO] Jul-30 22:49:39.281 [API-Q] (T023EV54RR7) noversion-1785444579.280 Flannel channels/info called with reason: flannel-call:channels/info @ https://a.slack-edge.com/bv1-13-br/gantry-v2-shared.3421452a627674f7.min.js?cacheKey=gantry-1785440254:0
[    5434ms] [INFO] Jul-30 22:49:39.281 [API-Q] (T023EV54RR7) noversion-1785444579.280 Flannel channels/info is ENQUEUED @ https://a.slack-edge.com/bv1-13-br/gantry-v2-shared.3421452a627674f7.min.js?cacheKey=gantry-1785440254:0
[    5434ms] [INFO] Jul-30 22:49:39.282 [API-Q] (T023EV54RR7) noversion-1785444579.280 Flannel channels/info is ACTIVE @ https://a.slack-edge.com/bv1-13-br/gantry-v2-shared.3421452a627674f7.min.js?cacheKey=gantry-1785440254:0
[    5440ms] [INFO] Jul-30 22:49:39.288 [UFM] (T023EV54RR7) requesting A02NAULLCG1,A0AUZJGS4LW,A0AUKUBF691,A0B6ESXTAHE,A0B5MQSHE65,A0B9SV8Q1GD,A0B9ZU3SJ7N,A0BA03FC5EY,A0BLHCTS1AT (1) @ https://a.slack-edge.com/bv1-13-br/gantry-v2-shared.3421452a627674f7.min.js?cacheKey=gantry-1785440254:0
[    5441ms] [INFO] Jul-30 22:49:39.288 [API-Q] (T023EV54RR7) noversion-1785444579.288 Flannel apps/info called with reason: flannel-call:apps/info @ https://a.slack-edge.com/bv1-13-br/gantry-v2-shared.3421452a627674f7.min.js?cacheKey=gantry-1785440254:0
[    5441ms] [INFO] Jul-30 22:49:39.289 [API-Q] (T023EV54RR7) noversion-1785444579.288 Flannel apps/info is ENQUEUED @ https://a.slack-edge.com/bv1-13-br/gantry-v2-shared.3421452a627674f7.min.js?cacheKey=gantry-1785440254:0
[    5442ms] [INFO] Jul-30 22:49:39.289 [API-Q] (T023EV54RR7) noversion-1785444579.288 Flannel apps/info is ACTIVE @ https://a.slack-edge.com/bv1-13-br/gantry-v2-shared.3421452a627674f7.min.js?cacheKey=gantry-1785440254:0
[    5443ms] [INFO] Jul-30 22:49:39.290 [API-Q] (T023EV54RR7) c891cfd1-1785444578.901 calendar.user.info is RESOLVED @ https://a.slack-edge.com/bv1-13-br/gantry-v2-shared.3421452a627674f7.min.js?cacheKey=gantry-1785440254:0
[    5445ms] [INFO] Jul-30 22:49:39.292 [API-Q] (T023EV54RR7) c891cfd1-1785444578.986 users.customStatus.list is RESOLVED @ https://a.slack-edge.com/bv1-13-br/gantry-v2-shared.3421452a627674f7.min.js?cacheKey=gantry-1785440254:0
[    5470ms] [INFO] Jul-30 22:49:39.317 [API-Q] (T023EV54RR7) noversion-1785444579.288 Flannel apps/info is RESOLVED @ https://a.slack-edge.com/bv1-13-br/gantry-v2-shared.3421452a627674f7.min.js?cacheKey=gantry-1785440254:0
[    5470ms] [INFO] Jul-30 22:49:39.317 [UFM] (T023EV54RR7) received A02NAULLCG1,A0AUZJGS4LW,A0AUKUBF691,A0B6ESXTAHE,A0B5MQSHE65,A0B9SV8Q1GD,A0B9ZU3SJ7N,A0BA03FC5EY,A0BLHCTS1AT (1) @ https://a.slack-edge.com/bv1-13-br/gantry-v2-shared.3421452a627674f7.min.js?cacheKey=gantry-1785440254:0
[    5471ms] [WARNING] Jul-30 22:49:39.319 UFM (T023EV54RR7) UnknownFetchManager requested 9 objects but received 6. Missing objects: A0AUZJGS4LW,A0AUKUBF691,A0B6ESXTAHE @ https://a.slack-edge.com/bv1-13-br/gantry-v2-shared.3421452a627674f7.min.js?cacheKey=gantry-1785440254:0
[    5473ms] [INFO] Jul-30 22:49:39.320 [API-Q] (T023EV54RR7) noversion-1785444579.280 Flannel channels/info is RESOLVED @ https://a.slack-edge.com/bv1-13-br/gantry-v2-shared.3421452a627674f7.min.js?cacheKey=gantry-1785440254:0
[    5474ms] [INFO] Jul-30 22:49:39.321 [API-Q] (T023EV54RR7) c891cfd1-1785444579.321 conversations.genericInfo called with reason: fallback:fetchAndUpsertChannelsById @ https://a.slack-edge.com/bv1-13-br/gantry-v2-shared.3421452a627674f7.min.js?cacheKey=gantry-1785440254:0
[    5474ms] [INFO] Jul-30 22:49:39.321 [API-Q] (T023EV54RR7) c891cfd1-1785444579.321 conversations.genericInfo is ENQUEUED @ https://a.slack-edge.com/bv1-13-br/gantry-v2-shared.3421452a627674f7.min.js?cacheKey=gantry-1785440254:0
[    5475ms] [INFO] Jul-30 22:49:39.322 [API-Q] (T023EV54RR7) c891cfd1-1785444579.321 conversations.genericInfo is ACTIVE @ https://a.slack-edge.com/bv1-13-br/gantry-v2-shared.3421452a627674f7.min.js?cacheKey=gantry-1785440254:0
[    5484ms] [INFO] Jul-30 22:49:39.331 [API-Q] (T023EV54RR7) c891cfd1-1785444578.994 client.counts is RESOLVED @ https://a.slack-edge.com/bv1-13-br/gantry-v2-shared.3421452a627674f7.min.js?cacheKey=gantry-1785440254:0
[    5487ms] [INFO] Jul-30 22:49:39.334 [COUNTS] (T023EV54RR7) Applying counts to channels. wasLastConnectFast: false isConnected: true applying: 34 out of total: 34 @ https://a.slack-edge.com/bv1-13-br/gantry-v2-shared.3421452a627674f7.min.js?cacheKey=gantry-1785440254:0
[    5491ms] [INFO] Jul-30 22:49:39.338 [COUNTS] (T023EV54RR7) Threads has_unreads:false mention_count:0 @ https://a.slack-edge.com/bv1-13-br/gantry-v2-shared.3421452a627674f7.min.js?cacheKey=gantry-1785440254:0
[    5492ms] [INFO] Jul-30 22:49:39.340 [COUNTS] (T023EV54RR7) Completed counts processing @ https://a.slack-edge.com/bv1-13-br/gantry-v2-shared.3421452a627674f7.min.js?cacheKey=gantry-1785440254:0
[    5510ms] [INFO] Jul-30 22:49:39.357 [API-Q] (T023EV54RR7) c891cfd1-1785444579.185 onboarding.fetch is RESOLVED @ https://a.slack-edge.com/bv1-13-br/gantry-v2-shared.3421452a627674f7.min.js?cacheKey=gantry-1785440254:0
[    5511ms] [INFO] Jul-30 22:49:39.359 [API-Q] (T023EV54RR7) c891cfd1-1785444579.070 feature.usage.info is RESOLVED @ https://a.slack-edge.com/bv1-13-br/gantry-v2-shared.3421452a627674f7.min.js?cacheKey=gantry-1785440254:0
[    5518ms] [INFO] Jul-30 22:49:39.365 [API-Q] (T023EV54RR7) c891cfd1-1785444579.075 slackbot.mcp.list is RESOLVED @ https://a.slack-edge.com/bv1-13-br/gantry-v2-shared.3421452a627674f7.min.js?cacheKey=gantry-1785440254:0
[    5566ms] [INFO] Jul-30 22:49:39.414 [API-Q] (T023EV54RR7) c891cfd1-1785444579.414 conversations.listPrefs called with reason: client_redux_store @ https://a.slack-edge.com/bv1-13-br/gantry-v2-shared.3421452a627674f7.min.js?cacheKey=gantry-1785440254:0
[    5567ms] [INFO] Jul-30 22:49:39.414 [API-Q] (T023EV54RR7) c891cfd1-1785444579.414 conversations.listPrefs is ENQUEUED @ https://a.slack-edge.com/bv1-13-br/gantry-v2-shared.3421452a627674f7.min.js?cacheKey=gantry-1785440254:0
[    5567ms] [INFO] Jul-30 22:49:39.415 [API-Q] (T023EV54RR7) c891cfd1-1785444579.414 conversations.listPrefs is ACTIVE @ https://a.slack-edge.com/bv1-13-br/gantry-v2-shared.3421452a627674f7.min.js?cacheKey=gantry-1785440254:0
[    5568ms] [INFO] Jul-30 22:49:39.415 [API-Q] (T023EV54RR7) noversion-1785444579.415 Flannel users/counts called with reason: flannel-call:users/counts @ https://a.slack-edge.com/bv1-13-br/gantry-v2-shared.3421452a627674f7.min.js?cacheKey=gantry-1785440254:0
[    5568ms] [INFO] Jul-30 22:49:39.415 [API-Q] (T023EV54RR7) noversion-1785444579.415 Flannel users/counts is ENQUEUED @ https://a.slack-edge.com/bv1-13-br/gantry-v2-shared.3421452a627674f7.min.js?cacheKey=gantry-1785440254:0
[    5568ms] [INFO] Jul-30 22:49:39.416 [API-Q] (T023EV54RR7) noversion-1785444579.415 Flannel users/counts is ACTIVE @ https://a.slack-edge.com/bv1-13-br/gantry-v2-shared.3421452a627674f7.min.js?cacheKey=gantry-1785440254:0
[    5578ms] [INFO] Jul-30 22:49:39.426 [UFM] (T023EV54RR7) requesting C023EV55AGH (1) @ https://a.slack-edge.com/bv1-13-br/gantry-v2-shared.3421452a627674f7.min.js?cacheKey=gantry-1785440254:0
[    5578ms] [INFO] Jul-30 22:49:39.426 [UFM] (T023EV54RR7) received C023EV55AGH (1) @ https://a.slack-edge.com/bv1-13-br/gantry-v2-shared.3421452a627674f7.min.js?cacheKey=gantry-1785440254:0
[    5600ms] [INFO] Jul-30 22:49:39.448 [API-Q] (T023EV54RR7) noversion-1785444579.415 Flannel users/counts is RESOLVED @ https://a.slack-edge.com/bv1-13-br/gantry-v2-shared.3421452a627674f7.min.js?cacheKey=gantry-1785440254:0
[    5631ms] [INFO] Jul-30 22:49:39.479 [API-Q] (T023EV54RR7) c891cfd1-1785444579.321 conversations.genericInfo is RESOLVED @ https://a.slack-edge.com/bv1-13-br/gantry-v2-shared.3421452a627674f7.min.js?cacheKey=gantry-1785440254:0
[    5642ms] [INFO] Jul-30 22:49:39.490 [API-Q] (T023EV54RR7) noversion-1785444579.490 Flannel channels/info called with reason: flannel-call:channels/info @ https://a.slack-edge.com/bv1-13-br/gantry-v2-shared.3421452a627674f7.min.js?cacheKey=gantry-1785440254:0
[    5643ms] [INFO] Jul-30 22:49:39.490 [API-Q] (T023EV54RR7) noversion-1785444579.490 Flannel channels/info is ENQUEUED @ https://a.slack-edge.com/bv1-13-br/gantry-v2-shared.3421452a627674f7.min.js?cacheKey=gantry-1785440254:0
[    5643ms] [INFO] Jul-30 22:49:39.491 [API-Q] (T023EV54RR7) noversion-1785444579.490 Flannel channels/info is ACTIVE @ https://a.slack-edge.com/bv1-13-br/gantry-v2-shared.3421452a627674f7.min.js?cacheKey=gantry-1785440254:0
[    5655ms] [INFO] Jul-30 22:49:39.503 [UFM-FILES] (T023EV54RR7) requesting F06EJTNVDRA (1) @ https://a.slack-edge.com/bv1-13-br/gantry-v2-shared.3421452a627674f7.min.js?cacheKey=gantry-1785440254:0
[    5657ms] [INFO] Jul-30 22:49:39.504 [API-Q] (T023EV54RR7) c891cfd1-1785444579.504 files.info called with reason: files-store-unknown-fetch @ https://a.slack-edge.com/bv1-13-br/gantry-v2-shared.3421452a627674f7.min.js?cacheKey=gantry-1785440254:0
[    5657ms] [INFO] Jul-30 22:49:39.505 [API-Q] (T023EV54RR7) c891cfd1-1785444579.504 files.info is ENQUEUED @ https://a.slack-edge.com/bv1-13-br/gantry-v2-shared.3421452a627674f7.min.js?cacheKey=gantry-1785440254:0
[    5658ms] [INFO] Jul-30 22:49:39.505 [API-Q] (T023EV54RR7) c891cfd1-1785444579.504 files.info is ACTIVE @ https://a.slack-edge.com/bv1-13-br/gantry-v2-shared.3421452a627674f7.min.js?cacheKey=gantry-1785440254:0
[    5684ms] [INFO] Jul-30 22:49:39.531 [API-Q] (T023EV54RR7) noversion-1785444579.490 Flannel channels/info is RESOLVED @ https://a.slack-edge.com/bv1-13-br/gantry-v2-shared.3421452a627674f7.min.js?cacheKey=gantry-1785440254:0
[    5688ms] [INFO] Jul-30 22:49:39.535 [API-Q] (T023EV54RR7) c891cfd1-1785444579.533 conversations.genericInfo called with reason: fallback:fetchAndUpsertChannelsById @ https://a.slack-edge.com/bv1-13-br/gantry-v2-shared.3421452a627674f7.min.js?cacheKey=gantry-1785440254:0
[    5688ms] [INFO] Jul-30 22:49:39.535 [API-Q] (T023EV54RR7) c891cfd1-1785444579.533 conversations.genericInfo is ENQUEUED @ https://a.slack-edge.com/bv1-13-br/gantry-v2-shared.3421452a627674f7.min.js?cacheKey=gantry-1785440254:0
[    5688ms] [INFO] Jul-30 22:49:39.536 [API-Q] (T023EV54RR7) c891cfd1-1785444579.533 conversations.genericInfo is ACTIVE @ https://a.slack-edge.com/bv1-13-br/gantry-v2-shared.3421452a627674f7.min.js?cacheKey=gantry-1785440254:0
[    5718ms] [INFO] Jul-30 22:49:39.565 [API-Q] (T023EV54RR7) c891cfd1-1785444579.414 conversations.listPrefs is RESOLVED @ https://a.slack-edge.com/bv1-13-br/gantry-v2-shared.3421452a627674f7.min.js?cacheKey=gantry-1785440254:0
[    5720ms] [INFO] Jul-30 22:49:39.568 [UFM-PERMISSIONS] (T023EV54RR7) requesting CAN_AT_CHANNEL,CAN_AT_EVERYONE,ARCHIVE_CHANNEL (1) @ https://a.slack-edge.com/bv1-13-br/gantry-v2-shared.3421452a627674f7.min.js?cacheKey=gantry-1785440254:0
[    5721ms] [INFO] Jul-30 22:49:39.568 [API-Q] (T023EV54RR7) noversion-1785444579.568 Flannel permissions/info called with reason: flannel-call:permissions/info @ https://a.slack-edge.com/bv1-13-br/gantry-v2-shared.3421452a627674f7.min.js?cacheKey=gantry-1785440254:0
[    5721ms] [INFO] Jul-30 22:49:39.568 [API-Q] (T023EV54RR7) noversion-1785444579.568 Flannel permissions/info is ENQUEUED @ https://a.slack-edge.com/bv1-13-br/gantry-v2-shared.3421452a627674f7.min.js?cacheKey=gantry-1785440254:0
[    5721ms] [INFO] Jul-30 22:49:39.569 [API-Q] (T023EV54RR7) noversion-1785444579.568 Flannel permissions/info is ACTIVE @ https://a.slack-edge.com/bv1-13-br/gantry-v2-shared.3421452a627674f7.min.js?cacheKey=gantry-1785440254:0
[    5800ms] [INFO] Jul-30 22:49:39.647 [DRAFTS] (T023EV54RR7) There are no channels with drafts @ https://a.slack-edge.com/bv1-13-br/gantry-v2-shared.3421452a627674f7.min.js?cacheKey=gantry-1785440254:0
[    5801ms] [INFO] Jul-30 22:49:39.648 [BOOT] (T023EV54RR7) Beaconed client boot mount success @ https://a.slack-edge.com/bv1-13-br/gantry-v2-shared.3421452a627674f7.min.js?cacheKey=gantry-1785440254:0
[    5802ms] [INFO] Jul-30 22:49:39.649 [API-Q] (T023EV54RR7) c891cfd1-1785444579.649 sharedInvites.canGetLink called with reason: sidebar-mount @ https://a.slack-edge.com/bv1-13-br/gantry-v2-shared.3421452a627674f7.min.js?cacheKey=gantry-1785440254:0
[    5803ms] [INFO] Jul-30 22:49:39.650 [API-Q] (T023EV54RR7) c891cfd1-1785444579.649 sharedInvites.canGetLink is ENQUEUED @ https://a.slack-edge.com/bv1-13-br/gantry-v2-shared.3421452a627674f7.min.js?cacheKey=gantry-1785440254:0
[    5832ms] [INFO] Jul-30 22:49:39.679 [API-Q] (T023EV54RR7) c891cfd1-1785444579.679 users.interactions.list called with reason: ai_workspace_resource_tab_coachmark @ https://a.slack-edge.com/bv1-13-br/gantry-v2-shared.3421452a627674f7.min.js?cacheKey=gantry-1785440254:0
[    5833ms] [INFO] Jul-30 22:49:39.680 [API-Q] (T023EV54RR7) c891cfd1-1785444579.679 users.interactions.list is ENQUEUED @ https://a.slack-edge.com/bv1-13-br/gantry-v2-shared.3421452a627674f7.min.js?cacheKey=gantry-1785440254:0
[    5843ms] [INFO] Jul-30 22:49:39.690 [ALLTHREADSROWELEMENT] (T023EV54RR7) From channel badges count, has unreads: false with badge count: 0 @ https://a.slack-edge.com/bv1-13-br/gantry-v2-shared.3421452a627674f7.min.js?cacheKey=gantry-1785440254:0
[    6065ms] [INFO] Jul-30 22:49:39.912 [HISTORY-FETCH] (T023EV54RR7) Fetching history for message pane: C023EV55AGH oldest: 1784011993.061129 latest: null @ https://a.slack-edge.com/bv1-13-br/gantry-v2-shared.3421452a627674f7.min.js?cacheKey=gantry-1785440254:0
[    6067ms] [INFO] Jul-30 22:49:39.914 [API-Q] (T023EV54RR7) c891cfd1-1785444579.913 conversations.history called with reason: message-pane/requestHistory @ https://a.slack-edge.com/bv1-13-br/gantry-v2-shared.3421452a627674f7.min.js?cacheKey=gantry-1785440254:0
[    6067ms] [INFO] Jul-30 22:49:39.915 [API-Q] (T023EV54RR7) c891cfd1-1785444579.913 conversations.history is ENQUEUED @ https://a.slack-edge.com/bv1-13-br/gantry-v2-shared.3421452a627674f7.min.js?cacheKey=gantry-1785440254:0
[    6103ms] [INFO] Jul-30 22:49:39.951 [API-Q] (T023EV54RR7) noversion-1785444579.951 Flannel users/list called with reason: flannel-call:users/list @ https://a.slack-edge.com/bv1-13-br/gantry-v2-shared.3421452a627674f7.min.js?cacheKey=gantry-1785440254:0
[    6104ms] [INFO] Jul-30 22:49:39.951 [API-Q] (T023EV54RR7) noversion-1785444579.951 Flannel users/list is ENQUEUED @ https://a.slack-edge.com/bv1-13-br/gantry-v2-shared.3421452a627674f7.min.js?cacheKey=gantry-1785440254:0
[    6104ms] [INFO] Jul-30 22:49:39.952 [API-Q] (T023EV54RR7) noversion-1785444579.951 Flannel permissions/info called with reason: flannel-call:permissions/info @ https://a.slack-edge.com/bv1-13-br/gantry-v2-shared.3421452a627674f7.min.js?cacheKey=gantry-1785440254:0
[    6104ms] [INFO] Jul-30 22:49:39.952 [API-Q] (T023EV54RR7) noversion-1785444579.951 Flannel permissions/info is ENQUEUED @ https://a.slack-edge.com/bv1-13-br/gantry-v2-shared.3421452a627674f7.min.js?cacheKey=gantry-1785440254:0
[    6106ms] [INFO] Jul-30 22:49:39.954 [API-Q] (T023EV54RR7) c891cfd1-1785444579.649 sharedInvites.canGetLink is ACTIVE @ https://a.slack-edge.com/bv1-13-br/gantry-v2-shared.3421452a627674f7.min.js?cacheKey=gantry-1785440254:0
[    6107ms] [INFO] Jul-30 22:49:39.954 [API-Q] (T023EV54RR7) c891cfd1-1785444579.679 users.interactions.list is ACTIVE @ https://a.slack-edge.com/bv1-13-br/gantry-v2-shared.3421452a627674f7.min.js?cacheKey=gantry-1785440254:0
[    6107ms] [INFO] Jul-30 22:49:39.955 [API-Q] (T023EV54RR7) c891cfd1-1785444579.913 conversations.history is ACTIVE @ https://a.slack-edge.com/bv1-13-br/gantry-v2-shared.3421452a627674f7.min.js?cacheKey=gantry-1785440254:0
[    6108ms] [INFO] Jul-30 22:49:39.955 [API-Q] (T023EV54RR7) noversion-1785444579.951 Flannel users/list is ACTIVE @ https://a.slack-edge.com/bv1-13-br/gantry-v2-shared.3421452a627674f7.min.js?cacheKey=gantry-1785440254:0
[    6108ms] [INFO] Jul-30 22:49:39.956 [API-Q] (T023EV54RR7) noversion-1785444579.951 Flannel permissions/info is ACTIVE @ https://a.slack-edge.com/bv1-13-br/gantry-v2-shared.3421452a627674f7.min.js?cacheKey=gantry-1785440254:0
[    6128ms] [INFO] Jul-30 22:49:39.975 [MESSAGE-LIST] (T023EV54RR7) componentWillReceiveProps isLoading: true isLoadingOlder: false timestamps: 28 @ https://a.slack-edge.com/bv1-13-br/gantry-v2-shared.3421452a627674f7.min.js?cacheKey=gantry-1785440254:0
[    6131ms] [INFO] Jul-30 22:49:39.978 [CHECK-UNREADS] (T023EV54RR7) unreadLineVisible updated in main window container primary: undefined -> false @ https://a.slack-edge.com/bv1-13-br/gantry-v2-shared.3421452a627674f7.min.js?cacheKey=gantry-1785440254:0
[    6147ms] [INFO] Jul-30 22:49:39.995 [API-Q] (T023EV54RR7) noversion-1785444579.568 Flannel permissions/info is RESOLVED @ https://a.slack-edge.com/bv1-13-br/gantry-v2-shared.3421452a627674f7.min.js?cacheKey=gantry-1785440254:0
[    6148ms] [INFO] Jul-30 22:49:39.995 [UFM-PERMISSIONS] (T023EV54RR7) received CAN_AT_CHANNEL,CAN_AT_EVERYONE,ARCHIVE_CHANNEL (1) @ https://a.slack-edge.com/bv1-13-br/gantry-v2-shared.3421452a627674f7.min.js?cacheKey=gantry-1785440254:0
[    6150ms] [INFO] Jul-30 22:49:39.997 [API-Q] (T023EV54RR7) c891cfd1-1785444578.586 aiApps.list is RESOLVED @ https://a.slack-edge.com/bv1-13-br/gantry-v2-shared.3421452a627674f7.min.js?cacheKey=gantry-1785440254:0
[    6155ms] [INFO] Jul-30 22:49:40.002 [API-Q] (T023EV54RR7) c891cfd1-1785444579.533 conversations.genericInfo is RESOLVED @ https://a.slack-edge.com/bv1-13-br/gantry-v2-shared.3421452a627674f7.min.js?cacheKey=gantry-1785440254:0
[    6159ms] [INFO] Jul-30 22:49:40.006 [API-Q] (T023EV54RR7) c891cfd1-1785444580.005 bookmarks.list called with reason: bookmarks-store/conditional-fetching @ https://a.slack-edge.com/bv1-13-br/gantry-v2-shared.3421452a627674f7.min.js?cacheKey=gantry-1785440254:0
[    6159ms] [INFO] Jul-30 22:49:40.006 [API-Q] (T023EV54RR7) c891cfd1-1785444580.005 bookmarks.list is ENQUEUED @ https://a.slack-edge.com/bv1-13-br/gantry-v2-shared.3421452a627674f7.min.js?cacheKey=gantry-1785440254:0
[    6160ms] [INFO] Jul-30 22:49:40.008 [API-Q] (T023EV54RR7) c891cfd1-1785444580.005 bookmarks.list is ACTIVE @ https://a.slack-edge.com/bv1-13-br/gantry-v2-shared.3421452a627674f7.min.js?cacheKey=gantry-1785440254:0
[    6160ms] [INFO] Jul-30 22:49:40.008 [UFM] (T023EV54RR7) requesting C04LNTEFX6X,D0B9WCNHRDG,C0B4FT50MRN,D07DDMHU3N0,D07CWLB1BQF,D07E015C0MN,D0B5PJ7QBLL,D0BMT4F1SL8 (1) @ https://a.slack-edge.com/bv1-13-br/gantry-v2-shared.3421452a627674f7.min.js?cacheKey=gantry-1785440254:0
[    6161ms] [INFO] Jul-30 22:49:40.008 [API-Q] (T023EV54RR7) noversion-1785444580.008 Flannel huddles/info called with reason: flannel-call:huddles/info @ https://a.slack-edge.com/bv1-13-br/gantry-v2-shared.3421452a627674f7.min.js?cacheKey=gantry-1785440254:0
[    6161ms] [INFO] Jul-30 22:49:40.009 [API-Q] (T023EV54RR7) noversion-1785444580.008 Flannel huddles/info is ENQUEUED @ https://a.slack-edge.com/bv1-13-br/gantry-v2-shared.3421452a627674f7.min.js?cacheKey=gantry-1785440254:0
[    6163ms] [INFO] Jul-30 22:49:40.010 [API-Q] (T023EV54RR7) noversion-1785444580.008 Flannel huddles/info is ACTIVE @ https://a.slack-edge.com/bv1-13-br/gantry-v2-shared.3421452a627674f7.min.js?cacheKey=gantry-1785440254:0
[    6164ms] [INFO] Jul-30 22:49:40.011 [UFM] (T023EV54RR7) requesting B0B9UAM2PNJ,B0B5DJWL7M1,B0BM2ET8JRJ (1) @ https://a.slack-edge.com/bv1-13-br/gantry-v2-shared.3421452a627674f7.min.js?cacheKey=gantry-1785440254:0
[    6166ms] [INFO] Jul-30 22:49:40.013 [API-Q] (T023EV54RR7) noversion-1785444580.013 Flannel users/info called with reason: flannel-call:users/info @ https://a.slack-edge.com/bv1-13-br/gantry-v2-shared.3421452a627674f7.min.js?cacheKey=gantry-1785440254:0
[    6166ms] [INFO] Jul-30 22:49:40.014 [API-Q] (T023EV54RR7) noversion-1785444580.013 Flannel users/info is ENQUEUED @ https://a.slack-edge.com/bv1-13-br/gantry-v2-shared.3421452a627674f7.min.js?cacheKey=gantry-1785440254:0
[    6167ms] [INFO] Jul-30 22:49:40.015 [API-Q] (T023EV54RR7) noversion-1785444580.013 Flannel users/info is ACTIVE @ https://a.slack-edge.com/bv1-13-br/gantry-v2-shared.3421452a627674f7.min.js?cacheKey=gantry-1785440254:0
[    6167ms] [INFO] Jul-30 22:49:40.015 [DND_V2] (T023EV54RR7) fetchAndUpsertDndForUsers - Preparing to fetch DND times for the following members: U03VCUX8XEG,U069V2P34QZ,U03G9QDHTAN @ https://a.slack-edge.com/bv1-13-br/gantry-v2-shared.3421452a627674f7.min.js?cacheKey=gantry-1785440254:0
[    6169ms] [INFO] Jul-30 22:49:40.016 [API-Q] (T023EV54RR7) c891cfd1-1785444580.016 dnd.teamInfo called with reason: fetchAndUpsertDndForUsers-getDndTimesFor:others @ https://a.slack-edge.com/bv1-13-br/gantry-v2-shared.3421452a627674f7.min.js?cacheKey=gantry-1785440254:0
[    6169ms] [INFO] Jul-30 22:49:40.017 [API-Q] (T023EV54RR7) c891cfd1-1785444580.016 dnd.teamInfo is ENQUEUED @ https://a.slack-edge.com/bv1-13-br/gantry-v2-shared.3421452a627674f7.min.js?cacheKey=gantry-1785440254:0
[    6171ms] [INFO] Jul-30 22:49:40.018 [API-Q] (T023EV54RR7) c891cfd1-1785444580.016 dnd.teamInfo is ACTIVE @ https://a.slack-edge.com/bv1-13-br/gantry-v2-shared.3421452a627674f7.min.js?cacheKey=gantry-1785440254:0
[    6172ms] [INFO] Jul-30 22:49:40.020 [API-Q] (T023EV54RR7) c891cfd1-1785444579.504 files.info is RESOLVED @ https://a.slack-edge.com/bv1-13-br/gantry-v2-shared.3421452a627674f7.min.js?cacheKey=gantry-1785440254:0
[    6173ms] [INFO] Jul-30 22:49:40.021 [UFM-FILES] (T023EV54RR7) received F06EJTNVDRA (1) @ https://a.slack-edge.com/bv1-13-br/gantry-v2-shared.3421452a627674f7.min.js?cacheKey=gantry-1785440254:0
[    6176ms] [INFO] Jul-30 22:49:40.023 [UFM-REACJITRIGGERS] (T023EV54RR7) requesting C023EV55AGH (1) @ https://a.slack-edge.com/bv1-13-br/gantry-v2-shared.3421452a627674f7.min.js?cacheKey=gantry-1785440254:0
[    6178ms] [INFO] Jul-30 22:49:40.025 [API-Q] (T023EV54RR7) c891cfd1-1785444580.024 conversations.bulkReacjiTriggers called with reason: reacji_triggers_ufm @ https://a.slack-edge.com/bv1-13-br/gantry-v2-shared.3421452a627674f7.min.js?cacheKey=gantry-1785440254:0
[    6178ms] [INFO] Jul-30 22:49:40.025 [API-Q] (T023EV54RR7) c891cfd1-1785444580.024 conversations.bulkReacjiTriggers is ENQUEUED @ https://a.slack-edge.com/bv1-13-br/gantry-v2-shared.3421452a627674f7.min.js?cacheKey=gantry-1785440254:0
[    6180ms] [INFO] Jul-30 22:49:40.028 [API-Q] (T023EV54RR7) c891cfd1-1785444580.024 conversations.bulkReacjiTriggers is ACTIVE @ https://a.slack-edge.com/bv1-13-br/gantry-v2-shared.3421452a627674f7.min.js?cacheKey=gantry-1785440254:0
[    6236ms] [ERROR] Failed to load resource: the server responded with a status of 429 () @ https://slack-imgs.com/?c=1&o1=ro&url=https%3A%2F%2Fassets.octomind.dev%2Fpreview.webp:0
[    6236ms] [ERROR] Failed to load resource: the server responded with a status of 429 () @ https://slack-imgs.com/?c=1&o1=wi32.he32.si&url=https%3A%2F%2Foctomind.dev%2Ffavicon.png:0
[    6243ms] [INFO] Jul-30 22:49:40.090 [API-Q] (T023EV54RR7) noversion-1785444580.090 Flannel channels/membership called with reason: flannel-call:channels/membership @ https://a.slack-edge.com/bv1-13-br/gantry-v2-shared.3421452a627674f7.min.js?cacheKey=gantry-1785440254:0
[    6243ms] [INFO] Jul-30 22:49:40.091 [API-Q] (T023EV54RR7) noversion-1785444580.090 Flannel channels/membership is ENQUEUED @ https://a.slack-edge.com/bv1-13-br/gantry-v2-shared.3421452a627674f7.min.js?cacheKey=gantry-1785440254:0
[    6294ms] [INFO] Jul-30 22:49:40.142 [API-Q] (T023EV54RR7) noversion-1785444580.141 Flannel users/info called with reason: flannel-call:users/info @ https://a.slack-edge.com/bv1-13-br/gantry-v2-shared.3421452a627674f7.min.js?cacheKey=gantry-1785440254:0
[    6294ms] [INFO] Jul-30 22:49:40.142 [API-Q] (T023EV54RR7) noversion-1785444580.141 Flannel users/info is ENQUEUED @ https://a.slack-edge.com/bv1-13-br/gantry-v2-shared.3421452a627674f7.min.js?cacheKey=gantry-1785440254:0
[    6305ms] [INFO] Jul-30 22:49:40.153 [API-Q] (T023EV54RR7) noversion-1785444580.153 Flannel channels/info called with reason: flannel-call:channels/info @ https://a.slack-edge.com/bv1-13-br/gantry-v2-shared.3421452a627674f7.min.js?cacheKey=gantry-1785440254:0
[    6306ms] [INFO] Jul-30 22:49:40.153 [API-Q] (T023EV54RR7) noversion-1785444580.153 Flannel channels/info is ENQUEUED @ https://a.slack-edge.com/bv1-13-br/gantry-v2-shared.3421452a627674f7.min.js?cacheKey=gantry-1785440254:0
[    6309ms] [INFO] Jul-30 22:49:40.156 [API-Q] (T023EV54RR7) noversion-1785444579.951 Flannel users/list is RESOLVED @ https://a.slack-edge.com/bv1-13-br/gantry-v2-shared.3421452a627674f7.min.js?cacheKey=gantry-1785440254:0
[    6317ms] [INFO] Jul-30 22:49:40.165 [API-Q] (T023EV54RR7) noversion-1785444580.153 Flannel channels/info is ACTIVE @ https://a.slack-edge.com/bv1-13-br/gantry-v2-shared.3421452a627674f7.min.js?cacheKey=gantry-1785440254:0
[    6319ms] [INFO] Jul-30 22:49:40.166 [API-Q] (T023EV54RR7) noversion-1785444579.951 Flannel permissions/info is RESOLVED @ https://a.slack-edge.com/bv1-13-br/gantry-v2-shared.3421452a627674f7.min.js?cacheKey=gantry-1785440254:0
[    6323ms] [INFO] Jul-30 22:49:40.170 [API-Q] (T023EV54RR7) noversion-1785444580.141 Flannel users/info is ACTIVE @ https://a.slack-edge.com/bv1-13-br/gantry-v2-shared.3421452a627674f7.min.js?cacheKey=gantry-1785440254:0
[    6324ms] [INFO] Jul-30 22:49:40.172 [API-Q] (T023EV54RR7) noversion-1785444580.008 Flannel huddles/info is RESOLVED @ https://a.slack-edge.com/bv1-13-br/gantry-v2-shared.3421452a627674f7.min.js?cacheKey=gantry-1785440254:0
[    6326ms] [INFO] Jul-30 22:49:40.174 [API-Q] (T023EV54RR7) noversion-1785444580.090 Flannel channels/membership is ACTIVE @ https://a.slack-edge.com/bv1-13-br/gantry-v2-shared.3421452a627674f7.min.js?cacheKey=gantry-1785440254:0
[    6327ms] [INFO] Jul-30 22:49:40.174 [UFM] (T023EV54RR7) received C04LNTEFX6X,D0B9WCNHRDG,C0B4FT50MRN,D07DDMHU3N0,D07CWLB1BQF,D07E015C0MN,D0B5PJ7QBLL,D0BMT4F1SL8 (1) @ https://a.slack-edge.com/bv1-13-br/gantry-v2-shared.3421452a627674f7.min.js?cacheKey=gantry-1785440254:0
[    6332ms] [INFO] Jul-30 22:49:40.179 [API-Q] (T023EV54RR7) noversion-1785444580.013 Flannel users/info is RESOLVED @ https://a.slack-edge.com/bv1-13-br/gantry-v2-shared.3421452a627674f7.min.js?cacheKey=gantry-1785440254:0
[    6333ms] [INFO] Jul-30 22:49:40.180 [UFM] (T023EV54RR7) received B0B9UAM2PNJ,B0B5DJWL7M1,B0BM2ET8JRJ (1) @ https://a.slack-edge.com/bv1-13-br/gantry-v2-shared.3421452a627674f7.min.js?cacheKey=gantry-1785440254:0
[    6361ms] [INFO] Jul-30 22:49:40.209 [API-Q] (T023EV54RR7) c891cfd1-1785444579.649 sharedInvites.canGetLink is RESOLVED @ https://a.slack-edge.com/bv1-13-br/gantry-v2-shared.3421452a627674f7.min.js?cacheKey=gantry-1785440254:0
[    6365ms] [INFO] Jul-30 22:49:40.212 [API-Q] (T023EV54RR7) c891cfd1-1785444579.679 users.interactions.list is RESOLVED @ https://a.slack-edge.com/bv1-13-br/gantry-v2-shared.3421452a627674f7.min.js?cacheKey=gantry-1785440254:0
[    6368ms] [INFO] Jul-30 22:49:40.215 [API-Q] (T023EV54RR7) c891cfd1-1785444579.913 conversations.history is RESOLVED @ https://a.slack-edge.com/bv1-13-br/gantry-v2-shared.3421452a627674f7.min.js?cacheKey=gantry-1785440254:0
[    6371ms] [INFO] Jul-30 22:49:40.218 [PLATFORM-CHANNEL-ACTI] (T023EV54RR7) Not updating count for channel C023EV55AGH, as count was already set to 0 @ https://a.slack-edge.com/bv1-13-br/gantry-v2-shared.3421452a627674f7.min.js?cacheKey=gantry-1785440254:0
[    6378ms] [INFO] Jul-30 22:49:40.224 [PINS] (T023EV54RR7) Pins count updated for channel C023EV55AGH: 0 @ https://a.slack-edge.com/bv1-13-br/gantry-v2-shared.3421452a627674f7.min.js?cacheKey=gantry-1785440254:0
[    6380ms] [INFO] Jul-30 22:49:40.227 [CHECK-UNREADS] (T023EV54RR7) Not marking C023EV55AGH because last_read >= latest && channel is read @ https://a.slack-edge.com/bv1-13-br/gantry-v2-shared.3421452a627674f7.min.js?cacheKey=gantry-1785440254:0
[    6442ms] [INFO] Jul-30 22:49:40.289 [MESSAGE-LIST] (T023EV54RR7) componentWillReceiveProps isLoading: false isLoadingOlder: false timestamps: 28 @ https://a.slack-edge.com/bv1-13-br/gantry-v2-shared.3421452a627674f7.min.js?cacheKey=gantry-1785440254:0
[    7021ms] [INFO] Jul-30 22:49:40.868 [CHECK-UNREADS] (T023EV54RR7) unreadLineVisible updated in main window container primary: false -> true @ https://a.slack-edge.com/bv1-13-br/gantry-v2-shared.3421452a627674f7.min.js?cacheKey=gantry-1785440254:0
[    7145ms] [INFO] Jul-30 22:49:40.992 [API-Q] (T023EV54RR7) c891cfd1-1785444580.005 bookmarks.list is RESOLVED @ https://a.slack-edge.com/bv1-13-br/gantry-v2-shared.3421452a627674f7.min.js?cacheKey=gantry-1785440254:0
[    7151ms] [WARNING] Jul-30 22:49:40.998 AVDeviceService [AVDeviceService] [HEALTH] [avds_1785444578490] Invalid device list on attempt 2 (3 devices, none with valid IDs) @ https://a.slack-edge.com/bv1-13-br/gantry-v2-shared.3421452a627674f7.min.js?cacheKey=gantry-1785440254:0
[    7151ms] [INFO] Jul-30 22:49:40.998 [AVDEVICESERVICE] [AVDeviceService] [ACQUISITION] [avds_1785444578490] Retry attempt 2 for enumerateDevices with 750ms delay @ https://a.slack-edge.com/bv1-13-br/gantry-v2-shared.3421452a627674f7.min.js?cacheKey=gantry-1785440254:0
[    7263ms] [INFO] Jul-30 22:49:41.110 [API-Q] (T023EV54RR7) c891cfd1-1785444580.024 conversations.bulkReacjiTriggers is RESOLVED @ https://a.slack-edge.com/bv1-13-br/gantry-v2-shared.3421452a627674f7.min.js?cacheKey=gantry-1785440254:0
[    7263ms] [INFO] Jul-30 22:49:41.111 [UFM-REACJITRIGGERS] (T023EV54RR7) received C023EV55AGH (1) @ https://a.slack-edge.com/bv1-13-br/gantry-v2-shared.3421452a627674f7.min.js?cacheKey=gantry-1785440254:0
[    7267ms] [INFO] Jul-30 22:49:41.115 [API-Q] (T023EV54RR7) c891cfd1-1785444580.016 dnd.teamInfo is RESOLVED @ https://a.slack-edge.com/bv1-13-br/gantry-v2-shared.3421452a627674f7.min.js?cacheKey=gantry-1785440254:0
[    7268ms] [INFO] Jul-30 22:49:41.115 [DND] (T023EV54RR7) Fetched DND info for the following members: U03VCUX8XEG,U069V2P34QZ,U03G9QDHTAN @ https://a.slack-edge.com/bv1-13-br/gantry-v2-shared.3421452a627674f7.min.js?cacheKey=gantry-1785440254:0
[    7272ms] [INFO] Jul-30 22:49:41.120 [DND_V2] (T023EV54RR7) Will check for changes in DND status again in 5 minutes @ https://a.slack-edge.com/bv1-13-br/gantry-v2-shared.3421452a627674f7.min.js?cacheKey=gantry-1785440254:0
[    7275ms] [INFO] Jul-30 22:49:41.122 [API-Q] (T023EV54RR7) noversion-1785444580.153 Flannel channels/info is RESOLVED @ https://a.slack-edge.com/bv1-13-br/gantry-v2-shared.3421452a627674f7.min.js?cacheKey=gantry-1785440254:0
[    7278ms] [INFO] Jul-30 22:49:41.125 [API-Q] (T023EV54RR7) c891cfd1-1785444581.125 conversations.genericInfo called with reason: fallback:fetchAndUpsertChannelsById @ https://a.slack-edge.com/bv1-13-br/gantry-v2-shared.3421452a627674f7.min.js?cacheKey=gantry-1785440254:0
[    7278ms] [INFO] Jul-30 22:49:41.125 [API-Q] (T023EV54RR7) c891cfd1-1785444581.125 conversations.genericInfo is ENQUEUED @ https://a.slack-edge.com/bv1-13-br/gantry-v2-shared.3421452a627674f7.min.js?cacheKey=gantry-1785440254:0
[    7279ms] [INFO] Jul-30 22:49:41.127 [API-Q] (T023EV54RR7) c891cfd1-1785444581.125 conversations.genericInfo is ACTIVE @ https://a.slack-edge.com/bv1-13-br/gantry-v2-shared.3421452a627674f7.min.js?cacheKey=gantry-1785440254:0
[    7281ms] [INFO] Jul-30 22:49:41.129 [API-Q] (T023EV54RR7) noversion-1785444580.141 Flannel users/info is RESOLVED @ https://a.slack-edge.com/bv1-13-br/gantry-v2-shared.3421452a627674f7.min.js?cacheKey=gantry-1785440254:0
[    7296ms] [INFO] Jul-30 22:49:41.144 [API-Q] (T023EV54RR7) noversion-1785444580.090 Flannel channels/membership is RESOLVED @ https://a.slack-edge.com/bv1-13-br/gantry-v2-shared.3421452a627674f7.min.js?cacheKey=gantry-1785440254:0
[    7314ms] [INFO] Jul-30 22:49:41.162 [API-Q] (T023EV54RR7) noversion-1785444581.162 Flannel channels/membership called with reason: flannel-call:channels/membership @ https://a.slack-edge.com/bv1-13-br/gantry-v2-shared.3421452a627674f7.min.js?cacheKey=gantry-1785440254:0
[    7315ms] [INFO] Jul-30 22:49:41.162 [API-Q] (T023EV54RR7) noversion-1785444581.162 Flannel channels/membership is ENQUEUED @ https://a.slack-edge.com/bv1-13-br/gantry-v2-shared.3421452a627674f7.min.js?cacheKey=gantry-1785440254:0
[    7316ms] [INFO] Jul-30 22:49:41.163 [API-Q] (T023EV54RR7) noversion-1785444581.162 Flannel channels/membership is ACTIVE @ https://a.slack-edge.com/bv1-13-br/gantry-v2-shared.3421452a627674f7.min.js?cacheKey=gantry-1785440254:0
[    7417ms] [INFO] Jul-30 22:49:41.264 [API-Q] (T023EV54RR7) noversion-1785444581.264 Flannel users/list called with reason: flannel-call:users/list @ https://a.slack-edge.com/bv1-13-br/gantry-v2-shared.3421452a627674f7.min.js?cacheKey=gantry-1785440254:0
[    7417ms] [INFO] Jul-30 22:49:41.264 [API-Q] (T023EV54RR7) noversion-1785444581.264 Flannel users/list is ENQUEUED @ https://a.slack-edge.com/bv1-13-br/gantry-v2-shared.3421452a627674f7.min.js?cacheKey=gantry-1785440254:0
[    7418ms] [INFO] Jul-30 22:49:41.265 [API-Q] (T023EV54RR7) noversion-1785444581.264 Flannel users/list is ACTIVE @ https://a.slack-edge.com/bv1-13-br/gantry-v2-shared.3421452a627674f7.min.js?cacheKey=gantry-1785440254:0
[    7420ms] [INFO] Jul-30 22:49:41.267 [API-Q] (T023EV54RR7) noversion-1785444581.162 Flannel channels/membership is RESOLVED @ https://a.slack-edge.com/bv1-13-br/gantry-v2-shared.3421452a627674f7.min.js?cacheKey=gantry-1785440254:0
[    7454ms] [INFO] Jul-30 22:49:41.301 [API-Q] (T023EV54RR7) c891cfd1-1785444581.125 conversations.genericInfo is RESOLVED @ https://a.slack-edge.com/bv1-13-br/gantry-v2-shared.3421452a627674f7.min.js?cacheKey=gantry-1785440254:0
[    7458ms] [INFO] Jul-30 22:49:41.305 [CHECK-UNREADS] (T023EV54RR7) Checking unreads after unread line became visible @ https://a.slack-edge.com/bv1-13-br/gantry-v2-shared.3421452a627674f7.min.js?cacheKey=gantry-1785440254:0
[    7459ms] [INFO] Jul-30 22:49:41.306 [CHECK-UNREADS] (T023EV54RR7) Not marking C023EV55AGH because last_read >= latest && channel is read @ https://a.slack-edge.com/bv1-13-br/gantry-v2-shared.3421452a627674f7.min.js?cacheKey=gantry-1785440254:0
[    7473ms] [INFO] Jul-30 22:49:41.321 [API-Q] (T023EV54RR7) noversion-1785444581.264 Flannel users/list is RESOLVED @ https://a.slack-edge.com/bv1-13-br/gantry-v2-shared.3421452a627674f7.min.js?cacheKey=gantry-1785440254:0
[    7647ms] [INFO] Jul-30 22:49:41.495 [PERSIST] (T023EV54RR7) Successfully persisted state @ https://a.slack-edge.com/bv1-13-br/gantry-v2-shared.3421452a627674f7.min.js?cacheKey=gantry-1785440254:0
[    7903ms] [WARNING] Jul-30 22:49:41.751 AVDeviceService [AVDeviceService] [HEALTH] [avds_1785444578490] Invalid device list on attempt 3 (3 devices, none with valid IDs) @ https://a.slack-edge.com/bv1-13-br/gantry-v2-shared.3421452a627674f7.min.js?cacheKey=gantry-1785440254:0
[    7903ms] [INFO] Jul-30 22:49:41.751 [AVDEVICESERVICE] [AVDeviceService] [ACQUISITION] [avds_1785444578490] Retry attempt 3 for enumerateDevices with 1000ms delay @ https://a.slack-edge.com/bv1-13-br/gantry-v2-shared.3421452a627674f7.min.js?cacheKey=gantry-1785440254:0
[    8906ms] [WARNING] Jul-30 22:49:42.754 AVDeviceService [AVDeviceService] [HEALTH] [avds_1785444578490] Invalid device list on attempt 4 (3 devices, none with valid IDs) @ https://a.slack-edge.com/bv1-13-br/gantry-v2-shared.3421452a627674f7.min.js?cacheKey=gantry-1785440254:0
[    8907ms] [ERROR] Jul-30 22:49:42.754 AVDeviceService (?) [AVDeviceService] [ACQUISITION] [avds_1785444578490] Failed to get valid device list after 4 attempts @ https://a.slack-edge.com/bv1-13-br/gantry-v2-shared.3421452a627674f7.min.js?cacheKey=gantry-1785440254:0
[    8909ms] [INFO] Jul-30 22:49:42.757 [AVDEVICESERVICE] [AVDeviceService] [DEVICE_LIST] [avds_1785444578490] Enumerated 3 devices (deviceCount=3, devices=audioinput: "", videoinput: "", audiooutput: "") @ https://a.slack-edge.com/bv1-13-br/gantry-v2-shared.3421452a627674f7.min.js?cacheKey=gantry-1785440254:0
[    8909ms] [INFO] Jul-30 22:49:42.757 [DEVICE-PREFS] Device list validation result: false @ https://a.slack-edge.com/bv1-13-br/gantry-v2-shared.3421452a627674f7.min.js?cacheKey=gantry-1785440254:0
[    8910ms] [INFO] Jul-30 22:49:42.757 [DEVICE-PREFS] Device list updated [Object, Object, Object] @ https://a.slack-edge.com/bv1-13-br/gantry-v2-shared.3421452a627674f7.min.js?cacheKey=gantry-1785440254:0
[    8910ms] [INFO] Jul-30 22:49:42.757 [DEVICE-PREFS] Processing device list [Object, Object, Object] @ https://a.slack-edge.com/bv1-13-br/gantry-v2-shared.3421452a627674f7.min.js?cacheKey=gantry-1785440254:0
[    8910ms] [WARNING] Jul-30 22:49:42.758 DEVICE-PREFS Preferred audioinput device (default) not found. Resetting to OS default. @ https://a.slack-edge.com/bv1-13-br/gantry-v2-shared.3421452a627674f7.min.js?cacheKey=gantry-1785440254:0
[    8910ms] [WARNING] Jul-30 22:49:42.758 DEVICE-PREFS Preferred audiooutput device (default) not found. Resetting to OS default. @ https://a.slack-edge.com/bv1-13-br/gantry-v2-shared.3421452a627674f7.min.js?cacheKey=gantry-1785440254:0
[    8910ms] [INFO] Jul-30 22:49:42.758 [DEVICE-PREFS] No preferred devices found in local storage. Detecting preferences from selection records @ https://a.slack-edge.com/bv1-13-br/gantry-v2-shared.3421452a627674f7.min.js?cacheKey=gantry-1785440254:0
[    8911ms] [INFO] Jul-30 22:49:42.758 [DEVICE-PREFS] Initializing device preferences manager from local storage @ https://a.slack-edge.com/bv1-13-br/gantry-v2-shared.3421452a627674f7.min.js?cacheKey=gantry-1785440254:0
[    8911ms] [INFO] Jul-30 22:49:42.758 [DEVICE-PREFS] Device selection records: {} @ https://a.slack-edge.com/bv1-13-br/gantry-v2-shared.3421452a627674f7.min.js?cacheKey=gantry-1785440254:0
[    8911ms] [INFO] Jul-30 22:49:42.758 [DEVICE-PREFS] Device list processing complete @ https://a.slack-edge.com/bv1-13-br/gantry-v2-shared.3421452a627674f7.min.js?cacheKey=gantry-1785440254:0
[    8911ms] [INFO] Jul-30 22:49:42.759 [DEVICE-PREFS] Preferred audioinput device matches OS default. Updating to OS default @ https://a.slack-edge.com/bv1-13-br/gantry-v2-shared.3421452a627674f7.min.js?cacheKey=gantry-1785440254:0
[    8911ms] [INFO] Jul-30 22:49:42.759 [DEVICE-PREFS] Recording selected audioinput device: default @ https://a.slack-edge.com/bv1-13-br/gantry-v2-shared.3421452a627674f7.min.js?cacheKey=gantry-1785440254:0
[    8912ms] [INFO] Jul-30 22:49:42.759 [DEVICE-PREFS] Preferred audiooutput device matches OS default. Updating to OS default @ https://a.slack-edge.com/bv1-13-br/gantry-v2-shared.3421452a627674f7.min.js?cacheKey=gantry-1785440254:0
[    8912ms] [INFO] Jul-30 22:49:42.759 [DEVICE-PREFS] Recording selected audiooutput device: default @ https://a.slack-edge.com/bv1-13-br/gantry-v2-shared.3421452a627674f7.min.js?cacheKey=gantry-1785440254:0
[    8912ms] [INFO] Jul-30 22:49:42.759 [DEVICE-PREFS] Device list change handler updated @ https://a.slack-edge.com/bv1-13-br/gantry-v2-shared.3421452a627674f7.min.js?cacheKey=gantry-1785440254:0
[    8912ms] [INFO] Jul-30 22:49:42.760 [DEVICE-PREFS] Device preferences manager initialized @ https://a.slack-edge.com/bv1-13-br/gantry-v2-shared.3421452a627674f7.min.js?cacheKey=gantry-1785440254:0
[    8912ms] [INFO] Jul-30 22:49:42.760 [DEVICE-PREFS] Analyzing stored device records @ https://a.slack-edge.com/bv1-13-br/gantry-v2-shared.3421452a627674f7.min.js?cacheKey=gantry-1785440254:0
[    8912ms] [INFO] Jul-30 22:49:42.760 [DEVICE-PREFS] Returning all records for initialization analyses @ https://a.slack-edge.com/bv1-13-br/gantry-v2-shared.3421452a627674f7.min.js?cacheKey=gantry-1785440254:0
[    8912ms] [INFO] Jul-30 22:49:42.760 [DEVICE-PREFS] Device selection records analysis: {totalRecords: 0, webAudioDevices: 0, webAudioSelectedDevices: 0, webAudioUsedDevices: 0, microphoneCount: 0} @ https://a.slack-edge.com/bv1-13-br/gantry-v2-shared.3421452a627674f7.min.js?cacheKey=gantry-1785440254:0
[    8913ms] [INFO] Jul-30 22:49:42.760 [(?)] Device preferences manager initialized @ https://a.slack-edge.com/bv1-13-br/gantry-v2-shared.3421452a627674f7.min.js?cacheKey=gantry-1785440254:0
[    9212ms] [INFO] Jul-30 22:49:43.059 [DEVICE-PREFS] Propagating device selection history update @ https://a.slack-edge.com/bv1-13-br/gantry-v2-shared.3421452a627674f7.min.js?cacheKey=gantry-1785440254:0
[    9214ms] [WARNING] Jul-30 22:49:43.061 (?) preferred device for audiooutput does not exist skipping setting preferred device in huddle @ https://a.slack-edge.com/bv1-13-br/gantry-v2-shared.3421452a627674f7.min.js?cacheKey=gantry-1785440254:0
[    9639ms] [INFO] Jul-30 22:49:43.486 [DEVICE-PERMISSIONS-MA] Refreshing all permissions @ https://a.slack-edge.com/bv1-13-br/gantry-v2-shared.3421452a627674f7.min.js?cacheKey=gantry-1785440254:0
[    9641ms] [WARNING] Jul-30 22:49:43.488 AVDeviceService [AVDeviceService] [HEALTH] [avds_1785444578490] Invalid device list on attempt 1 (3 devices, none with valid IDs) @ https://a.slack-edge.com/bv1-13-br/gantry-v2-shared.3421452a627674f7.min.js?cacheKey=gantry-1785440254:0
[    9641ms] [INFO] Jul-30 22:49:43.489 [AVDEVICESERVICE] [AVDeviceService] [ACQUISITION] [avds_1785444578490] Retry attempt 1 for enumerateDevices with 500ms delay @ https://a.slack-edge.com/bv1-13-br/gantry-v2-shared.3421452a627674f7.min.js?cacheKey=gantry-1785440254:0
[   10147ms] [WARNING] Jul-30 22:49:43.994 AVDeviceService [AVDeviceService] [HEALTH] [avds_1785444578490] Invalid device list on attempt 2 (3 devices, none with valid IDs) @ https://a.slack-edge.com/bv1-13-br/gantry-v2-shared.3421452a627674f7.min.js?cacheKey=gantry-1785440254:0
[   10147ms] [INFO] Jul-30 22:49:43.995 [AVDEVICESERVICE] [AVDeviceService] [ACQUISITION] [avds_1785444578490] Retry attempt 2 for enumerateDevices with 750ms delay @ https://a.slack-edge.com/bv1-13-br/gantry-v2-shared.3421452a627674f7.min.js?cacheKey=gantry-1785440254:0
[   10900ms] [WARNING] Jul-30 22:49:44.747 AVDeviceService [AVDeviceService] [HEALTH] [avds_1785444578490] Invalid device list on attempt 3 (3 devices, none with valid IDs) @ https://a.slack-edge.com/bv1-13-br/gantry-v2-shared.3421452a627674f7.min.js?cacheKey=gantry-1785440254:0
[   10900ms] [INFO] Jul-30 22:49:44.747 [AVDEVICESERVICE] [AVDeviceService] [ACQUISITION] [avds_1785444578490] Retry attempt 3 for enumerateDevices with 1000ms delay @ https://a.slack-edge.com/bv1-13-br/gantry-v2-shared.3421452a627674f7.min.js?cacheKey=gantry-1785440254:0
[   11903ms] [WARNING] Jul-30 22:49:45.750 AVDeviceService [AVDeviceService] [HEALTH] [avds_1785444578490] Invalid device list on attempt 4 (3 devices, none with valid IDs) @ https://a.slack-edge.com/bv1-13-br/gantry-v2-shared.3421452a627674f7.min.js?cacheKey=gantry-1785440254:0
[   11903ms] [ERROR] Jul-30 22:49:45.750 AVDeviceService (?) [AVDeviceService] [ACQUISITION] [avds_1785444578490] Failed to get valid device list after 4 attempts @ https://a.slack-edge.com/bv1-13-br/gantry-v2-shared.3421452a627674f7.min.js?cacheKey=gantry-1785440254:0
[   11903ms] [INFO] Jul-30 22:49:45.751 [AVDEVICESERVICE] [AVDeviceService] [DEVICE_LIST] [avds_1785444578490] Enumerated 3 devices (deviceCount=3, devices=audioinput: "", videoinput: "", audiooutput: "") @ https://a.slack-edge.com/bv1-13-br/gantry-v2-shared.3421452a627674f7.min.js?cacheKey=gantry-1785440254:0
[   11904ms] [INFO] Jul-30 22:49:45.752 [DEVICE-PERMISSIONS-MA] permission state for microphone changed to prompt @ https://a.slack-edge.com/bv1-13-br/gantry-v2-shared.3421452a627674f7.min.js?cacheKey=gantry-1785440254:0
[   11904ms] [INFO] Jul-30 22:49:45.752 [DEVICE-PERMISSIONS-MA] Permissions changed {microphone: prompt, camera: null, screen: null} @ https://a.slack-edge.com/bv1-13-br/gantry-v2-shared.3421452a627674f7.min.js?cacheKey=gantry-1785440254:0
[   11905ms] [INFO] Jul-30 22:49:45.752 [DEVICE-PREFS] Updating available devices (original flow) @ https://a.slack-edge.com/bv1-13-br/gantry-v2-shared.3421452a627674f7.min.js?cacheKey=gantry-1785440254:0
[   11905ms] [INFO] Jul-30 22:49:45.752 [DEVICE-PERMISSIONS-MA] Permissions saved to local storage: {"permissions":{"microphone":"prompt","camera":null,"screen":null},"timestamp":1785444585752} @ https://a.slack-edge.com/bv1-13-br/gantry-v2-shared.3421452a627674f7.min.js?cacheKey=gantry-1785440254:0
[   11905ms] [INFO] Jul-30 22:49:45.752 [DEVICE-PERMISSIONS-MA] Received microphone access status for browser: prompt @ https://a.slack-edge.com/bv1-13-br/gantry-v2-shared.3421452a627674f7.min.js?cacheKey=gantry-1785440254:0
[   11905ms] [INFO] Jul-30 22:49:45.753 [DEVICE-PERMISSIONS-MA] permission state for camera changed to prompt @ https://a.slack-edge.com/bv1-13-br/gantry-v2-shared.3421452a627674f7.min.js?cacheKey=gantry-1785440254:0
[   11905ms] [INFO] Jul-30 22:49:45.753 [DEVICE-PERMISSIONS-MA] Permissions changed {microphone: prompt, camera: prompt, screen: null} @ https://a.slack-edge.com/bv1-13-br/gantry-v2-shared.3421452a627674f7.min.js?cacheKey=gantry-1785440254:0
[   11905ms] [INFO] Jul-30 22:49:45.753 [(?)] Available devices update already in progress. Returning existing promise. @ https://a.slack-edge.com/bv1-13-br/gantry-v2-shared.3421452a627674f7.min.js?cacheKey=gantry-1785440254:0
[   11906ms] [INFO] Jul-30 22:49:45.753 [DEVICE-PERMISSIONS-MA] Permissions saved to local storage: {"permissions":{"microphone":"prompt","camera":"prompt","screen":null},"timestamp":1785444585753} @ https://a.slack-edge.com/bv1-13-br/gantry-v2-shared.3421452a627674f7.min.js?cacheKey=gantry-1785440254:0
[   11906ms] [INFO] Jul-30 22:49:45.753 [DEVICE-PERMISSIONS-MA] Received camera access status for browser: prompt @ https://a.slack-edge.com/bv1-13-br/gantry-v2-shared.3421452a627674f7.min.js?cacheKey=gantry-1785440254:0
[   11906ms] [INFO] Jul-30 22:49:45.753 [DEVICE-PERMISSIONS-MA] permission state for screen changed to prompt @ https://a.slack-edge.com/bv1-13-br/gantry-v2-shared.3421452a627674f7.min.js?cacheKey=gantry-1785440254:0
[   11906ms] [INFO] Jul-30 22:49:45.753 [DEVICE-PERMISSIONS-MA] Permissions changed {microphone: prompt, camera: prompt, screen: prompt} @ https://a.slack-edge.com/bv1-13-br/gantry-v2-shared.3421452a627674f7.min.js?cacheKey=gantry-1785440254:0
[   11906ms] [INFO] Jul-30 22:49:45.754 [(?)] Available devices update already in progress. Returning existing promise. @ https://a.slack-edge.com/bv1-13-br/gantry-v2-shared.3421452a627674f7.min.js?cacheKey=gantry-1785440254:0
[   11906ms] [INFO] Jul-30 22:49:45.754 [DEVICE-PERMISSIONS-MA] Permissions saved to local storage: {"permissions":{"microphone":"prompt","camera":"prompt","screen":"prompt"},"timestamp":1785444585754} @ https://a.slack-edge.com/bv1-13-br/gantry-v2-shared.3421452a627674f7.min.js?cacheKey=gantry-1785440254:0
[   11906ms] [INFO] Jul-30 22:49:45.754 [DEVICE-PERMISSIONS-MA] Received screen access status for browser: prompt @ https://a.slack-edge.com/bv1-13-br/gantry-v2-shared.3421452a627674f7.min.js?cacheKey=gantry-1785440254:0
[   11910ms] [WARNING] Jul-30 22:49:45.757 AVDeviceService [AVDeviceService] [HEALTH] [avds_1785444578490] Invalid device list on attempt 1 (3 devices, none with valid IDs) @ https://a.slack-edge.com/bv1-13-br/gantry-v2-shared.3421452a627674f7.min.js?cacheKey=gantry-1785440254:0
[   11910ms] [INFO] Jul-30 22:49:45.758 [AVDEVICESERVICE] [AVDeviceService] [ACQUISITION] [avds_1785444578490] Retry attempt 1 for enumerateDevices with 500ms delay @ https://a.slack-edge.com/bv1-13-br/gantry-v2-shared.3421452a627674f7.min.js?cacheKey=gantry-1785440254:0
[   12413ms] [WARNING] Jul-30 22:49:46.260 AVDeviceService [AVDeviceService] [HEALTH] [avds_1785444578490] Invalid device list on attempt 2 (3 devices, none with valid IDs) @ https://a.slack-edge.com/bv1-13-br/gantry-v2-shared.3421452a627674f7.min.js?cacheKey=gantry-1785440254:0
[   12413ms] [INFO] Jul-30 22:49:46.260 [AVDEVICESERVICE] [AVDeviceService] [ACQUISITION] [avds_1785444578490] Retry attempt 2 for enumerateDevices with 750ms delay @ https://a.slack-edge.com/bv1-13-br/gantry-v2-shared.3421452a627674f7.min.js?cacheKey=gantry-1785440254:0
[   13165ms] [WARNING] Jul-30 22:49:47.012 AVDeviceService [AVDeviceService] [HEALTH] [avds_1785444578490] Invalid device list on attempt 3 (3 devices, none with valid IDs) @ https://a.slack-edge.com/bv1-13-br/gantry-v2-shared.3421452a627674f7.min.js?cacheKey=gantry-1785440254:0
[   13165ms] [INFO] Jul-30 22:49:47.013 [AVDEVICESERVICE] [AVDeviceService] [ACQUISITION] [avds_1785444578490] Retry attempt 3 for enumerateDevices with 1000ms delay @ https://a.slack-edge.com/bv1-13-br/gantry-v2-shared.3421452a627674f7.min.js?cacheKey=gantry-1785440254:0
[   14171ms] [WARNING] Jul-30 22:49:48.018 AVDeviceService [AVDeviceService] [HEALTH] [avds_1785444578490] Invalid device list on attempt 4 (3 devices, none with valid IDs) @ https://a.slack-edge.com/bv1-13-br/gantry-v2-shared.3421452a627674f7.min.js?cacheKey=gantry-1785440254:0
[   14171ms] [ERROR] Jul-30 22:49:48.018 AVDeviceService (?) [AVDeviceService] [ACQUISITION] [avds_1785444578490] Failed to get valid device list after 4 attempts @ https://a.slack-edge.com/bv1-13-br/gantry-v2-shared.3421452a627674f7.min.js?cacheKey=gantry-1785440254:0
[   14172ms] [INFO] Jul-30 22:49:48.019 [AVDEVICESERVICE] [AVDeviceService] [DEVICE_LIST] [avds_1785444578490] Enumerated 3 devices (deviceCount=3, devices=audioinput: "", videoinput: "", audiooutput: "") @ https://a.slack-edge.com/bv1-13-br/gantry-v2-shared.3421452a627674f7.min.js?cacheKey=gantry-1785440254:0
[   14172ms] [INFO] Jul-30 22:49:48.020 [DEVICE-PREFS] Device list validation result: false @ https://a.slack-edge.com/bv1-13-br/gantry-v2-shared.3421452a627674f7.min.js?cacheKey=gantry-1785440254:0
[   14172ms] [INFO] Jul-30 22:49:48.020 [DEVICE-PREFS] Device list updated [Object, Object, Object] @ https://a.slack-edge.com/bv1-13-br/gantry-v2-shared.3421452a627674f7.min.js?cacheKey=gantry-1785440254:0
[   14173ms] [INFO] Jul-30 22:49:48.020 [DEVICE-PREFS] Processing device list [Object, Object, Object] @ https://a.slack-edge.com/bv1-13-br/gantry-v2-shared.3421452a627674f7.min.js?cacheKey=gantry-1785440254:0
[   14173ms] [WARNING] Jul-30 22:49:48.020 DEVICE-PREFS Preferred audioinput device (default) not found. Resetting to OS default. @ https://a.slack-edge.com/bv1-13-br/gantry-v2-shared.3421452a627674f7.min.js?cacheKey=gantry-1785440254:0
[   14173ms] [WARNING] Jul-30 22:49:48.020 DEVICE-PREFS Preferred audiooutput device (default) not found. Resetting to OS default. @ https://a.slack-edge.com/bv1-13-br/gantry-v2-shared.3421452a627674f7.min.js?cacheKey=gantry-1785440254:0
[   14173ms] [INFO] Jul-30 22:49:48.021 [DEVICE-PREFS] Device list processing complete @ https://a.slack-edge.com/bv1-13-br/gantry-v2-shared.3421452a627674f7.min.js?cacheKey=gantry-1785440254:0
[   14318ms] [INFO] Jul-30 22:49:48.165 [NAVIGATE-IN-MAIN-WIND] Starting a new navigation event {id: D0BMT4F1SL8, viewType: Channel, viewParams: undefined, options: Object} @ https://a.slack-edge.com/bv1-13-br/gantry-v2-shared.3421452a627674f7.min.js?cacheKey=gantry-1785440254:0
[   14320ms] [INFO] Jul-30 22:49:48.167 [NAVIGATE-IN-MAIN-WIND] Applying changes to the primary container {viewSet: Object, nextTab: home} @ https://a.slack-edge.com/bv1-13-br/gantry-v2-shared.3421452a627674f7.min.js?cacheKey=gantry-1785440254:0
[   14320ms] [INFO] Jul-30 22:49:48.168 [NAVIGATION-MIDDLEWARE] Starting a new navigation middleware execution {context: navigation, nextViewSet: Object, nextSplitView: undefined, middlewareCount: 25, nextTab: home} @ https://a.slack-edge.com/bv1-13-br/gantry-v2-shared.3421452a627674f7.min.js?cacheKey=gantry-1785440254:0
[   14321ms] [INFO] Jul-30 22:49:48.169 [NAVIGATION-MIDDLEWARE] Async action execution is complete for a view {nextView: Object, results: Array(25), shouldTerminateNavigation: false, executionTime: 0.8000000007450581, nextTab: home} @ https://a.slack-edge.com/bv1-13-br/gantry-v2-shared.3421452a627674f7.min.js?cacheKey=gantry-1785440254:0
[   14322ms] [INFO] Jul-30 22:49:48.170 [NAVIGATION-MIDDLEWARE] Finish middleware execution for sidebar container {maybeTransformedViewSet: Object, maybeTransformedSplitView: undefined, terminateNavigation: false, isViewTransformed: false, iterationCount: 0} @ https://a.slack-edge.com/bv1-13-br/gantry-v2-shared.3421452a627674f7.min.js?cacheKey=gantry-1785440254:0
[   14323ms] [INFO] Jul-30 22:49:48.171 [API-Q] (T023EV54RR7) c891cfd1-1785444588.170 conversations.info called with reason: app-homes-store/conditional-fetching @ https://a.slack-edge.com/bv1-13-br/gantry-v2-shared.3421452a627674f7.min.js?cacheKey=gantry-1785440254:0
[   14324ms] [INFO] Jul-30 22:49:48.171 [API-Q] (T023EV54RR7) c891cfd1-1785444588.170 conversations.info is ENQUEUED @ https://a.slack-edge.com/bv1-13-br/gantry-v2-shared.3421452a627674f7.min.js?cacheKey=gantry-1785440254:0
[   14324ms] [INFO] Jul-30 22:49:48.172 [API-Q] (T023EV54RR7) c891cfd1-1785444588.170 conversations.info is ACTIVE @ https://a.slack-edge.com/bv1-13-br/gantry-v2-shared.3421452a627674f7.min.js?cacheKey=gantry-1785440254:0
[   14328ms] [INFO] Jul-30 22:49:48.175 [API-Q] (T023EV54RR7) Deduped request for method: conversations.info @ https://a.slack-edge.com/bv1-13-br/gantry-v2-shared.3421452a627674f7.min.js?cacheKey=gantry-1785440254:0
[   14473ms] [INFO] Jul-30 22:49:48.321 [DEVICE-PREFS] Propagating device selection history update @ https://a.slack-edge.com/bv1-13-br/gantry-v2-shared.3421452a627674f7.min.js?cacheKey=gantry-1785440254:0
[   14474ms] [WARNING] Jul-30 22:49:48.321 (?) preferred device for audioinput does not exist skipping setting preferred device in huddle @ https://a.slack-edge.com/bv1-13-br/gantry-v2-shared.3421452a627674f7.min.js?cacheKey=gantry-1785440254:0
[   14474ms] [WARNING] Jul-30 22:49:48.322 (?) preferred device for audiooutput does not exist skipping setting preferred device in huddle @ https://a.slack-edge.com/bv1-13-br/gantry-v2-shared.3421452a627674f7.min.js?cacheKey=gantry-1785440254:0
[   14474ms] [WARNING] Jul-30 22:49:48.322 (?) preferred device for videoinput does not exist skipping setting preferred device in huddle @ https://a.slack-edge.com/bv1-13-br/gantry-v2-shared.3421452a627674f7.min.js?cacheKey=gantry-1785440254:0
[   14475ms] [INFO] Jul-30 22:49:48.323 [API-Q] (T023EV54RR7) c891cfd1-1785444588.170 conversations.info is RESOLVED @ https://a.slack-edge.com/bv1-13-br/gantry-v2-shared.3421452a627674f7.min.js?cacheKey=gantry-1785440254:0
[   14477ms] [INFO] Jul-30 22:49:48.324 [NAVIGATION-MIDDLEWARE] Async action execution is complete for a view {nextView: Object, results: Array(25), shouldTerminateNavigation: false, executionTime: 154.30000000074506, nextTab: home} @ https://a.slack-edge.com/bv1-13-br/gantry-v2-shared.3421452a627674f7.min.js?cacheKey=gantry-1785440254:0
[   14478ms] [INFO] Jul-30 22:49:48.325 [APPLY-DETAIL-VIEW] ViewSet with detail view applied {viewSet: Object} @ https://a.slack-edge.com/bv1-13-br/gantry-v2-shared.3421452a627674f7.min.js?cacheKey=gantry-1785440254:0
[   14478ms] [INFO] Jul-30 22:49:48.326 [APPLY-DETAIL-VIEW] ViewSet with channel canvas applied {viewSet: Object} @ https://a.slack-edge.com/bv1-13-br/gantry-v2-shared.3421452a627674f7.min.js?cacheKey=gantry-1785440254:0
[   14478ms] [INFO] Jul-30 22:49:48.326 [NAVIGATION-MIDDLEWARE] View has been transformed {container: primary, initialView: Object, transformedView: Object, iterationCount: 0} @ https://a.slack-edge.com/bv1-13-br/gantry-v2-shared.3421452a627674f7.min.js?cacheKey=gantry-1785440254:0
[   14479ms] [INFO] Jul-30 22:49:48.326 [NAVIGATION-MIDDLEWARE] Skipping middleware execution for sidebar container as we have cached value {initialView: Object, iterationCount: 1} @ https://a.slack-edge.com/bv1-13-br/gantry-v2-shared.3421452a627674f7.min.js?cacheKey=gantry-1785440254:0
[   14480ms] [INFO] Jul-30 22:49:48.327 [NAVIGATION-MIDDLEWARE] Async action execution is complete for a view {nextView: Object, results: Array(25), shouldTerminateNavigation: false, executionTime: 0.8000000007450581, nextTab: home} @ https://a.slack-edge.com/bv1-13-br/gantry-v2-shared.3421452a627674f7.min.js?cacheKey=gantry-1785440254:0
[   14480ms] [INFO] Jul-30 22:49:48.328 [NAVIGATION-MIDDLEWARE] Finish middleware execution for primary container {maybeTransformedViewSet: Object, maybeTransformedSplitView: undefined, terminateNavigation: false, isViewTransformed: false, iterationCount: 1} @ https://a.slack-edge.com/bv1-13-br/gantry-v2-shared.3421452a627674f7.min.js?cacheKey=gantry-1785440254:0
[   14481ms] [INFO] Jul-30 22:49:48.328 [NAVIGATION-MIDDLEWARE] Finish middleware execution for primary container {maybeTransformedViewSet: Object, maybeTransformedSplitView: undefined, terminateNavigation: false, isViewTransformed: true, iterationCount: 0} @ https://a.slack-edge.com/bv1-13-br/gantry-v2-shared.3421452a627674f7.min.js?cacheKey=gantry-1785440254:0
[   14481ms] [INFO] Jul-30 22:49:48.328 [NAVIGATION-MIDDLEWARE] Navigation middleware execution is complete {maybeUpdatedViewSet: Object, maybeUpdatedSplitView: undefined, terminateNavigation: false, executionTime: 160.39999999850988, nextTab: home} @ https://a.slack-edge.com/bv1-13-br/gantry-v2-shared.3421452a627674f7.min.js?cacheKey=gantry-1785440254:0
[   14481ms] [INFO] Jul-30 22:49:48.329 [NAVIGATE-IN-MAIN-WIND] Built view set after middleware {viewSet: Object, splitView: undefined, nextTab: home} @ https://a.slack-edge.com/bv1-13-br/gantry-v2-shared.3421452a627674f7.min.js?cacheKey=gantry-1785440254:0
[   14486ms] [INFO] Jul-30 22:49:48.333 [NAVIGATE-LISTENERS] (T023EV54RR7) Starting navigation listeners for triggerType NAVIGATION @ https://a.slack-edge.com/bv1-13-br/gantry-v2-shared.3421452a627674f7.min.js?cacheKey=gantry-1785440254:0
[   14492ms] [INFO] Jul-30 22:49:48.339 [NAVIGATE-LISTENERS] (T023EV54RR7) Navigation listeners complete without errors @ https://a.slack-edge.com/bv1-13-br/gantry-v2-shared.3421452a627674f7.min.js?cacheKey=gantry-1785440254:0
[   14492ms] [INFO] Jul-30 22:49:48.339 [NAVIGATE-IN-MAIN-WIND]  Navigation thunk execution complete {id: D0BMT4F1SL8, viewType: Channel, viewParams: undefined, options: Object} @ https://a.slack-edge.com/bv1-13-br/gantry-v2-shared.3421452a627674f7.min.js?cacheKey=gantry-1785440254:0
[   14542ms] [INFO] Jul-30 22:49:48.389 [MESSAGE-LIST] (T023EV54RR7) getScrollmark reason:unmount channelId:C023EV55AGH at end @ https://a.slack-edge.com/bv1-13-br/gantry-v2-shared.3421452a627674f7.min.js?cacheKey=gantry-1785440254:0
[   14567ms] [INFO] Jul-30 22:49:48.414 [API-Q] (T023EV54RR7) c891cfd1-1785444588.414 apps.home.dispatchOpenEvent called with reason: app-home-logging @ https://a.slack-edge.com/bv1-13-br/gantry-v2-shared.3421452a627674f7.min.js?cacheKey=gantry-1785440254:0
[   14568ms] [INFO] Jul-30 22:49:48.415 [API-Q] (T023EV54RR7) c891cfd1-1785444588.414 apps.home.dispatchOpenEvent is ENQUEUED @ https://a.slack-edge.com/bv1-13-br/gantry-v2-shared.3421452a627674f7.min.js?cacheKey=gantry-1785440254:0
[   14575ms] [INFO] Jul-30 22:49:48.422 [API-Q] (T023EV54RR7) noversion-1785444588.422 Flannel permissions/info called with reason: flannel-call:permissions/info @ https://a.slack-edge.com/bv1-13-br/gantry-v2-shared.3421452a627674f7.min.js?cacheKey=gantry-1785440254:0
[   14575ms] [INFO] Jul-30 22:49:48.423 [API-Q] (T023EV54RR7) noversion-1785444588.422 Flannel permissions/info is ENQUEUED @ https://a.slack-edge.com/bv1-13-br/gantry-v2-shared.3421452a627674f7.min.js?cacheKey=gantry-1785440254:0
[   14576ms] [INFO] Jul-30 22:49:48.423 [API-Q] (T023EV54RR7) c891cfd1-1785444588.414 apps.home.dispatchOpenEvent is ACTIVE @ https://a.slack-edge.com/bv1-13-br/gantry-v2-shared.3421452a627674f7.min.js?cacheKey=gantry-1785440254:0
[   14576ms] [INFO] Jul-30 22:49:48.423 [API-Q] (T023EV54RR7) noversion-1785444588.422 Flannel permissions/info is ACTIVE @ https://a.slack-edge.com/bv1-13-br/gantry-v2-shared.3421452a627674f7.min.js?cacheKey=gantry-1785440254:0
[   14579ms] [INFO] Jul-30 22:49:48.426 [UFM] (T023EV54RR7) requesting A0BLHCTS1AT (1) @ https://a.slack-edge.com/bv1-13-br/gantry-v2-shared.3421452a627674f7.min.js?cacheKey=gantry-1785440254:0
[   14580ms] [INFO] Jul-30 22:49:48.427 [API-Q] (T023EV54RR7) c891cfd1-1785444588.427 apps.profile.get called with reason: fetch-all-apps-by-id @ https://a.slack-edge.com/bv1-13-br/gantry-v2-shared.3421452a627674f7.min.js?cacheKey=gantry-1785440254:0
[   14580ms] [INFO] Jul-30 22:49:48.427 [API-Q] (T023EV54RR7) c891cfd1-1785444588.427 apps.profile.get is ENQUEUED @ https://a.slack-edge.com/bv1-13-br/gantry-v2-shared.3421452a627674f7.min.js?cacheKey=gantry-1785440254:0
[   14581ms] [INFO] Jul-30 22:49:48.428 [API-Q] (T023EV54RR7) c891cfd1-1785444588.427 apps.profile.get is ACTIVE @ https://a.slack-edge.com/bv1-13-br/gantry-v2-shared.3421452a627674f7.min.js?cacheKey=gantry-1785440254:0
[   14582ms] [INFO] Jul-30 22:49:48.430 [API-Q] (T023EV54RR7) c891cfd1-1785444588.430 conversations.listPrefs called with reason: client_redux_store @ https://a.slack-edge.com/bv1-13-br/gantry-v2-shared.3421452a627674f7.min.js?cacheKey=gantry-1785440254:0
[   14583ms] [INFO] Jul-30 22:49:48.430 [API-Q] (T023EV54RR7) c891cfd1-1785444588.430 conversations.listPrefs is ENQUEUED @ https://a.slack-edge.com/bv1-13-br/gantry-v2-shared.3421452a627674f7.min.js?cacheKey=gantry-1785440254:0
[   14583ms] [INFO] Jul-30 22:49:48.431 [API-Q] (T023EV54RR7) c891cfd1-1785444588.430 conversations.listPrefs is ACTIVE @ https://a.slack-edge.com/bv1-13-br/gantry-v2-shared.3421452a627674f7.min.js?cacheKey=gantry-1785440254:0
[   14584ms] [INFO] Jul-30 22:49:48.432 [API-Q] (T023EV54RR7) c891cfd1-1785444588.431 bookmarks.list called with reason: bookmarks-store/conditional-fetching @ https://a.slack-edge.com/bv1-13-br/gantry-v2-shared.3421452a627674f7.min.js?cacheKey=gantry-1785440254:0
[   14584ms] [INFO] Jul-30 22:49:48.432 [API-Q] (T023EV54RR7) c891cfd1-1785444588.431 bookmarks.list is ENQUEUED @ https://a.slack-edge.com/bv1-13-br/gantry-v2-shared.3421452a627674f7.min.js?cacheKey=gantry-1785440254:0
[   14585ms] [INFO] Jul-30 22:49:48.432 [API-Q] (T023EV54RR7) c891cfd1-1785444588.431 bookmarks.list is ACTIVE @ https://a.slack-edge.com/bv1-13-br/gantry-v2-shared.3421452a627674f7.min.js?cacheKey=gantry-1785440254:0
[   14611ms] [INFO] Jul-30 22:49:48.458 [API-Q] (T023EV54RR7) noversion-1785444588.422 Flannel permissions/info is RESOLVED @ https://a.slack-edge.com/bv1-13-br/gantry-v2-shared.3421452a627674f7.min.js?cacheKey=gantry-1785440254:0
[   14717ms] [INFO] Jul-30 22:49:48.564 [API-Q] (T023EV54RR7) c891cfd1-1785444588.430 conversations.listPrefs is RESOLVED @ https://a.slack-edge.com/bv1-13-br/gantry-v2-shared.3421452a627674f7.min.js?cacheKey=gantry-1785440254:0
[   14721ms] [INFO] Jul-30 22:49:48.568 [API-Q] (T023EV54RR7) c891cfd1-1785444588.431 bookmarks.list is RESOLVED @ https://a.slack-edge.com/bv1-13-br/gantry-v2-shared.3421452a627674f7.min.js?cacheKey=gantry-1785440254:0
[   14737ms] [INFO] Jul-30 22:49:48.584 [API-Q] (T023EV54RR7) c891cfd1-1785444588.427 apps.profile.get is RESOLVED @ https://a.slack-edge.com/bv1-13-br/gantry-v2-shared.3421452a627674f7.min.js?cacheKey=gantry-1785440254:0
[   14737ms] [INFO] Jul-30 22:49:48.585 [UFM] (T023EV54RR7) received A0BLHCTS1AT (1) @ https://a.slack-edge.com/bv1-13-br/gantry-v2-shared.3421452a627674f7.min.js?cacheKey=gantry-1785440254:0
[   14856ms] [INFO] Jul-30 22:49:48.704 [API-Q] (T023EV54RR7) c891cfd1-1785444588.414 apps.home.dispatchOpenEvent is RESOLVED @ https://a.slack-edge.com/bv1-13-br/gantry-v2-shared.3421452a627674f7.min.js?cacheKey=gantry-1785440254:0
[   16637ms] [INFO] Jul-30 22:49:50.484 [NAVIGATE-IN-MAIN-WIND] Starting a new navigation event {id: D0BMT4F1SL8, viewType: Channel, viewParams: Object, options: Object} @ https://a.slack-edge.com/bv1-13-br/gantry-v2-shared.3421452a627674f7.min.js?cacheKey=gantry-1785440254:0
[   16638ms] [INFO] Jul-30 22:49:50.486 [NAVIGATE-IN-MAIN-WIND] Applying changes to the primary container {viewSet: Object, nextTab: home} @ https://a.slack-edge.com/bv1-13-br/gantry-v2-shared.3421452a627674f7.min.js?cacheKey=gantry-1785440254:0
[   16639ms] [INFO] Jul-30 22:49:50.486 [NAVIGATION-MIDDLEWARE] Starting a new navigation middleware execution {context: navigation, nextViewSet: Object, nextSplitView: undefined, middlewareCount: 25, nextTab: home} @ https://a.slack-edge.com/bv1-13-br/gantry-v2-shared.3421452a627674f7.min.js?cacheKey=gantry-1785440254:0
[   16639ms] [INFO] Jul-30 22:49:50.487 [NAVIGATION-MIDDLEWARE] Async action execution is complete for a view {nextView: Object, results: Array(25), shouldTerminateNavigation: false, executionTime: 0.19999999925494194, nextTab: home} @ https://a.slack-edge.com/bv1-13-br/gantry-v2-shared.3421452a627674f7.min.js?cacheKey=gantry-1785440254:0
[   16640ms] [INFO] Jul-30 22:49:50.487 [NAVIGATION-MIDDLEWARE] Finish middleware execution for sidebar container {maybeTransformedViewSet: Object, maybeTransformedSplitView: undefined, terminateNavigation: false, isViewTransformed: false, iterationCount: 0} @ https://a.slack-edge.com/bv1-13-br/gantry-v2-shared.3421452a627674f7.min.js?cacheKey=gantry-1785440254:0
[   16640ms] [INFO] Jul-30 22:49:50.488 [NAVIGATION-MIDDLEWARE] Async action execution is complete for a view {nextView: Object, results: Array(25), shouldTerminateNavigation: false, executionTime: 0.10000000149011612, nextTab: home} @ https://a.slack-edge.com/bv1-13-br/gantry-v2-shared.3421452a627674f7.min.js?cacheKey=gantry-1785440254:0
[   16641ms] [INFO] Jul-30 22:49:50.488 [NAVIGATION-MIDDLEWARE] Finish middleware execution for primary container {maybeTransformedViewSet: Object, maybeTransformedSplitView: undefined, terminateNavigation: false, isViewTransformed: false, iterationCount: 0} @ https://a.slack-edge.com/bv1-13-br/gantry-v2-shared.3421452a627674f7.min.js?cacheKey=gantry-1785440254:0
[   16641ms] [INFO] Jul-30 22:49:50.488 [NAVIGATION-MIDDLEWARE] Navigation middleware execution is complete {maybeUpdatedViewSet: Object, maybeUpdatedSplitView: undefined, terminateNavigation: false, executionTime: 1.6000000014901161, nextTab: home} @ https://a.slack-edge.com/bv1-13-br/gantry-v2-shared.3421452a627674f7.min.js?cacheKey=gantry-1785440254:0
[   16641ms] [INFO] Jul-30 22:49:50.488 [NAVIGATE-IN-MAIN-WIND] Built view set after middleware {viewSet: Object, splitView: undefined, nextTab: home} @ https://a.slack-edge.com/bv1-13-br/gantry-v2-shared.3421452a627674f7.min.js?cacheKey=gantry-1785440254:0
[   16644ms] [INFO] Jul-30 22:49:50.492 [NAVIGATE-LISTENERS] (T023EV54RR7) Starting navigation listeners for triggerType NAVIGATION @ https://a.slack-edge.com/bv1-13-br/gantry-v2-shared.3421452a627674f7.min.js?cacheKey=gantry-1785440254:0
[   16648ms] [INFO] Jul-30 22:49:50.495 [NAVIGATE-LISTENERS] (T023EV54RR7) Navigation listeners complete without errors @ https://a.slack-edge.com/bv1-13-br/gantry-v2-shared.3421452a627674f7.min.js?cacheKey=gantry-1785440254:0
[   16648ms] [INFO] Jul-30 22:49:50.495 [NAVIGATE-IN-MAIN-WIND]  Navigation thunk execution complete {id: D0BMT4F1SL8, viewType: Channel, viewParams: Object, options: Object} @ https://a.slack-edge.com/bv1-13-br/gantry-v2-shared.3421452a627674f7.min.js?cacheKey=gantry-1785440254:0
[   16697ms] [INFO] Jul-30 22:49:50.544 [API-Q] (T023EV54RR7) c891cfd1-1785444590.544 apps.home.dispatchOpenEvent called with reason: app-home-logging @ https://a.slack-edge.com/bv1-13-br/gantry-v2-shared.3421452a627674f7.min.js?cacheKey=gantry-1785440254:0
[   16697ms] [INFO] Jul-30 22:49:50.545 [API-Q] (T023EV54RR7) c891cfd1-1785444590.544 apps.home.dispatchOpenEvent is ENQUEUED @ https://a.slack-edge.com/bv1-13-br/gantry-v2-shared.3421452a627674f7.min.js?cacheKey=gantry-1785440254:0
[   16712ms] [INFO] Jul-30 22:49:50.559 [MESSAGE-LIST] (T023EV54RR7) requestAround channelId: D0BMT4F1SL8 isLoading: false timestamps: 0 reachedStart: false reachedEnd: false @ https://a.slack-edge.com/bv1-13-br/gantry-v2-shared.3421452a627674f7.min.js?cacheKey=gantry-1785440254:0
[   16712ms] [INFO] Jul-30 22:49:50.560 [HISTORY-FETCH] (T023EV54RR7) Fetching history for message pane: D0BMT4F1SL8 oldest: null latest: null @ https://a.slack-edge.com/bv1-13-br/gantry-v2-shared.3421452a627674f7.min.js?cacheKey=gantry-1785440254:0
[   16714ms] [INFO] Jul-30 22:49:50.561 [API-Q] (T023EV54RR7) c891cfd1-1785444590.561 conversations.history called with reason: message-pane/requestHistory @ https://a.slack-edge.com/bv1-13-br/gantry-v2-shared.3421452a627674f7.min.js?cacheKey=gantry-1785440254:0
[   16714ms] [INFO] Jul-30 22:49:50.562 [API-Q] (T023EV54RR7) c891cfd1-1785444590.561 conversations.history is ENQUEUED @ https://a.slack-edge.com/bv1-13-br/gantry-v2-shared.3421452a627674f7.min.js?cacheKey=gantry-1785440254:0
[   16718ms] [INFO] Jul-30 22:49:50.565 [API-Q] (T023EV54RR7) c891cfd1-1785444590.544 apps.home.dispatchOpenEvent is ACTIVE @ https://a.slack-edge.com/bv1-13-br/gantry-v2-shared.3421452a627674f7.min.js?cacheKey=gantry-1785440254:0
[   16718ms] [INFO] Jul-30 22:49:50.566 [API-Q] (T023EV54RR7) c891cfd1-1785444590.561 conversations.history is ACTIVE @ https://a.slack-edge.com/bv1-13-br/gantry-v2-shared.3421452a627674f7.min.js?cacheKey=gantry-1785440254:0
[   16722ms] [INFO] Jul-30 22:49:50.570 [UFM-PERMISSIONS] (T023EV54RR7) requesting CAN_AT_CHANNEL,CAN_AT_EVERYONE,ARCHIVE_CHANNEL (1) @ https://a.slack-edge.com/bv1-13-br/gantry-v2-shared.3421452a627674f7.min.js?cacheKey=gantry-1785440254:0
[   16723ms] [INFO] Jul-30 22:49:50.570 [API-Q] (T023EV54RR7) noversion-1785444590.570 Flannel permissions/info called with reason: flannel-call:permissions/info @ https://a.slack-edge.com/bv1-13-br/gantry-v2-shared.3421452a627674f7.min.js?cacheKey=gantry-1785440254:0
[   16723ms] [INFO] Jul-30 22:49:50.571 [API-Q] (T023EV54RR7) noversion-1785444590.570 Flannel permissions/info is ENQUEUED @ https://a.slack-edge.com/bv1-13-br/gantry-v2-shared.3421452a627674f7.min.js?cacheKey=gantry-1785440254:0
[   16724ms] [INFO] Jul-30 22:49:50.571 [API-Q] (T023EV54RR7) noversion-1785444590.570 Flannel permissions/info is ACTIVE @ https://a.slack-edge.com/bv1-13-br/gantry-v2-shared.3421452a627674f7.min.js?cacheKey=gantry-1785440254:0
[   16728ms] [INFO] Jul-30 22:49:50.575 [MESSAGE-LIST] (T023EV54RR7) componentWillReceiveProps isLoading: true isLoadingOlder: false timestamps: 0 @ https://a.slack-edge.com/bv1-13-br/gantry-v2-shared.3421452a627674f7.min.js?cacheKey=gantry-1785440254:0
[   16734ms] [INFO] Jul-30 22:49:50.582 [CHECK-UNREADS] (T023EV54RR7) unreadLineVisible updated in main window container primary: undefined -> false @ https://a.slack-edge.com/bv1-13-br/gantry-v2-shared.3421452a627674f7.min.js?cacheKey=gantry-1785440254:0
[   16754ms] [INFO] Jul-30 22:49:50.601 [API-Q] (T023EV54RR7) noversion-1785444590.570 Flannel permissions/info is RESOLVED @ https://a.slack-edge.com/bv1-13-br/gantry-v2-shared.3421452a627674f7.min.js?cacheKey=gantry-1785440254:0
[   16754ms] [INFO] Jul-30 22:49:50.602 [UFM-PERMISSIONS] (T023EV54RR7) received CAN_AT_CHANNEL,CAN_AT_EVERYONE,ARCHIVE_CHANNEL (1) @ https://a.slack-edge.com/bv1-13-br/gantry-v2-shared.3421452a627674f7.min.js?cacheKey=gantry-1785440254:0
[   16886ms] [INFO] Jul-30 22:49:50.734 [API-Q] (T023EV54RR7) c891cfd1-1785444590.561 conversations.history is RESOLVED @ https://a.slack-edge.com/bv1-13-br/gantry-v2-shared.3421452a627674f7.min.js?cacheKey=gantry-1785440254:0
[   16887ms] [INFO] Jul-30 22:49:50.735 [PLATFORM-CHANNEL-ACTI] (T023EV54RR7) setting count for channel D0BMT4F1SL8 to 0, and marking channel as stale. @ https://a.slack-edge.com/bv1-13-br/gantry-v2-shared.3421452a627674f7.min.js?cacheKey=gantry-1785440254:0
[   16889ms] [INFO] Jul-30 22:49:50.737 [PINS] (T023EV54RR7) Pins count updated for channel D0BMT4F1SL8: 0 @ https://a.slack-edge.com/bv1-13-br/gantry-v2-shared.3421452a627674f7.min.js?cacheKey=gantry-1785440254:0
[   16890ms] [INFO] Jul-30 22:49:50.738 [CHECK-UNREADS] (T023EV54RR7) Not marking D0BMT4F1SL8 because last_read >= latest && channel is read @ https://a.slack-edge.com/bv1-13-br/gantry-v2-shared.3421452a627674f7.min.js?cacheKey=gantry-1785440254:0
[   16918ms] [INFO] Jul-30 22:49:50.765 [MESSAGE-LIST] (T023EV54RR7) componentWillReceiveProps isLoading: false isLoadingOlder: false timestamps: 8 @ https://a.slack-edge.com/bv1-13-br/gantry-v2-shared.3421452a627674f7.min.js?cacheKey=gantry-1785440254:0
[   16958ms] [INFO] Jul-30 22:49:50.805 [CHECK-UNREADS] (T023EV54RR7) unreadLineVisible updated in main window container primary: false -> true @ https://a.slack-edge.com/bv1-13-br/gantry-v2-shared.3421452a627674f7.min.js?cacheKey=gantry-1785440254:0
[   16961ms] [INFO] Jul-30 22:49:50.808 [API-Q] (T023EV54RR7) c891cfd1-1785444590.808 users.profile.getSections called with reason: profiles @ https://a.slack-edge.com/bv1-13-br/gantry-v2-shared.3421452a627674f7.min.js?cacheKey=gantry-1785440254:0
[   16962ms] [INFO] Jul-30 22:49:50.809 [API-Q] (T023EV54RR7) c891cfd1-1785444590.808 users.profile.getSections is ENQUEUED @ https://a.slack-edge.com/bv1-13-br/gantry-v2-shared.3421452a627674f7.min.js?cacheKey=gantry-1785440254:0
[   16977ms] [INFO] Jul-30 22:49:50.825 [API-Q] (T023EV54RR7) c891cfd1-1785444590.808 users.profile.getSections is ACTIVE @ https://a.slack-edge.com/bv1-13-br/gantry-v2-shared.3421452a627674f7.min.js?cacheKey=gantry-1785440254:0
[   17006ms] [INFO] Jul-30 22:49:50.854 [API-Q] (T023EV54RR7) c891cfd1-1785444590.544 apps.home.dispatchOpenEvent is RESOLVED @ https://a.slack-edge.com/bv1-13-br/gantry-v2-shared.3421452a627674f7.min.js?cacheKey=gantry-1785440254:0
[   17136ms] [INFO] Jul-30 22:49:50.983 [API-Q] (T023EV54RR7) c891cfd1-1785444590.808 users.profile.getSections is RESOLVED @ https://a.slack-edge.com/bv1-13-br/gantry-v2-shared.3421452a627674f7.min.js?cacheKey=gantry-1785440254:0
[   17335ms] [INFO] Jul-30 22:49:51.182 [CHECK-UNREADS] (T023EV54RR7) Checking unreads after unread line became visible @ https://a.slack-edge.com/bv1-13-br/gantry-v2-shared.3421452a627674f7.min.js?cacheKey=gantry-1785440254:0
[   17335ms] [INFO] Jul-30 22:49:51.183 [CHECK-UNREADS] (T023EV54RR7) Not marking D0BMT4F1SL8 because last_read >= latest && channel is read @ https://a.slack-edge.com/bv1-13-br/gantry-v2-shared.3421452a627674f7.min.js?cacheKey=gantry-1785440254:0
[   25588ms] [INFO] Jul-30 22:49:59.435 [QUIP] (T023EV54RR7) Initializing Collab SDK client: preload @ https://a.slack-edge.com/bv1-13-br/gantry-v2-shared.3421452a627674f7.min.js?cacheKey=gantry-1785440254:0
[   25599ms] [LOG] [WD] All assets have reported back; s: 16; f: 0 @ https://app.slack.com/client/T023EV54RR7:0
[   25989ms] [INFO] [QUIP] SystemJS Fork initialized 1785444599837-0.21101233937348574 @ https://a.slack-edge.com/canvas_blob/RxnEyllqIW_9mizf1vEgeA-module-loader:0
[   26346ms] [INFO] [Diagnostics] Adding window recorder 54e7e1899b044fa5bbb2fa9fc @ https://a.slack-edge.com/canvas_blob/TwIey7se6mQ0_u3Pa4Mm9Q:1
[   26412ms] [INFO] Jul-30 22:50:00.259 [QUIP] (T023EV54RR7) {type: set_current_user_id, timestamp_ms: 1785444600255, user_id: SaM9EAsRpWG} @ https://a.slack-edge.com/bv1-13-br/gantry-v2-shared.3421452a627674f7.min.js?cacheKey=gantry-1785440254:0
[   26412ms] [INFO] Jul-30 22:50:00.259 [QUIP] (T023EV54RR7) {type: indexeddb_event, timestamp_ms: 1785444600257, db_type: 0, description: Deleting DB, stack: Error
    at Mu (https://a.slack-edge.com/canvas_b…ddb0cb1.min.js?cacheKey=gantry-1785440254:1:14504} @ https://a.slack-edge.com/bv1-13-br/gantry-v2-shared.3421452a627674f7.min.js?cacheKey=gantry-1785440254:0
[   26414ms] [WARNING] Deleting IndexedDB database 'quip-test' @ https://a.slack-edge.com/canvas_blob/TwIey7se6mQ0_u3Pa4Mm9Q:1
[   26414ms] [WARNING] Jul-30 22:50:00.262 TRACER (T023EV54RR7) (canvas:collab-init) was forced closed and marked with the _flush=true tag. @ https://a.slack-edge.com/bv1-13-br/gantry-v2-shared.3421452a627674f7.min.js?cacheKey=gantry-1785440254:0
[   26414ms] [WARNING] Jul-30 22:50:00.262 TRACER (T023EV54RR7) (canvas:await-callback) was forced closed and marked with the _flush=true tag. @ https://a.slack-edge.com/bv1-13-br/gantry-v2-shared.3421452a627674f7.min.js?cacheKey=gantry-1785440254:0
[   26486ms] [INFO] Jul-30 22:50:00.334 [QUIP] (T023EV54RR7) {type: indexeddb_event, timestamp_ms: 1785444600333, db_type: 1, description: Deleting DB, stack: Error
    at Mu (https://a.slack-edge.com/canvas_b…vas_blob/muZsSbKG81HRHlsYagjSlg-ancillary:2:2394)} @ https://a.slack-edge.com/bv1-13-br/gantry-v2-shared.3421452a627674f7.min.js?cacheKey=gantry-1785440254:0
[   26486ms] [WARNING] Deleting IndexedDB database 'quip' @ https://a.slack-edge.com/canvas_blob/TwIey7se6mQ0_u3Pa4Mm9Q:1
[   26551ms] [INFO] Jul-30 22:50:00.399 [QUIP] (T023EV54RR7) {type: indexeddb_event, timestamp_ms: 1785444600399, db_type: 2, description: Deleting DB, stack: Error
    at Mu (https://a.slack-edge.com/canvas_b…vas_blob/muZsSbKG81HRHlsYagjSlg-ancillary:2:2394)} @ https://a.slack-edge.com/bv1-13-br/gantry-v2-shared.3421452a627674f7.min.js?cacheKey=gantry-1785440254:0
[   26552ms] [WARNING] Deleting IndexedDB database 'metrics' @ https://a.slack-edge.com/canvas_blob/TwIey7se6mQ0_u3Pa4Mm9Q:1
[   26552ms] [INFO] Jul-30 22:50:00.399 [QUIP] (T023EV54RR7) {type: indexeddb_event, timestamp_ms: 1785444600399, db_type: 3, description: Deleting DB, stack: Error
    at Mu (https://a.slack-edge.com/canvas_b…vas_blob/muZsSbKG81HRHlsYagjSlg-ancillary:2:2394)} @ https://a.slack-edge.com/bv1-13-br/gantry-v2-shared.3421452a627674f7.min.js?cacheKey=gantry-1785440254:0
[   26552ms] [WARNING] Deleting IndexedDB database 'local-storage' @ https://a.slack-edge.com/canvas_blob/TwIey7se6mQ0_u3Pa4Mm9Q:1
[   26555ms] [INFO] Jul-30 22:50:00.403 [QUIP] (T023EV54RR7) {type: indexeddb_event, timestamp_ms: 1785444600402, db_type: 4, description: Deleting DB, stack: Error
    at Mu (https://a.slack-edge.com/canvas_b…vas_blob/muZsSbKG81HRHlsYagjSlg-ancillary:2:2394)} @ https://a.slack-edge.com/bv1-13-br/gantry-v2-shared.3421452a627674f7.min.js?cacheKey=gantry-1785440254:0
[   26555ms] [WARNING] Deleting IndexedDB database 'canvas' @ https://a.slack-edge.com/canvas_blob/TwIey7se6mQ0_u3Pa4Mm9Q:1
[   26786ms] [LOG] [CRDT] Automerge loaded. @ https://a.slack-edge.com/canvas_blob/TwIey7se6mQ0_u3Pa4Mm9Q:1
[   76202ms] [INFO] Jul-30 22:50:50.049 [API-Q] (T023EV54RR7) c891cfd1-1785444650.049 client.counts called with reason: pollClientCountsAfterTimeout @ https://a.slack-edge.com/bv1-13-br/gantry-v2-shared.3421452a627674f7.min.js?cacheKey=gantry-1785440254:0
[   76202ms] [INFO] Jul-30 22:50:50.049 [API-Q] (T023EV54RR7) c891cfd1-1785444650.049 client.counts is ENQUEUED @ https://a.slack-edge.com/bv1-13-br/gantry-v2-shared.3421452a627674f7.min.js?cacheKey=gantry-1785440254:0
[   76202ms] [INFO] Jul-30 22:50:50.050 [API-Q] (T023EV54RR7) c891cfd1-1785444650.049 client.counts is ACTIVE @ https://a.slack-edge.com/bv1-13-br/gantry-v2-shared.3421452a627674f7.min.js?cacheKey=gantry-1785440254:0
[   76380ms] [INFO] Jul-30 22:50:50.227 [API-Q] (T023EV54RR7) c891cfd1-1785444650.049 client.counts is RESOLVED @ https://a.slack-edge.com/bv1-13-br/gantry-v2-shared.3421452a627674f7.min.js?cacheKey=gantry-1785440254:0
[   76384ms] [INFO] Jul-30 22:50:50.231 [COUNTS] (T023EV54RR7) Applying counts to channels. wasLastConnectFast: false isConnected: true applying: 34 out of total: 34 @ https://a.slack-edge.com/bv1-13-br/gantry-v2-shared.3421452a627674f7.min.js?cacheKey=gantry-1785440254:0
[   76388ms] [INFO] Jul-30 22:50:50.236 [COUNTS] (T023EV54RR7) Threads has_unreads:false mention_count:0 @ https://a.slack-edge.com/bv1-13-br/gantry-v2-shared.3421452a627674f7.min.js?cacheKey=gantry-1785440254:0
[   76390ms] [INFO] Jul-30 22:50:50.238 [COUNTS] (T023EV54RR7) Completed counts processing @ https://a.slack-edge.com/bv1-13-br/gantry-v2-shared.3421452a627674f7.min.js?cacheKey=gantry-1785440254:0
[   76415ms] [INFO] Jul-30 22:50:50.263 [ALLTHREADSROWELEMENT] (T023EV54RR7) From channel badges count, has unreads: false with badge count: 0 @ https://a.slack-edge.com/bv1-13-br/gantry-v2-shared.3421452a627674f7.min.js?cacheKey=gantry-1785440254:0
[   76418ms] [INFO] Jul-30 22:50:50.265 [API-Q] (T023EV54RR7) noversion-1785444650.265 Flannel channels/info called with reason: flannel-call:channels/info @ https://a.slack-edge.com/bv1-13-br/gantry-v2-shared.3421452a627674f7.min.js?cacheKey=gantry-1785440254:0
[   76418ms] [INFO] Jul-30 22:50:50.266 [API-Q] (T023EV54RR7) noversion-1785444650.265 Flannel channels/info is ENQUEUED @ https://a.slack-edge.com/bv1-13-br/gantry-v2-shared.3421452a627674f7.min.js?cacheKey=gantry-1785440254:0
[   76419ms] [INFO] Jul-30 22:50:50.267 [API-Q] (T023EV54RR7) noversion-1785444650.265 Flannel channels/info is ACTIVE @ https://a.slack-edge.com/bv1-13-br/gantry-v2-shared.3421452a627674f7.min.js?cacheKey=gantry-1785440254:0
[   76473ms] [INFO] Jul-30 22:50:50.321 [API-Q] (T023EV54RR7) noversion-1785444650.265 Flannel channels/info is RESOLVED @ https://a.slack-edge.com/bv1-13-br/gantry-v2-shared.3421452a627674f7.min.js?cacheKey=gantry-1785440254:0
[   76477ms] [INFO] Jul-30 22:50:50.324 [API-Q] (T023EV54RR7) c891cfd1-1785444650.324 conversations.genericInfo called with reason: fallback:fetchAndUpsertChannelsById @ https://a.slack-edge.com/bv1-13-br/gantry-v2-shared.3421452a627674f7.min.js?cacheKey=gantry-1785440254:0
[   76477ms] [INFO] Jul-30 22:50:50.324 [API-Q] (T023EV54RR7) c891cfd1-1785444650.324 conversations.genericInfo is ENQUEUED @ https://a.slack-edge.com/bv1-13-br/gantry-v2-shared.3421452a627674f7.min.js?cacheKey=gantry-1785440254:0
[   76478ms] [INFO] Jul-30 22:50:50.325 [API-Q] (T023EV54RR7) c891cfd1-1785444650.324 conversations.genericInfo is ACTIVE @ https://a.slack-edge.com/bv1-13-br/gantry-v2-shared.3421452a627674f7.min.js?cacheKey=gantry-1785440254:0
[   76623ms] [INFO] Jul-30 22:50:50.471 [API-Q] (T023EV54RR7) c891cfd1-1785444650.324 conversations.genericInfo is RESOLVED @ https://a.slack-edge.com/bv1-13-br/gantry-v2-shared.3421452a627674f7.min.js?cacheKey=gantry-1785440254:0
[   85391ms] [INFO] Jul-30 22:50:59.237 [API-Q] (T023EV54RR7) c891cfd1-1785444659.237 conversations.suggestions called with reason: trigger-channel-suggestions @ https://a.slack-edge.com/bv1-13-br/gantry-v2-shared.3421452a627674f7.min.js?cacheKey=gantry-1785440254:0
[   85391ms] [INFO] Jul-30 22:50:59.238 [API-Q] (T023EV54RR7) c891cfd1-1785444659.237 conversations.suggestions is ENQUEUED @ https://a.slack-edge.com/bv1-13-br/gantry-v2-shared.3421452a627674f7.min.js?cacheKey=gantry-1785440254:0
[   85392ms] [INFO] Jul-30 22:50:59.239 [API-Q] (T023EV54RR7) c891cfd1-1785444659.237 conversations.suggestions is ACTIVE @ https://a.slack-edge.com/bv1-13-br/gantry-v2-shared.3421452a627674f7.min.js?cacheKey=gantry-1785440254:0
[   85554ms] [INFO] Jul-30 22:50:59.401 [API-Q] (T023EV54RR7) c891cfd1-1785444659.237 conversations.suggestions is RESOLVED @ https://a.slack-edge.com/bv1-13-br/gantry-v2-shared.3421452a627674f7.min.js?cacheKey=gantry-1785440254:0
[  125152ms] [INFO] Jul-30 22:51:39.000 [CHECK-FOR-OLD-CHANNEL] (T023EV54RR7) Start cleaning up DMs/MPDMs — starting with 19 entries. @ https://a.slack-edge.com/bv1-13-br/gantry-v2-shared.3421452a627674f7.min.js?cacheKey=gantry-1785440254:0
[  125155ms] [INFO] Jul-30 22:51:39.000 [CHECK-FOR-OLD-CHANNEL] (T023EV54RR7) Eligible DMs/MPDMs for cleanup — [external DMs]:0, [internal DMs]: 7, [app DMs]: 8 @ https://a.slack-edge.com/bv1-13-br/gantry-v2-shared.3421452a627674f7.min.js?cacheKey=gantry-1785440254:0
[  125155ms] [INFO] Jul-30 22:51:39.002 [CHECK-FOR-OLD-CHANNEL] (T023EV54RR7) Identified 0 DMs/MPDMs of externalDMs type for closure @ https://a.slack-edge.com/bv1-13-br/gantry-v2-shared.3421452a627674f7.min.js?cacheKey=gantry-1785440254:0
[  125156ms] [INFO] Jul-30 22:51:39.003 [CHECK-FOR-OLD-CHANNEL] (T023EV54RR7) Not eligible D07CWLB1BQF: Not idle @ https://a.slack-edge.com/bv1-13-br/gantry-v2-shared.3421452a627674f7.min.js?cacheKey=gantry-1785440254:0
[  125156ms] [INFO] Jul-30 22:51:39.003 [CHECK-FOR-OLD-CHANNEL] (T023EV54RR7) Not eligible D07DPSW0KC1: Slackbot @ https://a.slack-edge.com/bv1-13-br/gantry-v2-shared.3421452a627674f7.min.js?cacheKey=gantry-1785440254:0
[  125156ms] [INFO] Jul-30 22:51:39.003 [CHECK-FOR-OLD-CHANNEL] (T023EV54RR7) Not eligible D07E015C0MN: Self DM @ https://a.slack-edge.com/bv1-13-br/gantry-v2-shared.3421452a627674f7.min.js?cacheKey=gantry-1785440254:0
[  125156ms] [INFO] Jul-30 22:51:39.004 [CHECK-FOR-OLD-CHANNEL] (T023EV54RR7) Identified 0 DMs/MPDMs of internalDMs type for closure @ https://a.slack-edge.com/bv1-13-br/gantry-v2-shared.3421452a627674f7.min.js?cacheKey=gantry-1785440254:0
[  125156ms] [INFO] Jul-30 22:51:39.004 [CHECK-FOR-OLD-CHANNEL] (T023EV54RR7) Not eligible D0B5PJ7QBLL: Not idle @ https://a.slack-edge.com/bv1-13-br/gantry-v2-shared.3421452a627674f7.min.js?cacheKey=gantry-1785440254:0
[  125156ms] [INFO] Jul-30 22:51:39.004 [CHECK-FOR-OLD-CHANNEL] (T023EV54RR7) Not eligible D0BMT4F1SL8: Not idle @ https://a.slack-edge.com/bv1-13-br/gantry-v2-shared.3421452a627674f7.min.js?cacheKey=gantry-1785440254:0
[  125157ms] [INFO] Jul-30 22:51:39.004 [CHECK-FOR-OLD-CHANNEL] (T023EV54RR7) Identified 0 DMs/MPDMs of appDMs type for closure @ https://a.slack-edge.com/bv1-13-br/gantry-v2-shared.3421452a627674f7.min.js?cacheKey=gantry-1785440254:0
