[     294ms] [INFO] Jul-30 23:06:41.123 [METRICS] Starting timers for metrics collection @ https://a.slack-edge.com/bv1-13-br/gantry-v2-shared.3421452a627674f7.min.js?cacheKey=gantry-1785440254:0
[    1000ms] [INFO] Jul-30 23:06:41.831 [APP] client-v2 @ https://a.slack-edge.com/bv1-13-br/gantry-v2-shared.3421452a627674f7.min.js?cacheKey=gantry-1785440254:0
[    1000ms] [INFO] Jul-30 23:06:41.831 [DATE/TIME] 1785445601831 Thu Jul 30 2026 23:06:41 GMT+0200 (Central European Summer Time) @ https://a.slack-edge.com/bv1-13-br/gantry-v2-shared.3421452a627674f7.min.js?cacheKey=gantry-1785440254:0
[    1001ms] [INFO] Jul-30 23:06:41.831 [VERSION] version_hash: c891cfd1a6109a8e5fc26f69a413bd5be9687c5e @ https://a.slack-edge.com/bv1-13-br/gantry-v2-shared.3421452a627674f7.min.js?cacheKey=gantry-1785440254:0
[    1001ms] [INFO] Jul-30 23:06:41.831 [VERSION] version_ts: 1785440254 @ https://a.slack-edge.com/bv1-13-br/gantry-v2-shared.3421452a627674f7.min.js?cacheKey=gantry-1785440254:0
[    1001ms] [INFO] Jul-30 23:06:41.831 [VERSION] min_version_data_ts: 1722374725 @ https://a.slack-edge.com/bv1-13-br/gantry-v2-shared.3421452a627674f7.min.js?cacheKey=gantry-1785440254:0
[    1001ms] [INFO] Jul-30 23:06:41.831 [URL] https://app.slack.com/client/T023EV54RR7 @ https://a.slack-edge.com/bv1-13-br/gantry-v2-shared.3421452a627674f7.min.js?cacheKey=gantry-1785440254:0
[    1002ms] [INFO] Jul-30 23:06:41.832 [AUTH] Credentials are fresh (psc=1785434404, csc=1785434404) @ https://a.slack-edge.com/bv1-13-br/gantry-v2-shared.3421452a627674f7.min.js?cacheKey=gantry-1785440254:0
[    1002ms] [INFO] Jul-30 23:06:41.833 [LOCAL-CONFIG] ingestIncomingConfig(): no incoming payload to process; current teams: T023EV54RR7:U07DB40NK51 @ https://a.slack-edge.com/bv1-13-br/gantry-v2-shared.3421452a627674f7.min.js?cacheKey=gantry-1785440254:0
[    1003ms] [INFO] Jul-30 23:06:41.833 [BOOT] Initial user team ID: T023EV54RR7 @ https://a.slack-edge.com/bv1-13-br/gantry-v2-shared.3421452a627674f7.min.js?cacheKey=gantry-1785440254:0
[    1005ms] [INFO] Jul-30 23:06:41.835 [BOOT] (T023EV54RR7) Minimum supported data version is 1722374725; currently on 1785440254 @ https://a.slack-edge.com/bv1-13-br/gantry-v2-shared.3421452a627674f7.min.js?cacheKey=gantry-1785440254:0
[    1005ms] [INFO] Jul-30 23:06:41.835 [PERSIST] (T023EV54RR7) Getting state from IndexedDB @ https://a.slack-edge.com/bv1-13-br/gantry-v2-shared.3421452a627674f7.min.js?cacheKey=gantry-1785440254:0
[    1006ms] [INFO] Jul-30 23:06:41.837 [TRACER] Tracing is not sampled by default for this team. @ https://a.slack-edge.com/bv1-13-br/gantry-v2-shared.3421452a627674f7.min.js?cacheKey=gantry-1785440254:0
[    1038ms] [INFO] Jul-30 23:06:41.869 [TRACER] Tracing is not sampled by default for this session. @ https://a.slack-edge.com/bv1-13-br/gantry-v2-shared.3421452a627674f7.min.js?cacheKey=gantry-1785440254:0
[    1186ms] [INFO] Jul-30 23:06:42.010 [EMOJI_TRANSLATION] Emoji translations not needed for default locale, only adding keywords @ https://a.slack-edge.com/bv1-13-br/gantry-v2-shared.3421452a627674f7.min.js?cacheKey=gantry-1785440254:0
[    1257ms] [INFO] Jul-30 23:06:42.088 [PERSIST] (T023EV54RR7) Successfully got state from IndexedDB @ https://a.slack-edge.com/bv1-13-br/gantry-v2-shared.3421452a627674f7.min.js?cacheKey=gantry-1785440254:0
[    1266ms] [INFO] Jul-30 23:06:42.095 [BOOT-QUEUE] T023EV54RR7 noversion-1785445602.088 client.init called with reason: fetch-client-init-data @ https://a.slack-edge.com/bv1-13-br/gantry-v2-shared.3421452a627674f7.min.js?cacheKey=gantry-1785440254:0
[    1266ms] [INFO] Jul-30 23:06:42.096 [BOOT-QUEUE] T023EV54RR7 noversion-1785445602.088 client.init is ENQUEUED @ https://a.slack-edge.com/bv1-13-br/gantry-v2-shared.3421452a627674f7.min.js?cacheKey=gantry-1785440254:0
[    1269ms] [INFO] Jul-30 23:06:42.099 [BOOT-QUEUE] T023EV54RR7 noversion-1785445602.099 experiments.getByUser called @ https://a.slack-edge.com/bv1-13-br/gantry-v2-shared.3421452a627674f7.min.js?cacheKey=gantry-1785440254:0
[    1269ms] [INFO] Jul-30 23:06:42.100 [BOOT-QUEUE] T023EV54RR7 noversion-1785445602.099 experiments.getByUser is ENQUEUED @ https://a.slack-edge.com/bv1-13-br/gantry-v2-shared.3421452a627674f7.min.js?cacheKey=gantry-1785440254:0
[    1270ms] [INFO] Jul-30 23:06:42.101 [BOOT-QUEUE] T023EV54RR7 noversion-1785445602.100 api.features called @ https://a.slack-edge.com/bv1-13-br/gantry-v2-shared.3421452a627674f7.min.js?cacheKey=gantry-1785440254:0
[    1270ms] [INFO] Jul-30 23:06:42.101 [BOOT-QUEUE] T023EV54RR7 noversion-1785445602.100 api.features is ENQUEUED @ https://a.slack-edge.com/bv1-13-br/gantry-v2-shared.3421452a627674f7.min.js?cacheKey=gantry-1785440254:0
[    1271ms] [INFO] Jul-30 23:06:42.102 [BOOT-QUEUE] T023EV54RR7 noversion-1785445602.101 features.access.policies.list called @ https://a.slack-edge.com/bv1-13-br/gantry-v2-shared.3421452a627674f7.min.js?cacheKey=gantry-1785440254:0
[    1271ms] [INFO] Jul-30 23:06:42.102 [BOOT-QUEUE] T023EV54RR7 noversion-1785445602.101 features.access.policies.list is ENQUEUED @ https://a.slack-edge.com/bv1-13-br/gantry-v2-shared.3421452a627674f7.min.js?cacheKey=gantry-1785440254:0
[    1275ms] [INFO] Jul-30 23:06:42.105 [BOOT-QUEUE] T023EV54RR7 noversion-1785445602.105 client.shouldReload called with reason: boot @ https://a.slack-edge.com/bv1-13-br/gantry-v2-shared.3421452a627674f7.min.js?cacheKey=gantry-1785440254:0
[    1275ms] [INFO] Jul-30 23:06:42.106 [BOOT-QUEUE] T023EV54RR7 noversion-1785445602.105 client.shouldReload is ENQUEUED @ https://a.slack-edge.com/bv1-13-br/gantry-v2-shared.3421452a627674f7.min.js?cacheKey=gantry-1785440254:0
[    1276ms] [INFO] Jul-30 23:06:42.107 [BOOT-QUEUE] T023EV54RR7 noversion-1785445602.106 client.counts called with reason: deferred-data @ https://a.slack-edge.com/bv1-13-br/gantry-v2-shared.3421452a627674f7.min.js?cacheKey=gantry-1785440254:0
[    1277ms] [INFO] Jul-30 23:06:42.107 [BOOT-QUEUE] T023EV54RR7 noversion-1785445602.106 client.counts is ENQUEUED @ https://a.slack-edge.com/bv1-13-br/gantry-v2-shared.3421452a627674f7.min.js?cacheKey=gantry-1785440254:0
[    1277ms] [INFO] Jul-30 23:06:42.107 [BOOT] Couldn't determine boot channel. Falling back to default channel @ https://a.slack-edge.com/bv1-13-br/gantry-v2-shared.3421452a627674f7.min.js?cacheKey=gantry-1785440254:0
[    1278ms] [INFO] Jul-30 23:06:42.108 [BOOT-QUEUE] T023EV54RR7 Fetching client.extras: cache_timestamps, features, salesforce_features, misc, subteams, team_prefs, stats, default_workspace, onboarding, plan_info, feature_usage_data @ https://a.slack-edge.com/bv1-13-br/gantry-v2-shared.3421452a627674f7.min.js?cacheKey=gantry-1785440254:0
[    1278ms] [INFO] Jul-30 23:06:42.109 [BOOT-QUEUE] T023EV54RR7 noversion-1785445602.109 client.extras called with reason: deferred-data @ https://a.slack-edge.com/bv1-13-br/gantry-v2-shared.3421452a627674f7.min.js?cacheKey=gantry-1785440254:0
[    1279ms] [INFO] Jul-30 23:06:42.109 [BOOT-QUEUE] T023EV54RR7 noversion-1785445602.109 client.extras is ENQUEUED @ https://a.slack-edge.com/bv1-13-br/gantry-v2-shared.3421452a627674f7.min.js?cacheKey=gantry-1785440254:0
[    1280ms] [INFO] Jul-30 23:06:42.110 [BOOT-QUEUE] T023EV54RR7 noversion-1785445602.110 client.channels called with reason: deferred-data @ https://a.slack-edge.com/bv1-13-br/gantry-v2-shared.3421452a627674f7.min.js?cacheKey=gantry-1785440254:0
[    1280ms] [INFO] Jul-30 23:06:42.111 [BOOT-QUEUE] T023EV54RR7 noversion-1785445602.110 client.channels is ENQUEUED @ https://a.slack-edge.com/bv1-13-br/gantry-v2-shared.3421452a627674f7.min.js?cacheKey=gantry-1785440254:0
[    1370ms] [INFO] Jul-30 23:06:42.200 [BOOT-QUEUE] T023EV54RR7 noversion-1785445602.088 client.init is ACTIVE @ https://a.slack-edge.com/bv1-13-br/gantry-v2-shared.3421452a627674f7.min.js?cacheKey=gantry-1785440254:0
[    1371ms] [INFO] Jul-30 23:06:42.201 [BOOT-QUEUE] T023EV54RR7 noversion-1785445602.099 experiments.getByUser is ACTIVE @ https://a.slack-edge.com/bv1-13-br/gantry-v2-shared.3421452a627674f7.min.js?cacheKey=gantry-1785440254:0
[    1371ms] [INFO] Jul-30 23:06:42.202 [BOOT-QUEUE] T023EV54RR7 noversion-1785445602.100 api.features is ACTIVE @ https://a.slack-edge.com/bv1-13-br/gantry-v2-shared.3421452a627674f7.min.js?cacheKey=gantry-1785440254:0
[    1372ms] [INFO] Jul-30 23:06:42.203 [BOOT-QUEUE] T023EV54RR7 noversion-1785445602.101 features.access.policies.list is ACTIVE @ https://a.slack-edge.com/bv1-13-br/gantry-v2-shared.3421452a627674f7.min.js?cacheKey=gantry-1785440254:0
[    1373ms] [INFO] Jul-30 23:06:42.203 [BOOT-QUEUE] T023EV54RR7 noversion-1785445602.105 client.shouldReload is ACTIVE @ https://a.slack-edge.com/bv1-13-br/gantry-v2-shared.3421452a627674f7.min.js?cacheKey=gantry-1785440254:0
[    1374ms] [INFO] Jul-30 23:06:42.204 [BOOT-QUEUE] T023EV54RR7 noversion-1785445602.106 client.counts is ACTIVE @ https://a.slack-edge.com/bv1-13-br/gantry-v2-shared.3421452a627674f7.min.js?cacheKey=gantry-1785440254:0
[    1375ms] [INFO] Jul-30 23:06:42.206 [BOOT-QUEUE] T023EV54RR7 noversion-1785445602.109 client.extras is ACTIVE @ https://a.slack-edge.com/bv1-13-br/gantry-v2-shared.3421452a627674f7.min.js?cacheKey=gantry-1785440254:0
[    1376ms] [INFO] Jul-30 23:06:42.207 [BOOT-QUEUE] T023EV54RR7 noversion-1785445602.110 client.channels is ACTIVE @ https://a.slack-edge.com/bv1-13-br/gantry-v2-shared.3421452a627674f7.min.js?cacheKey=gantry-1785440254:0
[    1510ms] [INFO] Jul-30 23:06:42.341 [BOOT-QUEUE] T023EV54RR7 noversion-1785445602.105 client.shouldReload is RESOLVED @ https://a.slack-edge.com/bv1-13-br/gantry-v2-shared.3421452a627674f7.min.js?cacheKey=gantry-1785440254:0
[    1511ms] [INFO] Jul-30 23:06:42.342 [MIN-VERSION] No need to reload @ https://a.slack-edge.com/bv1-13-br/gantry-v2-shared.3421452a627674f7.min.js?cacheKey=gantry-1785440254:0
[    1513ms] [INFO] Jul-30 23:06:42.343 [BOOT-QUEUE] T023EV54RR7 noversion-1785445602.100 api.features is RESOLVED @ https://a.slack-edge.com/bv1-13-br/gantry-v2-shared.3421452a627674f7.min.js?cacheKey=gantry-1785440254:0
[    1516ms] [INFO] Jul-30 23:06:42.346 [BOOT-QUEUE] T023EV54RR7 noversion-1785445602.101 features.access.policies.list is RESOLVED @ https://a.slack-edge.com/bv1-13-br/gantry-v2-shared.3421452a627674f7.min.js?cacheKey=gantry-1785440254:0
[    1542ms] [INFO] Jul-30 23:06:42.372 [BOOT-QUEUE] T023EV54RR7 noversion-1785445602.088 client.init is RESOLVED @ https://a.slack-edge.com/bv1-13-br/gantry-v2-shared.3421452a627674f7.min.js?cacheKey=gantry-1785440254:0
[    1546ms] [INFO] Jul-30 23:06:42.376 [BOOT-QUEUE] T023EV54RR7 noversion-1785445602.110 client.channels is RESOLVED @ https://a.slack-edge.com/bv1-13-br/gantry-v2-shared.3421452a627674f7.min.js?cacheKey=gantry-1785440254:0
[    1559ms] [INFO] Jul-30 23:06:42.389 [BOOT-QUEUE] T023EV54RR7 noversion-1785445602.109 client.extras is RESOLVED @ https://a.slack-edge.com/bv1-13-br/gantry-v2-shared.3421452a627674f7.min.js?cacheKey=gantry-1785440254:0
[    1638ms] [INFO] Jul-30 23:06:42.468 [BOOT-QUEUE] T023EV54RR7 noversion-1785445602.099 experiments.getByUser is RESOLVED @ https://a.slack-edge.com/bv1-13-br/gantry-v2-shared.3421452a627674f7.min.js?cacheKey=gantry-1785440254:0
[    1646ms] [INFO] Jul-30 23:06:42.476 [BOOT-QUEUE] T023EV54RR7 noversion-1785445602.106 client.counts is RESOLVED @ https://a.slack-edge.com/bv1-13-br/gantry-v2-shared.3421452a627674f7.min.js?cacheKey=gantry-1785440254:0
[    3456ms] [INFO] Jul-30 23:06:44.286 [BOOT] (T023EV54RR7) Booting with persisted store @ https://a.slack-edge.com/bv1-13-br/gantry-v2-shared.3421452a627674f7.min.js?cacheKey=gantry-1785440254:0
[    3458ms] [INFO] Jul-30 23:06:44.289 [PERSIST] (T023EV54RR7) Checking for persistence method changes @ https://a.slack-edge.com/bv1-13-br/gantry-v2-shared.3421452a627674f7.min.js?cacheKey=gantry-1785440254:0
[    3460ms] [INFO] Jul-30 23:06:44.291 [PERSIST] (T023EV54RR7) Preparing state for hydration @ https://a.slack-edge.com/bv1-13-br/gantry-v2-shared.3421452a627674f7.min.js?cacheKey=gantry-1785440254:0
[    3654ms] [INFO] Jul-30 23:06:44.484 [PERSIST] (T023EV54RR7) State prepared for hydration @ https://a.slack-edge.com/bv1-13-br/gantry-v2-shared.3421452a627674f7.min.js?cacheKey=gantry-1785440254:0
[    3654ms] [INFO] Jul-30 23:06:44.484 [PERSIST] (T023EV54RR7) Checking for required data @ https://a.slack-edge.com/bv1-13-br/gantry-v2-shared.3421452a627674f7.min.js?cacheKey=gantry-1785440254:0
[    3671ms] [INFO] Jul-30 23:06:44.501 [BOOT] (T023EV54RR7) Configuring redux store @ https://a.slack-edge.com/bv1-13-br/gantry-v2-shared.3421452a627674f7.min.js?cacheKey=gantry-1785440254:0
[    3736ms] [INFO] Jul-30 23:06:44.535 [MUTED-CHANNELS] (T023EV54RR7) No temporarily muted channels found. @ https://a.slack-edge.com/bv1-13-br/gantry-v2-shared.3421452a627674f7.min.js?cacheKey=gantry-1785440254:0
[    3744ms] [INFO] Jul-30 23:06:44.574 [BOOT] (T023EV54RR7) Dispatched client.init data from registerBootApi @ https://a.slack-edge.com/bv1-13-br/gantry-v2-shared.3421452a627674f7.min.js?cacheKey=gantry-1785440254:0
[    3744ms] [INFO] Jul-30 23:06:44.575 [BOOT] (T023EV54RR7) Dispatching client.channels data from registerBootApi @ https://a.slack-edge.com/bv1-13-br/gantry-v2-shared.3421452a627674f7.min.js?cacheKey=gantry-1785440254:0
[    3754ms] [INFO] Jul-30 23:06:44.584 [COUNTS] (T023EV54RR7) Applying counts to channels. wasLastConnectFast: false isConnected: false applying: 34 out of total: 34 @ https://a.slack-edge.com/bv1-13-br/gantry-v2-shared.3421452a627674f7.min.js?cacheKey=gantry-1785440254:0
[    3759ms] [INFO] Jul-30 23:06:44.589 [BOOT] (T023EV54RR7) Dispatching conversations.view data from registerBootApi @ https://a.slack-edge.com/bv1-13-br/gantry-v2-shared.3421452a627674f7.min.js?cacheKey=gantry-1785440254:0
[    3770ms] [INFO] Jul-30 23:06:44.601 [BOOT] (T023EV54RR7) processing mutation timestamps for C023EV55AGH @ https://a.slack-edge.com/bv1-13-br/gantry-v2-shared.3421452a627674f7.min.js?cacheKey=gantry-1785440254:0
[    3773ms] [INFO] Jul-30 23:06:44.604 [PLATFORM-CHANNEL-ACTI] (T023EV54RR7) Not updating count for channel C023EV55AGH, as count was already set to 0 @ https://a.slack-edge.com/bv1-13-br/gantry-v2-shared.3421452a627674f7.min.js?cacheKey=gantry-1785440254:0
[    3781ms] [INFO] Jul-30 23:06:44.611 [EMOJI_TRANSLATION] Emoji translations not needed for default locale, only adding keywords @ https://a.slack-edge.com/bv1-13-br/gantry-v2-shared.3421452a627674f7.min.js?cacheKey=gantry-1785440254:0
[    3784ms] [INFO] Jul-30 23:06:44.614 [API-Q] (T023EV54RR7) c891cfd1-1785445604.613 users.prefs.get called with reason: fetch-frecency-prefs @ https://a.slack-edge.com/bv1-13-br/gantry-v2-shared.3421452a627674f7.min.js?cacheKey=gantry-1785440254:0
[    3784ms] [INFO] Jul-30 23:06:44.614 [API-Q] (T023EV54RR7) c891cfd1-1785445604.613 users.prefs.get is ENQUEUED @ https://a.slack-edge.com/bv1-13-br/gantry-v2-shared.3421452a627674f7.min.js?cacheKey=gantry-1785440254:0
[    3788ms] [INFO] Jul-30 23:06:44.618 [API-Q] (T023EV54RR7) c891cfd1-1785445604.618 sfdc.integration.listOrgs called with reason: fetch-orgs-and-sign-in-silently-v2 @ https://a.slack-edge.com/bv1-13-br/gantry-v2-shared.3421452a627674f7.min.js?cacheKey=gantry-1785440254:0
[    3789ms] [INFO] Jul-30 23:06:44.619 [API-Q] (T023EV54RR7) c891cfd1-1785445604.618 sfdc.integration.listOrgs is ENQUEUED @ https://a.slack-edge.com/bv1-13-br/gantry-v2-shared.3421452a627674f7.min.js?cacheKey=gantry-1785440254:0
[    3791ms] [INFO] Jul-30 23:06:44.621 [COUNTS] (T023EV54RR7) Threads has_unreads:false mention_count:0 @ https://a.slack-edge.com/bv1-13-br/gantry-v2-shared.3421452a627674f7.min.js?cacheKey=gantry-1785440254:0
[    3792ms] [INFO] Jul-30 23:06:44.622 [COUNTS] (T023EV54RR7) Completed counts processing @ https://a.slack-edge.com/bv1-13-br/gantry-v2-shared.3421452a627674f7.min.js?cacheKey=gantry-1785440254:0
[    3794ms] [INFO] Jul-30 23:06:44.625 [API-Q] (T023EV54RR7) c891cfd1-1785445604.613 users.prefs.get is ACTIVE @ https://a.slack-edge.com/bv1-13-br/gantry-v2-shared.3421452a627674f7.min.js?cacheKey=gantry-1785440254:0
[    3795ms] [INFO] Jul-30 23:06:44.625 [API-Q] (T023EV54RR7) c891cfd1-1785445604.618 sfdc.integration.listOrgs is ACTIVE @ https://a.slack-edge.com/bv1-13-br/gantry-v2-shared.3421452a627674f7.min.js?cacheKey=gantry-1785440254:0
[    3804ms] [INFO] Jul-30 23:06:44.634 [NAVIGATION-MIDDLEWARE] Starting a new navigation middleware execution {context: client-boot, nextViewSet: Object, nextSplitView: undefined, middlewareCount: 11, nextTab: undefined} @ https://a.slack-edge.com/bv1-13-br/gantry-v2-shared.3421452a627674f7.min.js?cacheKey=gantry-1785440254:0
[    3806ms] [INFO] Jul-30 23:06:44.636 [BOOT] (T023EV54RR7) Dispatching API data @ https://a.slack-edge.com/bv1-13-br/gantry-v2-shared.3421452a627674f7.min.js?cacheKey=gantry-1785440254:0
[    3806ms] [INFO] Jul-30 23:06:44.636 [BOOT] (T023EV54RR7) Dispatching boot data @ https://a.slack-edge.com/bv1-13-br/gantry-v2-shared.3421452a627674f7.min.js?cacheKey=gantry-1785440254:0
[    3807ms] [INFO] Jul-30 23:06:44.637 [BOOT] (T023EV54RR7) No boot data found @ https://a.slack-edge.com/bv1-13-br/gantry-v2-shared.3421452a627674f7.min.js?cacheKey=gantry-1785440254:0
[    3808ms] [INFO] Jul-30 23:06:44.638 [NAVIGATION-MIDDLEWARE] Async action execution is complete for a view {nextView: Object, results: Array(11), shouldTerminateNavigation: false, executionTime: 2.300000000745058, nextTab: undefined} @ https://a.slack-edge.com/bv1-13-br/gantry-v2-shared.3421452a627674f7.min.js?cacheKey=gantry-1785440254:0
[    3809ms] [INFO] Jul-30 23:06:44.640 [NAVIGATION-MIDDLEWARE] Finish middleware execution for sidebar container {maybeTransformedViewSet: Object, maybeTransformedSplitView: undefined, terminateNavigation: false, isViewTransformed: false, iterationCount: 0} @ https://a.slack-edge.com/bv1-13-br/gantry-v2-shared.3421452a627674f7.min.js?cacheKey=gantry-1785440254:0
[    3810ms] [INFO] Jul-30 23:06:44.641 [BOOT] (T023EV54RR7) Boot complete @ https://a.slack-edge.com/bv1-13-br/gantry-v2-shared.3421452a627674f7.min.js?cacheKey=gantry-1785440254:0
[    3811ms] [INFO] Jul-30 23:06:44.641 [NAVIGATION-MIDDLEWARE] Async action execution is complete for a view {nextView: Object, results: Array(11), shouldTerminateNavigation: false, executionTime: 1.300000000745058, nextTab: undefined} @ https://a.slack-edge.com/bv1-13-br/gantry-v2-shared.3421452a627674f7.min.js?cacheKey=gantry-1785440254:0
[    3812ms] [INFO] Jul-30 23:06:44.642 [DESKTOP-SIDE-EFFECT] (T023EV54RR7) Reacting to  {type: [30] Set a value that represents whether we are currently in the boot phase, payload: false, error: false} @ https://a.slack-edge.com/bv1-13-br/gantry-v2-shared.3421452a627674f7.min.js?cacheKey=gantry-1785440254:0
[    3812ms] [INFO] Jul-30 23:06:44.643 [AUTH] Installing incremental auth handler @ https://a.slack-edge.com/bv1-13-br/gantry-v2-shared.3421452a627674f7.min.js?cacheKey=gantry-1785440254:0
[    3813ms] [INFO] Jul-30 23:06:44.643 [API-Q] (T023EV54RR7) noversion-1785445604.643 Flannel huddles/list called with reason: flannel-call:huddles/list @ https://a.slack-edge.com/bv1-13-br/gantry-v2-shared.3421452a627674f7.min.js?cacheKey=gantry-1785440254:0
[    3813ms] [INFO] Jul-30 23:06:44.644 [API-Q] (T023EV54RR7) noversion-1785445604.643 Flannel huddles/list is ENQUEUED @ https://a.slack-edge.com/bv1-13-br/gantry-v2-shared.3421452a627674f7.min.js?cacheKey=gantry-1785440254:0
[    3815ms] [INFO] Jul-30 23:06:44.646 [NAVIGATION-MIDDLEWARE] Finish middleware execution for primary container {maybeTransformedViewSet: Object, maybeTransformedSplitView: undefined, terminateNavigation: false, isViewTransformed: false, iterationCount: 0} @ https://a.slack-edge.com/bv1-13-br/gantry-v2-shared.3421452a627674f7.min.js?cacheKey=gantry-1785440254:0
[    3816ms] [INFO] Jul-30 23:06:44.647 [SOCKET-MANAGER] (T023EV54RR7) Changing from never_connected to prov_connect @ https://a.slack-edge.com/bv1-13-br/gantry-v2-shared.3421452a627674f7.min.js?cacheKey=gantry-1785440254:0
[    3817ms] [INFO] Jul-30 23:06:44.647 [SOCKET-MANAGER] (T023EV54RR7) will stay in prov_connect state for up to 10000 ms @ https://a.slack-edge.com/bv1-13-br/gantry-v2-shared.3421452a627674f7.min.js?cacheKey=gantry-1785440254:0
[    3818ms] [INFO] Jul-30 23:06:44.648 [SOCKET-MANAGER] (T023EV54RR7) Connecting with token ending: 40f0 @ https://a.slack-edge.com/bv1-13-br/gantry-v2-shared.3421452a627674f7.min.js?cacheKey=gantry-1785440254:0
[    3818ms] [INFO] Jul-30 23:06:44.648 [SOCKET-MANAGER] (T023EV54RR7) Changing from prov_connect to prov_connecting @ https://a.slack-edge.com/bv1-13-br/gantry-v2-shared.3421452a627674f7.min.js?cacheKey=gantry-1785440254:0
[    3818ms] [INFO] Jul-30 23:06:44.648 [SOCKET-MANAGER] (T023EV54RR7) will stay in prov_connecting state for up to 35000 ms @ https://a.slack-edge.com/bv1-13-br/gantry-v2-shared.3421452a627674f7.min.js?cacheKey=gantry-1785440254:0
[    3819ms] [INFO] Jul-30 23:06:44.649 [ENDPOINT-MANAGER] (T023EV54RR7) No stale versions to clear. @ https://a.slack-edge.com/bv1-13-br/gantry-v2-shared.3421452a627674f7.min.js?cacheKey=gantry-1785440254:0
[    3819ms] [INFO] Jul-30 23:06:44.649 [SOCKET-MANAGER-MIDDLE] (T023EV54RR7) Initialized Socket Manager instance @ https://a.slack-edge.com/bv1-13-br/gantry-v2-shared.3421452a627674f7.min.js?cacheKey=gantry-1785440254:0
[    3819ms] [INFO] Jul-30 23:06:44.650 [NAVIGATION-MIDDLEWARE] Navigation middleware execution is complete {maybeUpdatedViewSet: Object, maybeUpdatedSplitView: undefined, terminateNavigation: false, executionTime: 14.400000002235174, nextTab: undefined} @ https://a.slack-edge.com/bv1-13-br/gantry-v2-shared.3421452a627674f7.min.js?cacheKey=gantry-1785440254:0
[    3820ms] [INFO] Jul-30 23:06:44.650 [API-Q] (T023EV54RR7) noversion-1785445604.643 Flannel huddles/list is ACTIVE @ https://a.slack-edge.com/bv1-13-br/gantry-v2-shared.3421452a627674f7.min.js?cacheKey=gantry-1785440254:0
[    3829ms] [INFO] Jul-30 23:06:44.659 [BOOT] (T023EV54RR7) Routing complete (renderApp tap, warm boot) @ https://a.slack-edge.com/bv1-13-br/gantry-v2-shared.3421452a627674f7.min.js?cacheKey=gantry-1785440254:0
[    3832ms] [INFO] Jul-30 23:06:44.663 [BOOT] (T023EV54RR7) (T023EV54RR7) Mounting client @ https://a.slack-edge.com/bv1-13-br/gantry-v2-shared.3421452a627674f7.min.js?cacheKey=gantry-1785440254:0
[    4028ms] [INFO] Jul-30 23:06:44.859 [COUNTS] (T023EV54RR7) dmsBadgeCount: 0 @ https://a.slack-edge.com/bv1-13-br/gantry-v2-shared.3421452a627674f7.min.js?cacheKey=gantry-1785440254:0
[    4029ms] [INFO] Jul-30 23:06:44.860 [COUNTS] (T023EV54RR7) activityBadgeCount: 0 @ https://a.slack-edge.com/bv1-13-br/gantry-v2-shared.3421452a627674f7.min.js?cacheKey=gantry-1785440254:0
[    4045ms] [INFO] Jul-30 23:06:44.875 [DEVICE-PERMISSIONS-MA] Initializing media device permissions manager @ https://a.slack-edge.com/bv1-13-br/gantry-v2-shared.3421452a627674f7.min.js?cacheKey=gantry-1785440254:0
[    4046ms] [INFO] Jul-30 23:06:44.876 [DEVICE-PERMISSIONS-MA] Permissions loaded from local storage {"permissions":{"microphone":"prompt","camera":"prompt","screen":"prompt"},"timestamp":1785444585754} @ https://a.slack-edge.com/bv1-13-br/gantry-v2-shared.3421452a627674f7.min.js?cacheKey=gantry-1785440254:0
[    4047ms] [INFO] Jul-30 23:06:44.877 [DEVICE-PERMISSIONS-MA] Using browser device permissions strategy @ https://a.slack-edge.com/bv1-13-br/gantry-v2-shared.3421452a627674f7.min.js?cacheKey=gantry-1785440254:0
[    4047ms] [INFO] Jul-30 23:06:44.878 [DEVICE-PERMISSIONS-MA] Scheduled permissions refresh @ https://a.slack-edge.com/bv1-13-br/gantry-v2-shared.3421452a627674f7.min.js?cacheKey=gantry-1785440254:0
[    4048ms] [INFO] Jul-30 23:06:44.879 [(?)] Initializing device preferences manager with teamId: T023EV54RR7 @ https://a.slack-edge.com/bv1-13-br/gantry-v2-shared.3421452a627674f7.min.js?cacheKey=gantry-1785440254:0
[    4049ms] [INFO] Jul-30 23:06:44.879 [DEVICE-PREFS] Using device preferences manager @ https://a.slack-edge.com/bv1-13-br/gantry-v2-shared.3421452a627674f7.min.js?cacheKey=gantry-1785440254:0
[    4050ms] [INFO] Jul-30 23:06:44.880 [DEVICE-PREFS] Updating available devices (original flow) @ https://a.slack-edge.com/bv1-13-br/gantry-v2-shared.3421452a627674f7.min.js?cacheKey=gantry-1785440254:0
[    4051ms] [INFO] Jul-30 23:06:44.881 [AVDEVICESERVICE] [AVDeviceService] [LIFECYCLE] [avds_1785445604881] Device enumerator initialized @ https://a.slack-edge.com/bv1-13-br/gantry-v2-shared.3421452a627674f7.min.js?cacheKey=gantry-1785440254:0
[    4164ms] [WARNING] Jul-30 23:06:44.995 TRACER (T023EV54RR7) (boot:time_to_mount_client) was forced closed and marked with the _flush=true tag. @ https://a.slack-edge.com/bv1-13-br/gantry-v2-shared.3421452a627674f7.min.js?cacheKey=gantry-1785440254:0
[    4169ms] [INFO] Jul-30 23:06:45.000 [EMOJI_TRANSLATION] Emoji translations not needed for default locale, only adding keywords @ https://a.slack-edge.com/bv1-13-br/gantry-v2-shared.3421452a627674f7.min.js?cacheKey=gantry-1785440254:0
[    4174ms] [INFO] Jul-30 23:06:45.004 [API-Q] (T023EV54RR7) c891cfd1-1785445605.004 drafts.list called with reason: client-v2-boot-team @ https://a.slack-edge.com/bv1-13-br/gantry-v2-shared.3421452a627674f7.min.js?cacheKey=gantry-1785440254:0
[    4174ms] [INFO] Jul-30 23:06:45.005 [API-Q] (T023EV54RR7) c891cfd1-1785445605.004 drafts.list is ENQUEUED @ https://a.slack-edge.com/bv1-13-br/gantry-v2-shared.3421452a627674f7.min.js?cacheKey=gantry-1785440254:0
[    4174ms] [INFO] Jul-30 23:06:45.005 [DRAFTS] (T023EV54RR7) No local drafts - skipping fetch to purge inactive drafts @ https://a.slack-edge.com/bv1-13-br/gantry-v2-shared.3421452a627674f7.min.js?cacheKey=gantry-1785440254:0
[    4175ms] [INFO] Jul-30 23:06:45.006 [API-Q] (T023EV54RR7) c891cfd1-1785445605.005 workflows.triggers.listRecentlyRunForUser called with reason: fetch_and_upsert_recently_run_triggers @ https://a.slack-edge.com/bv1-13-br/gantry-v2-shared.3421452a627674f7.min.js?cacheKey=gantry-1785440254:0
[    4175ms] [INFO] Jul-30 23:06:45.006 [API-Q] (T023EV54RR7) c891cfd1-1785445605.005 workflows.triggers.listRecentlyRunForUser is ENQUEUED @ https://a.slack-edge.com/bv1-13-br/gantry-v2-shared.3421452a627674f7.min.js?cacheKey=gantry-1785440254:0
[    4176ms] [INFO] Jul-30 23:06:45.007 [API-Q] (T023EV54RR7) c891cfd1-1785445605.007 functions.workflows.list called with reason: automations_gallery @ https://a.slack-edge.com/bv1-13-br/gantry-v2-shared.3421452a627674f7.min.js?cacheKey=gantry-1785440254:0
[    4177ms] [INFO] Jul-30 23:06:45.007 [API-Q] (T023EV54RR7) c891cfd1-1785445605.007 functions.workflows.list is ENQUEUED @ https://a.slack-edge.com/bv1-13-br/gantry-v2-shared.3421452a627674f7.min.js?cacheKey=gantry-1785440254:0
[    4179ms] [INFO] Jul-30 23:06:45.009 [API-Q] (T023EV54RR7) c891cfd1-1785445605.009 megaphone.notifications.list called with reason: boot @ https://a.slack-edge.com/bv1-13-br/gantry-v2-shared.3421452a627674f7.min.js?cacheKey=gantry-1785440254:0
[    4179ms] [INFO] Jul-30 23:06:45.009 [API-Q] (T023EV54RR7) c891cfd1-1785445605.009 megaphone.notifications.list is ENQUEUED @ https://a.slack-edge.com/bv1-13-br/gantry-v2-shared.3421452a627674f7.min.js?cacheKey=gantry-1785440254:0
[    4180ms] [INFO] Jul-30 23:06:45.010 [API-Q] (T023EV54RR7) c891cfd1-1785445605.010 megaphone.notifications.list called with reason: boot @ https://a.slack-edge.com/bv1-13-br/gantry-v2-shared.3421452a627674f7.min.js?cacheKey=gantry-1785440254:0
[    4180ms] [INFO] Jul-30 23:06:45.011 [API-Q] (T023EV54RR7) c891cfd1-1785445605.010 megaphone.notifications.list is ENQUEUED @ https://a.slack-edge.com/bv1-13-br/gantry-v2-shared.3421452a627674f7.min.js?cacheKey=gantry-1785440254:0
[    4182ms] [INFO] Jul-30 23:06:45.012 [API-Q] (T023EV54RR7) c891cfd1-1785445605.012 users.prefs.get called with reason: fetch-user-expectation-last-triggered-pref @ https://a.slack-edge.com/bv1-13-br/gantry-v2-shared.3421452a627674f7.min.js?cacheKey=gantry-1785440254:0
[    4182ms] [INFO] Jul-30 23:06:45.012 [API-Q] (T023EV54RR7) c891cfd1-1785445605.012 users.prefs.get is ENQUEUED @ https://a.slack-edge.com/bv1-13-br/gantry-v2-shared.3421452a627674f7.min.js?cacheKey=gantry-1785440254:0
[    4183ms] [INFO] Jul-30 23:06:45.014 [API-Q] (T023EV54RR7) c891cfd1-1785445605.013 activity.views called with reason: fetch-deferred-messaging-client-data @ https://a.slack-edge.com/bv1-13-br/gantry-v2-shared.3421452a627674f7.min.js?cacheKey=gantry-1785440254:0
[    4183ms] [INFO] Jul-30 23:06:45.014 [API-Q] (T023EV54RR7) c891cfd1-1785445605.013 activity.views is ENQUEUED @ https://a.slack-edge.com/bv1-13-br/gantry-v2-shared.3421452a627674f7.min.js?cacheKey=gantry-1785440254:0
[    4192ms] [INFO] Jul-30 23:06:45.016 [API-Q] (T023EV54RR7) c891cfd1-1785445605.015 aiApps.list called with reason: fetch-deferred-messaging-client-data @ https://a.slack-edge.com/bv1-13-br/gantry-v2-shared.3421452a627674f7.min.js?cacheKey=gantry-1785440254:0
[    4193ms] [INFO] Jul-30 23:06:45.023 [API-Q] (T023EV54RR7) c891cfd1-1785445605.015 aiApps.list is ENQUEUED @ https://a.slack-edge.com/bv1-13-br/gantry-v2-shared.3421452a627674f7.min.js?cacheKey=gantry-1785440254:0
[    4194ms] [INFO] Jul-30 23:06:45.024 [API-Q] (T023EV54RR7) c891cfd1-1785445605.004 drafts.list is ACTIVE @ https://a.slack-edge.com/bv1-13-br/gantry-v2-shared.3421452a627674f7.min.js?cacheKey=gantry-1785440254:0
[    4194ms] [INFO] Jul-30 23:06:45.024 [API-Q] (T023EV54RR7) c891cfd1-1785445605.005 workflows.triggers.listRecentlyRunForUser is ACTIVE @ https://a.slack-edge.com/bv1-13-br/gantry-v2-shared.3421452a627674f7.min.js?cacheKey=gantry-1785440254:0
[    4194ms] [INFO] Jul-30 23:06:45.025 [API-Q] (T023EV54RR7) c891cfd1-1785445605.007 functions.workflows.list is ACTIVE @ https://a.slack-edge.com/bv1-13-br/gantry-v2-shared.3421452a627674f7.min.js?cacheKey=gantry-1785440254:0
[    4195ms] [INFO] Jul-30 23:06:45.025 [API-Q] (T023EV54RR7) c891cfd1-1785445605.009 megaphone.notifications.list is ACTIVE @ https://a.slack-edge.com/bv1-13-br/gantry-v2-shared.3421452a627674f7.min.js?cacheKey=gantry-1785440254:0
[    4195ms] [INFO] Jul-30 23:06:45.026 [API-Q] (T023EV54RR7) c891cfd1-1785445605.010 megaphone.notifications.list is ACTIVE @ https://a.slack-edge.com/bv1-13-br/gantry-v2-shared.3421452a627674f7.min.js?cacheKey=gantry-1785440254:0
[    4196ms] [INFO] Jul-30 23:06:45.026 [API-Q] (T023EV54RR7) c891cfd1-1785445605.012 users.prefs.get is ACTIVE @ https://a.slack-edge.com/bv1-13-br/gantry-v2-shared.3421452a627674f7.min.js?cacheKey=gantry-1785440254:0
[    4196ms] [INFO] Jul-30 23:06:45.027 [API-Q] (T023EV54RR7) c891cfd1-1785445605.013 activity.views is ACTIVE @ https://a.slack-edge.com/bv1-13-br/gantry-v2-shared.3421452a627674f7.min.js?cacheKey=gantry-1785440254:0
[    4197ms] [INFO] Jul-30 23:06:45.027 [API-Q] (T023EV54RR7) c891cfd1-1785445605.027 calendar.getInstalledCalendars called with reason: calendar-get-installed-calendars @ https://a.slack-edge.com/bv1-13-br/gantry-v2-shared.3421452a627674f7.min.js?cacheKey=gantry-1785440254:0
[    4197ms] [INFO] Jul-30 23:06:45.028 [API-Q] (T023EV54RR7) c891cfd1-1785445605.027 calendar.getInstalledCalendars is ENQUEUED @ https://a.slack-edge.com/bv1-13-br/gantry-v2-shared.3421452a627674f7.min.js?cacheKey=gantry-1785440254:0
[    4202ms] [INFO] Jul-30 23:06:45.032 [BOOT] Setting reducedSignInWorkflowExperiment object in local storage. teamId: T023EV54RR7, enterpriseId: undefined, isOn: true @ https://a.slack-edge.com/bv1-13-br/gantry-v2-shared.3421452a627674f7.min.js?cacheKey=gantry-1785440254:0
[    4207ms] [INFO] Jul-30 23:06:45.037 [NAVIGATE-LISTENERS] (T023EV54RR7) Starting navigation listeners for triggerType CLIENT_MOUNT @ https://a.slack-edge.com/bv1-13-br/gantry-v2-shared.3421452a627674f7.min.js?cacheKey=gantry-1785440254:0
[    4211ms] [INFO] Jul-30 23:06:45.042 [NAVIGATE-LISTENERS] (T023EV54RR7) Navigation listeners complete without errors @ https://a.slack-edge.com/bv1-13-br/gantry-v2-shared.3421452a627674f7.min.js?cacheKey=gantry-1785440254:0
[    4213ms] [INFO] Jul-30 23:06:45.044 [MIN-VERSION] Starting client min-version poll. @ https://a.slack-edge.com/bv1-13-br/gantry-v2-shared.3421452a627674f7.min.js?cacheKey=gantry-1785440254:0
[    4217ms] [INFO] Jul-30 23:06:45.047 [PERSIST] Purging persisted models, except for the following teamIds [T023EV54RR7] @ https://a.slack-edge.com/bv1-13-br/gantry-v2-shared.3421452a627674f7.min.js?cacheKey=gantry-1785440254:0
[    4496ms] [INFO] Jul-30 23:06:45.290 [GS_REQUEST] (T023EV54RR7) received a user_change_subscribe_request call while we are not connected; deferring @ https://a.slack-edge.com/bv1-13-br/gantry-v2-shared.3421452a627674f7.min.js?cacheKey=gantry-1785440254:0
[    4498ms] [INFO] Jul-30 23:06:45.328 [API-Q] (T023EV54RR7) noversion-1785445605.328 Flannel users/info called with reason: flannel-call:users/info @ https://a.slack-edge.com/bv1-13-br/gantry-v2-shared.3421452a627674f7.min.js?cacheKey=gantry-1785440254:0
[    4498ms] [INFO] Jul-30 23:06:45.328 [API-Q] (T023EV54RR7) noversion-1785445605.328 Flannel users/info is ENQUEUED @ https://a.slack-edge.com/bv1-13-br/gantry-v2-shared.3421452a627674f7.min.js?cacheKey=gantry-1785440254:0
[    4502ms] [INFO] Jul-30 23:06:45.332 [API-Q] (T023EV54RR7) c891cfd1-1785445605.332 apps.profile.get called with reason: fetch-all-apps-by-id @ https://a.slack-edge.com/bv1-13-br/gantry-v2-shared.3421452a627674f7.min.js?cacheKey=gantry-1785440254:0
[    4502ms] [INFO] Jul-30 23:06:45.333 [API-Q] (T023EV54RR7) c891cfd1-1785445605.332 apps.profile.get is ENQUEUED @ https://a.slack-edge.com/bv1-13-br/gantry-v2-shared.3421452a627674f7.min.js?cacheKey=gantry-1785440254:0
[    4503ms] [INFO] Jul-30 23:06:45.333 [API-Q] (T023EV54RR7) c891cfd1-1785445605.333 apps.profile.get called with reason: fetch-all-apps-by-id @ https://a.slack-edge.com/bv1-13-br/gantry-v2-shared.3421452a627674f7.min.js?cacheKey=gantry-1785440254:0
[    4503ms] [INFO] Jul-30 23:06:45.333 [API-Q] (T023EV54RR7) c891cfd1-1785445605.333 apps.profile.get is ENQUEUED @ https://a.slack-edge.com/bv1-13-br/gantry-v2-shared.3421452a627674f7.min.js?cacheKey=gantry-1785440254:0
[    4503ms] [INFO] Jul-30 23:06:45.334 [API-Q] (T023EV54RR7) c891cfd1-1785445605.333 apps.profile.get called with reason: fetch-all-apps-by-id @ https://a.slack-edge.com/bv1-13-br/gantry-v2-shared.3421452a627674f7.min.js?cacheKey=gantry-1785440254:0
[    4503ms] [INFO] Jul-30 23:06:45.334 [API-Q] (T023EV54RR7) c891cfd1-1785445605.333 apps.profile.get is ENQUEUED @ https://a.slack-edge.com/bv1-13-br/gantry-v2-shared.3421452a627674f7.min.js?cacheKey=gantry-1785440254:0
[    4504ms] [INFO] Jul-30 23:06:45.334 [API-Q] (T023EV54RR7) c891cfd1-1785445605.334 apps.profile.get called with reason: fetch-all-apps-by-id @ https://a.slack-edge.com/bv1-13-br/gantry-v2-shared.3421452a627674f7.min.js?cacheKey=gantry-1785440254:0
[    4504ms] [INFO] Jul-30 23:06:45.334 [API-Q] (T023EV54RR7) c891cfd1-1785445605.334 apps.profile.get is ENQUEUED @ https://a.slack-edge.com/bv1-13-br/gantry-v2-shared.3421452a627674f7.min.js?cacheKey=gantry-1785440254:0
[    4504ms] [INFO] Jul-30 23:06:45.335 [API-Q] (T023EV54RR7) c891cfd1-1785445605.335 apps.profile.get called with reason: fetch-all-apps-by-id @ https://a.slack-edge.com/bv1-13-br/gantry-v2-shared.3421452a627674f7.min.js?cacheKey=gantry-1785440254:0
[    4504ms] [INFO] Jul-30 23:06:45.335 [API-Q] (T023EV54RR7) c891cfd1-1785445605.335 apps.profile.get is ENQUEUED @ https://a.slack-edge.com/bv1-13-br/gantry-v2-shared.3421452a627674f7.min.js?cacheKey=gantry-1785440254:0
[    4505ms] [INFO] Jul-30 23:06:45.336 [API-Q] (T023EV54RR7) c891cfd1-1785445605.335 apps.profile.get called with reason: fetch-all-apps-by-id @ https://a.slack-edge.com/bv1-13-br/gantry-v2-shared.3421452a627674f7.min.js?cacheKey=gantry-1785440254:0
[    4505ms] [INFO] Jul-30 23:06:45.336 [API-Q] (T023EV54RR7) c891cfd1-1785445605.335 apps.profile.get is ENQUEUED @ https://a.slack-edge.com/bv1-13-br/gantry-v2-shared.3421452a627674f7.min.js?cacheKey=gantry-1785440254:0
[    4506ms] [INFO] Jul-30 23:06:45.337 [API-Q] (T023EV54RR7) c891cfd1-1785445605.336 conversations.info called with reason: app-homes-store/conditional-fetching @ https://a.slack-edge.com/bv1-13-br/gantry-v2-shared.3421452a627674f7.min.js?cacheKey=gantry-1785440254:0
[    4507ms] [INFO] Jul-30 23:06:45.337 [API-Q] (T023EV54RR7) c891cfd1-1785445605.336 conversations.info is ENQUEUED @ https://a.slack-edge.com/bv1-13-br/gantry-v2-shared.3421452a627674f7.min.js?cacheKey=gantry-1785440254:0
[    4508ms] [INFO] Jul-30 23:06:45.339 [UFM-PERMISSIONS] (T023EV54RR7) requesting ACCESS_SLACK_AI_TODAY,ACCESS_SLACK_AI_SLACKBOT,ACCESS_SLACK_AI_SEARCH,ACCESS_SLACK_AI_FILTERS,ACCESS_SLACK_AI_HUDDLE_SUMMARIES,CREATE_PUBLIC_CHANNEL,CREATE_PRIVATE_CHANNEL,ACCESS_SLACK_AI_RECAP,ACCESS_SLACK_AI_CHANNEL_THREAD_SUMMARIES,ACCESS_SLACK_AI_FILE_SUMMARIES,READ_AUDIT_LOGS,ARCHIVE_CHANNEL,CONVERT_MPDM_TO_PRIVATE,EDIT_CHANNEL_WORKSPACES,CAN_AT_CHANNEL,VIEW_OVERVIEW_ANALYTICS,VIEW_WORKSPACE_ANALYTICS,VIEW_MEMBER_ANALYTICS,VIEW_ORG_WIDE_CHANNEL_ANALYTICS,VIEW_HUDDLE_ANALYTICS,VIEW_CLIP_ANALYTICS,VIEW_APP_ANALYTICS,VIEW_CHANNEL_ANALYTICS,VIEW_AI_ANALYTICS,VIEW_CANVAS_ANALYTICS,VIEW_WORKFLOW_ANALYTICS,VIEW_LIST_ANALYTICS,VIEW_SLACKBOT_ANALYTICS,VIEW_TOP_LEVEL_WORKFLOWS,ADD_COLLABORATOR_TO_ANY_WORKFLOW,UNPUBLISH_ANY_WORKFLOW,CREATE_WORKFLOWS,CREATE_CANVAS_TEMPLATES,PUBLISH_CANVAS_ORG_TEMPLATES,MANAGE_SALES_HOME,MANAGE_SALES_HOME_DATA_SOURCE,ADD_CUSTOM_EMOJI,DELETE_CUSTOM_EMOJI,EDIT_SLACKBOT_RESPONSES,UPDATE_NAME,UPDATE_DISPLAY_NAME,EDIT_PROFILE_PHOTO,ACCEPT_SLACK_CONNECT_INVITES,MANAGE_SLACK_CONNECT,CREATE_SLACK_CONNECT_DM,VIEW_APP_REQUESTS,MANAGE_AAA_AUTOMATION_RULES,MANAGE_SCOPE_RATINGS,VIEW_INSTALLED_APPS,MANAGE_ORG_LEVEL_APP_APPROVAL,VIEW_APPROVED_APPS,VIEW_RESTRICTED_APPS,ADD_ORG_APPS_TO_WORKSPACES,REMOVE_ORG_APPS_FROM_WORKSPACES,VIEW_DEPRECATIONS,MANAGE_WORKFLOW_CONNECTORS,MANAGE_WORKFLOW_TRIGGERS,MANAGE_APP_ACLS,CREATE_SOLUTION_TEMPLATE,PUBLISH_SOLUTION_TEMPLATE,MANAGE_SOLUTION_TEMPLATE,CREATE_LIST_TEMPLATE,CREATE_USER_GROUPS,EDIT_USER_GROUPS,DELETE_USER_GROUPS,ACCESS_SLACK_AI_DETAILED_FEEDBACK,ACCESS_SLACK_AI_STEPS_IN_WORKFLOW,ACCESS_SLACK_AI_TRANSLATIONS,ACCESS_SLACK_AI_WORKFLOW_BUILDER,ACCESS_SLACK_AI_RECORD_CHANNEL_DIGEST,ACCESS_SLACK_AI_DEVELOPMENT,ACCESS_SLACK_AI_EXPLAIN,ACCESS_SLACK_AI_CANVAS,ACCESS_SLACK_AI_SALESFORCE_CSV_MAPPER,ACCESS_SLACK_AI_SUGGESTED_SECTIONS,ACCESS_SLACK_AI_CHANNEL_SECTION_RECOMMENDATIONS,ACCESS_SLACK_AI_SLACKIVERSARY,ACCESS_ENTERPRISE_SEARCH,AUTHOR_SKILLS,AUTO_ENABLE_SKILL,CAN_MANAGE_XWS_CHANNELS,CREATE_AND_EDIT_ORG_USER_GROUPS,EDIT_ORG_USER_GROUPS,DELETE_ORG_USER_GROUPS (1) @ https://a.slack-edge.com/bv1-13-br/gantry-v2-shared.3421452a627674f7.min.js?cacheKey=gantry-1785440254:0
[    4509ms] [INFO] Jul-30 23:06:45.340 [API-Q] (T023EV54RR7) noversion-1785445605.340 Flannel permissions/info called with reason: flannel-call:permissions/info @ https://a.slack-edge.com/bv1-13-br/gantry-v2-shared.3421452a627674f7.min.js?cacheKey=gantry-1785440254:0
[    4510ms] [INFO] Jul-30 23:06:45.340 [API-Q] (T023EV54RR7) noversion-1785445605.340 Flannel permissions/info is ENQUEUED @ https://a.slack-edge.com/bv1-13-br/gantry-v2-shared.3421452a627674f7.min.js?cacheKey=gantry-1785440254:0
[    4510ms] [INFO] Jul-30 23:06:45.340 [DND_V2] (T023EV54RR7) fetchAndUpsertDndForUsers - Preparing to fetch DND times for the following members: U07DB40NK51 @ https://a.slack-edge.com/bv1-13-br/gantry-v2-shared.3421452a627674f7.min.js?cacheKey=gantry-1785440254:0
[    4511ms] [INFO] Jul-30 23:06:45.341 [API-Q] (T023EV54RR7) c891cfd1-1785445605.341 dnd.info called with reason: fetchAndUpsertDndForUsers-getDndTimesFor:self @ https://a.slack-edge.com/bv1-13-br/gantry-v2-shared.3421452a627674f7.min.js?cacheKey=gantry-1785440254:0
[    4511ms] [INFO] Jul-30 23:06:45.341 [API-Q] (T023EV54RR7) c891cfd1-1785445605.341 dnd.info is ENQUEUED @ https://a.slack-edge.com/bv1-13-br/gantry-v2-shared.3421452a627674f7.min.js?cacheKey=gantry-1785440254:0
[    4512ms] [INFO] Jul-30 23:06:45.342 [API-Q] (T023EV54RR7) c891cfd1-1785445605.342 help.issues.ticketStats called with reason: fetchAndUpsertTicketStats @ https://a.slack-edge.com/bv1-13-br/gantry-v2-shared.3421452a627674f7.min.js?cacheKey=gantry-1785440254:0
[    4512ms] [INFO] Jul-30 23:06:45.343 [API-Q] (T023EV54RR7) c891cfd1-1785445605.342 help.issues.ticketStats is ENQUEUED @ https://a.slack-edge.com/bv1-13-br/gantry-v2-shared.3421452a627674f7.min.js?cacheKey=gantry-1785440254:0
[    4517ms] [INFO] Jul-30 23:06:45.348 [UFM] (T023EV54RR7) requesting D0BMT4F1SL8 (1) @ https://a.slack-edge.com/bv1-13-br/gantry-v2-shared.3421452a627674f7.min.js?cacheKey=gantry-1785440254:0
[    4518ms] [INFO] Jul-30 23:06:45.348 [API-Q] (T023EV54RR7) noversion-1785445605.348 Flannel huddles/info called with reason: flannel-call:huddles/info @ https://a.slack-edge.com/bv1-13-br/gantry-v2-shared.3421452a627674f7.min.js?cacheKey=gantry-1785440254:0
[    4518ms] [INFO] Jul-30 23:06:45.349 [API-Q] (T023EV54RR7) noversion-1785445605.348 Flannel huddles/info is ENQUEUED @ https://a.slack-edge.com/bv1-13-br/gantry-v2-shared.3421452a627674f7.min.js?cacheKey=gantry-1785440254:0
[    4520ms] [INFO] Jul-30 23:06:45.351 [API-Q] (T023EV54RR7) c891cfd1-1785445605.351 team.targetingCriteria called with reason: team_targeting_criteria @ https://a.slack-edge.com/bv1-13-br/gantry-v2-shared.3421452a627674f7.min.js?cacheKey=gantry-1785440254:0
[    4521ms] [INFO] Jul-30 23:06:45.351 [API-Q] (T023EV54RR7) c891cfd1-1785445605.351 team.targetingCriteria is ENQUEUED @ https://a.slack-edge.com/bv1-13-br/gantry-v2-shared.3421452a627674f7.min.js?cacheKey=gantry-1785440254:0
[    4524ms] [INFO] Jul-30 23:06:45.354 [API-Q] (T023EV54RR7) c891cfd1-1785445604.613 users.prefs.get is RESOLVED @ https://a.slack-edge.com/bv1-13-br/gantry-v2-shared.3421452a627674f7.min.js?cacheKey=gantry-1785440254:0
[    4526ms] [INFO] Jul-30 23:06:45.356 [API-Q] (T023EV54RR7) noversion-1785445605.348 Flannel huddles/info is ACTIVE @ https://a.slack-edge.com/bv1-13-br/gantry-v2-shared.3421452a627674f7.min.js?cacheKey=gantry-1785440254:0
[    4527ms] [INFO] Jul-30 23:06:45.358 [OBJECT-STORE] attempting to delete shards [] @ https://a.slack-edge.com/bv1-13-br/gantry-v2-shared.3421452a627674f7.min.js?cacheKey=gantry-1785440254:0
[    4539ms] [INFO] Jul-30 23:06:45.370 [API-Q] (T023EV54RR7) c891cfd1-1785445604.618 sfdc.integration.listOrgs is RESOLVED @ https://a.slack-edge.com/bv1-13-br/gantry-v2-shared.3421452a627674f7.min.js?cacheKey=gantry-1785440254:0
[    4540ms] [INFO] Jul-30 23:06:45.371 [API-Q] (T023EV54RR7) noversion-1785445605.340 Flannel permissions/info is ACTIVE @ https://a.slack-edge.com/bv1-13-br/gantry-v2-shared.3421452a627674f7.min.js?cacheKey=gantry-1785440254:0
[    4542ms] [INFO] Jul-30 23:06:45.372 [API-Q] (T023EV54RR7) noversion-1785445604.643 Flannel huddles/list is RESOLVED @ https://a.slack-edge.com/bv1-13-br/gantry-v2-shared.3421452a627674f7.min.js?cacheKey=gantry-1785440254:0
[    4542ms] [INFO] Jul-30 23:06:45.373 [API-Q] (T023EV54RR7) noversion-1785445605.328 Flannel users/info is ACTIVE @ https://a.slack-edge.com/bv1-13-br/gantry-v2-shared.3421452a627674f7.min.js?cacheKey=gantry-1785440254:0
[    4543ms] [INFO] Jul-30 23:06:45.373 [API-Q] (T023EV54RR7) c891cfd1-1785445605.004 drafts.list is RESOLVED @ https://a.slack-edge.com/bv1-13-br/gantry-v2-shared.3421452a627674f7.min.js?cacheKey=gantry-1785440254:0
[    4543ms] [INFO] Jul-30 23:06:45.374 [DRAFTS] (T023EV54RR7) No active drafts @ https://a.slack-edge.com/bv1-13-br/gantry-v2-shared.3421452a627674f7.min.js?cacheKey=gantry-1785440254:0
[    4544ms] [INFO] Jul-30 23:06:45.374 [DRAFTS] (T023EV54RR7) Successfully fetched all active and inactive drafts ✨ @ https://a.slack-edge.com/bv1-13-br/gantry-v2-shared.3421452a627674f7.min.js?cacheKey=gantry-1785440254:0
[    4544ms] [INFO] Jul-30 23:06:45.375 [API-Q] (T023EV54RR7) c891cfd1-1785445605.015 aiApps.list is ACTIVE @ https://a.slack-edge.com/bv1-13-br/gantry-v2-shared.3421452a627674f7.min.js?cacheKey=gantry-1785440254:0
[    4545ms] [INFO] Jul-30 23:06:45.376 [API-Q] (T023EV54RR7) c891cfd1-1785445605.005 workflows.triggers.listRecentlyRunForUser is RESOLVED @ https://a.slack-edge.com/bv1-13-br/gantry-v2-shared.3421452a627674f7.min.js?cacheKey=gantry-1785440254:0
[    4546ms] [INFO] Jul-30 23:06:45.376 [API-Q] (T023EV54RR7) c891cfd1-1785445605.027 calendar.getInstalledCalendars is ACTIVE @ https://a.slack-edge.com/bv1-13-br/gantry-v2-shared.3421452a627674f7.min.js?cacheKey=gantry-1785440254:0
[    4547ms] [INFO] Jul-30 23:06:45.377 [API-Q] (T023EV54RR7) c891cfd1-1785445605.007 functions.workflows.list is RESOLVED @ https://a.slack-edge.com/bv1-13-br/gantry-v2-shared.3421452a627674f7.min.js?cacheKey=gantry-1785440254:0
[    4548ms] [INFO] Jul-30 23:06:45.378 [API-Q] (T023EV54RR7) c891cfd1-1785445605.378 workflows.triggers.list called with reason: automations_gallery @ https://a.slack-edge.com/bv1-13-br/gantry-v2-shared.3421452a627674f7.min.js?cacheKey=gantry-1785440254:0
[    4548ms] [INFO] Jul-30 23:06:45.379 [API-Q] (T023EV54RR7) c891cfd1-1785445605.378 workflows.triggers.list is ENQUEUED @ https://a.slack-edge.com/bv1-13-br/gantry-v2-shared.3421452a627674f7.min.js?cacheKey=gantry-1785440254:0
[    4549ms] [INFO] Jul-30 23:06:45.379 [API-Q] (T023EV54RR7) c891cfd1-1785445605.332 apps.profile.get is ACTIVE @ https://a.slack-edge.com/bv1-13-br/gantry-v2-shared.3421452a627674f7.min.js?cacheKey=gantry-1785440254:0
[    4549ms] [INFO] Jul-30 23:06:45.380 [API-Q] (T023EV54RR7) c891cfd1-1785445605.009 megaphone.notifications.list is RESOLVED @ https://a.slack-edge.com/bv1-13-br/gantry-v2-shared.3421452a627674f7.min.js?cacheKey=gantry-1785440254:0
[    4554ms] [INFO] Jul-30 23:06:45.384 [API-Q] (T023EV54RR7) c891cfd1-1785445605.333 apps.profile.get is ACTIVE @ https://a.slack-edge.com/bv1-13-br/gantry-v2-shared.3421452a627674f7.min.js?cacheKey=gantry-1785440254:0
[    4554ms] [INFO] Jul-30 23:06:45.385 [API-Q] (T023EV54RR7) c891cfd1-1785445605.012 users.prefs.get is RESOLVED @ https://a.slack-edge.com/bv1-13-br/gantry-v2-shared.3421452a627674f7.min.js?cacheKey=gantry-1785440254:0
[    4556ms] [INFO] Jul-30 23:06:45.386 [API-Q] (T023EV54RR7) c891cfd1-1785445605.333 apps.profile.get is ACTIVE @ https://a.slack-edge.com/bv1-13-br/gantry-v2-shared.3421452a627674f7.min.js?cacheKey=gantry-1785440254:0
[    4556ms] [INFO] Jul-30 23:06:45.387 [API-Q] (T023EV54RR7) c891cfd1-1785445605.013 activity.views is RESOLVED @ https://a.slack-edge.com/bv1-13-br/gantry-v2-shared.3421452a627674f7.min.js?cacheKey=gantry-1785440254:0
[    4559ms] [INFO] Jul-30 23:06:45.389 [API-Q] (T023EV54RR7) c891cfd1-1785445605.334 apps.profile.get is ACTIVE @ https://a.slack-edge.com/bv1-13-br/gantry-v2-shared.3421452a627674f7.min.js?cacheKey=gantry-1785440254:0
[    4560ms] [INFO] Jul-30 23:06:45.390 [API-Q] (T023EV54RR7) c891cfd1-1785445605.010 megaphone.notifications.list is RESOLVED @ https://a.slack-edge.com/bv1-13-br/gantry-v2-shared.3421452a627674f7.min.js?cacheKey=gantry-1785440254:0
[    4566ms] [INFO] Jul-30 23:06:45.397 [API-Q] (T023EV54RR7) c891cfd1-1785445605.335 apps.profile.get is ACTIVE @ https://a.slack-edge.com/bv1-13-br/gantry-v2-shared.3421452a627674f7.min.js?cacheKey=gantry-1785440254:0
[    4567ms] [INFO] Jul-30 23:06:45.398 [API-Q] (T023EV54RR7) c891cfd1-1785445605.397 onboarding.fetch called with reason: vacation_emoji_pack @ https://a.slack-edge.com/bv1-13-br/gantry-v2-shared.3421452a627674f7.min.js?cacheKey=gantry-1785440254:0
[    4568ms] [INFO] Jul-30 23:06:45.398 [API-Q] (T023EV54RR7) c891cfd1-1785445605.397 onboarding.fetch is ENQUEUED @ https://a.slack-edge.com/bv1-13-br/gantry-v2-shared.3421452a627674f7.min.js?cacheKey=gantry-1785440254:0
[    4595ms] [INFO] Jul-30 23:06:45.425 [PERSIST] (T023EV54RR7) Rehydrated lazy reducer: userGroupsFlexpane @ https://a.slack-edge.com/bv1-13-br/gantry-v2-shared.3421452a627674f7.min.js?cacheKey=gantry-1785440254:0
[    4654ms] [LOG] [WD] All assets have reported back; s: 15; f: 0 @ https://app.slack.com/client/T023EV54RR7:0
[    4696ms] [INFO] Jul-30 23:06:45.527 [API-Q] (T023EV54RR7) noversion-1785445605.348 Flannel huddles/info is RESOLVED @ https://a.slack-edge.com/bv1-13-br/gantry-v2-shared.3421452a627674f7.min.js?cacheKey=gantry-1785440254:0
[    4697ms] [INFO] Jul-30 23:06:45.527 [API-Q] (T023EV54RR7) c891cfd1-1785445605.336 conversations.info is ACTIVE @ https://a.slack-edge.com/bv1-13-br/gantry-v2-shared.3421452a627674f7.min.js?cacheKey=gantry-1785440254:0
[    4697ms] [INFO] Jul-30 23:06:45.528 [UFM] (T023EV54RR7) received D0BMT4F1SL8 (1) @ https://a.slack-edge.com/bv1-13-br/gantry-v2-shared.3421452a627674f7.min.js?cacheKey=gantry-1785440254:0
[    4699ms] [INFO] Jul-30 23:06:45.530 [API-Q] (T023EV54RR7) noversion-1785445605.328 Flannel users/info is RESOLVED @ https://a.slack-edge.com/bv1-13-br/gantry-v2-shared.3421452a627674f7.min.js?cacheKey=gantry-1785440254:0
[    4700ms] [INFO] Jul-30 23:06:45.530 [API-Q] (T023EV54RR7) c891cfd1-1785445605.341 dnd.info is ACTIVE @ https://a.slack-edge.com/bv1-13-br/gantry-v2-shared.3421452a627674f7.min.js?cacheKey=gantry-1785440254:0
[    4701ms] [INFO] Jul-30 23:06:45.531 [API-Q] (T023EV54RR7) noversion-1785445605.340 Flannel permissions/info is RESOLVED @ https://a.slack-edge.com/bv1-13-br/gantry-v2-shared.3421452a627674f7.min.js?cacheKey=gantry-1785440254:0
[    4702ms] [INFO] Jul-30 23:06:45.532 [API-Q] (T023EV54RR7) c891cfd1-1785445605.342 help.issues.ticketStats is ACTIVE @ https://a.slack-edge.com/bv1-13-br/gantry-v2-shared.3421452a627674f7.min.js?cacheKey=gantry-1785440254:0
[    4702ms] [INFO] Jul-30 23:06:45.532 [UFM-PERMISSIONS] (T023EV54RR7) received ACCESS_SLACK_AI_TODAY,ACCESS_SLACK_AI_SLACKBOT,ACCESS_SLACK_AI_SEARCH,ACCESS_SLACK_AI_FILTERS,ACCESS_SLACK_AI_HUDDLE_SUMMARIES,CREATE_PUBLIC_CHANNEL,CREATE_PRIVATE_CHANNEL,ACCESS_SLACK_AI_RECAP,ACCESS_SLACK_AI_CHANNEL_THREAD_SUMMARIES,ACCESS_SLACK_AI_FILE_SUMMARIES,READ_AUDIT_LOGS,ARCHIVE_CHANNEL,CONVERT_MPDM_TO_PRIVATE,EDIT_CHANNEL_WORKSPACES,CAN_AT_CHANNEL,VIEW_OVERVIEW_ANALYTICS,VIEW_WORKSPACE_ANALYTICS,VIEW_MEMBER_ANALYTICS,VIEW_ORG_WIDE_CHANNEL_ANALYTICS,VIEW_HUDDLE_ANALYTICS,VIEW_CLIP_ANALYTICS,VIEW_APP_ANALYTICS,VIEW_CHANNEL_ANALYTICS,VIEW_AI_ANALYTICS,VIEW_CANVAS_ANALYTICS,VIEW_WORKFLOW_ANALYTICS,VIEW_LIST_ANALYTICS,VIEW_SLACKBOT_ANALYTICS,VIEW_TOP_LEVEL_WORKFLOWS,ADD_COLLABORATOR_TO_ANY_WORKFLOW,UNPUBLISH_ANY_WORKFLOW,CREATE_WORKFLOWS,CREATE_CANVAS_TEMPLATES,PUBLISH_CANVAS_ORG_TEMPLATES,MANAGE_SALES_HOME,MANAGE_SALES_HOME_DATA_SOURCE,ADD_CUSTOM_EMOJI,DELETE_CUSTOM_EMOJI,EDIT_SLACKBOT_RESPONSES,UPDATE_NAME,UPDATE_DISPLAY_NAME,EDIT_PROFILE_PHOTO,ACCEPT_SLACK_CONNECT_INVITES,MANAGE_SLACK_CONNECT,CREATE_SLACK_CONNECT_DM,VIEW_APP_REQUESTS,MANAGE_AAA_AUTOMATION_RULES,MANAGE_SCOPE_RATINGS,VIEW_INSTALLED_APPS,MANAGE_ORG_LEVEL_APP_APPROVAL,VIEW_APPROVED_APPS,VIEW_RESTRICTED_APPS,ADD_ORG_APPS_TO_WORKSPACES,REMOVE_ORG_APPS_FROM_WORKSPACES,VIEW_DEPRECATIONS,MANAGE_WORKFLOW_CONNECTORS,MANAGE_WORKFLOW_TRIGGERS,MANAGE_APP_ACLS,CREATE_SOLUTION_TEMPLATE,PUBLISH_SOLUTION_TEMPLATE,MANAGE_SOLUTION_TEMPLATE,CREATE_LIST_TEMPLATE,CREATE_USER_GROUPS,EDIT_USER_GROUPS,DELETE_USER_GROUPS,ACCESS_SLACK_AI_DETAILED_FEEDBACK,ACCESS_SLACK_AI_STEPS_IN_WORKFLOW,ACCESS_SLACK_AI_TRANSLATIONS,ACCESS_SLACK_AI_WORKFLOW_BUILDER,ACCESS_SLACK_AI_RECORD_CHANNEL_DIGEST,ACCESS_SLACK_AI_DEVELOPMENT,ACCESS_SLACK_AI_EXPLAIN,ACCESS_SLACK_AI_CANVAS,ACCESS_SLACK_AI_SALESFORCE_CSV_MAPPER,ACCESS_SLACK_AI_SUGGESTED_SECTIONS,ACCESS_SLACK_AI_CHANNEL_SECTION_RECOMMENDATIONS,ACCESS_SLACK_AI_SLACKIVERSARY,ACCESS_ENTERPRISE_SEARCH,AUTHOR_SKILLS,AUTO_ENABLE_SKILL,CAN_MANAGE_XWS_CHANNELS,CREATE_AND_EDIT_ORG_USER_GROUPS,EDIT_ORG_USER_GROUPS,DELETE_ORG_USER_GROUPS (1) @ https://a.slack-edge.com/bv1-13-br/gantry-v2-shared.3421452a627674f7.min.js?cacheKey=gantry-1785440254:0
[    4704ms] [INFO] Jul-30 23:06:45.534 [API-Q] (T023EV54RR7) c891cfd1-1785445605.534 feature.usage.info called with reason: fetch-slackbot-ai-usage-on-window-open @ https://a.slack-edge.com/bv1-13-br/gantry-v2-shared.3421452a627674f7.min.js?cacheKey=gantry-1785440254:0
[    4704ms] [INFO] Jul-30 23:06:45.534 [API-Q] (T023EV54RR7) c891cfd1-1785445605.534 feature.usage.info is ENQUEUED @ https://a.slack-edge.com/bv1-13-br/gantry-v2-shared.3421452a627674f7.min.js?cacheKey=gantry-1785440254:0
[    4705ms] [INFO] Jul-30 23:06:45.536 [API-Q] (T023EV54RR7) c891cfd1-1785445605.536 slackbot.mcp.list called with reason: fetch-mcp-servers-for-shortcuts-menu @ https://a.slack-edge.com/bv1-13-br/gantry-v2-shared.3421452a627674f7.min.js?cacheKey=gantry-1785440254:0
[    4706ms] [INFO] Jul-30 23:06:45.536 [API-Q] (T023EV54RR7) c891cfd1-1785445605.536 slackbot.mcp.list is ENQUEUED @ https://a.slack-edge.com/bv1-13-br/gantry-v2-shared.3421452a627674f7.min.js?cacheKey=gantry-1785440254:0
[    4707ms] [INFO] Jul-30 23:06:45.538 [SOCKET-MANAGER] (T023EV54RR7) Changing from prov_connecting to prov_connected @ https://a.slack-edge.com/bv1-13-br/gantry-v2-shared.3421452a627674f7.min.js?cacheKey=gantry-1785440254:0
[    4707ms] [INFO] Jul-30 23:06:45.538 [SOCKET-MANAGER] (T023EV54RR7) will stay in prov_connected state for up to 60000 ms @ https://a.slack-edge.com/bv1-13-br/gantry-v2-shared.3421452a627674f7.min.js?cacheKey=gantry-1785440254:0
[    4709ms] [INFO] Jul-30 23:06:45.540 [SOCKET-MANAGER] (T023EV54RR7) Changing from prov_connected to prov_finalize @ https://a.slack-edge.com/bv1-13-br/gantry-v2-shared.3421452a627674f7.min.js?cacheKey=gantry-1785440254:0
[    4709ms] [INFO] Jul-30 23:06:45.540 [SOCKET-MANAGER] (T023EV54RR7) will stay in prov_finalize state for up to 10000 ms @ https://a.slack-edge.com/bv1-13-br/gantry-v2-shared.3421452a627674f7.min.js?cacheKey=gantry-1785440254:0
[    4710ms] [INFO] Jul-30 23:06:45.540 [SOCKET-MANAGER] (T023EV54RR7) Changing from prov_finalize to prov_finalizing @ https://a.slack-edge.com/bv1-13-br/gantry-v2-shared.3421452a627674f7.min.js?cacheKey=gantry-1785440254:0
[    4710ms] [INFO] Jul-30 23:06:45.540 [SOCKET-MANAGER] (T023EV54RR7) will stay in prov_finalizing state for up to 10000 ms @ https://a.slack-edge.com/bv1-13-br/gantry-v2-shared.3421452a627674f7.min.js?cacheKey=gantry-1785440254:0
[    4710ms] [INFO] Jul-30 23:06:45.541 [SOCKET-MANAGER] (T023EV54RR7) Changing from prov_finalizing to connected @ https://a.slack-edge.com/bv1-13-br/gantry-v2-shared.3421452a627674f7.min.js?cacheKey=gantry-1785440254:0
[    4711ms] [INFO] Jul-30 23:06:45.541 [SOCKET-MANAGER] (T023EV54RR7) will stay in connected state for up to Infinity ms @ https://a.slack-edge.com/bv1-13-br/gantry-v2-shared.3421452a627674f7.min.js?cacheKey=gantry-1785440254:0
[    4711ms] [INFO] Jul-30 23:06:45.541 [SOCKET-MANAGER] (T023EV54RR7) Connected to primary region @ https://a.slack-edge.com/bv1-13-br/gantry-v2-shared.3421452a627674f7.min.js?cacheKey=gantry-1785440254:0
[    4718ms] [INFO] Jul-30 23:06:45.548 [EVENTLOG] (T023EV54RR7) fr=false, lc=false, lt=1785444995.527000 @ https://a.slack-edge.com/bv1-13-br/gantry-v2-shared.3421452a627674f7.min.js?cacheKey=gantry-1785440254:0
[    4718ms] [INFO] Jul-30 23:06:45.549 [EVENTLOG] (T023EV54RR7) fetching events since 1785444995.527000 (610 seconds ago) @ https://a.slack-edge.com/bv1-13-br/gantry-v2-shared.3421452a627674f7.min.js?cacheKey=gantry-1785440254:0
[    4719ms] [INFO] Jul-30 23:06:45.549 [API-Q] (T023EV54RR7) c891cfd1-1785445605.549 ublockworkaround.history called with reason: onSocketConnected @ https://a.slack-edge.com/bv1-13-br/gantry-v2-shared.3421452a627674f7.min.js?cacheKey=gantry-1785440254:0
[    4719ms] [INFO] Jul-30 23:06:45.550 [API-Q] (T023EV54RR7) c891cfd1-1785445605.549 ublockworkaround.history is ENQUEUED @ https://a.slack-edge.com/bv1-13-br/gantry-v2-shared.3421452a627674f7.min.js?cacheKey=gantry-1785440254:0
[    4720ms] [INFO] Jul-30 23:06:45.551 [MESSAGE-HISTORY] (T023EV54RR7) Resetting reachedEnd @ https://a.slack-edge.com/bv1-13-br/gantry-v2-shared.3421452a627674f7.min.js?cacheKey=gantry-1785440254:0
[    4722ms] [INFO] Jul-30 23:06:45.552 [API-Q] (T023EV54RR7) c891cfd1-1785445605.552 users.customStatus.list called with reason: fetchCustomStatusOnReconnect @ https://a.slack-edge.com/bv1-13-br/gantry-v2-shared.3421452a627674f7.min.js?cacheKey=gantry-1785440254:0
[    4722ms] [INFO] Jul-30 23:06:45.552 [API-Q] (T023EV54RR7) c891cfd1-1785445605.552 users.customStatus.list is ENQUEUED @ https://a.slack-edge.com/bv1-13-br/gantry-v2-shared.3421452a627674f7.min.js?cacheKey=gantry-1785440254:0
[    4725ms] [INFO] Jul-30 23:06:45.556 [PRESENCE_PROMPT] (T023EV54RR7) ignoring prompt due to presence (active) @ https://a.slack-edge.com/bv1-13-br/gantry-v2-shared.3421452a627674f7.min.js?cacheKey=gantry-1785440254:0
[    4726ms] [INFO] Jul-30 23:06:45.556 [GS_REQUEST] (T023EV54RR7) connected and trouble free! Continuing deferred user_change_subscribe_request call @ https://a.slack-edge.com/bv1-13-br/gantry-v2-shared.3421452a627674f7.min.js?cacheKey=gantry-1785440254:0
[    4727ms] [INFO] Jul-30 23:06:45.558 [API-Q] (T023EV54RR7) c891cfd1-1785445605.027 calendar.getInstalledCalendars is RESOLVED @ https://a.slack-edge.com/bv1-13-br/gantry-v2-shared.3421452a627674f7.min.js?cacheKey=gantry-1785440254:0
[    4729ms] [INFO] Jul-30 23:06:45.559 [API-Q] (T023EV54RR7) c891cfd1-1785445605.559 calendar.user.info called with reason: calendar-get-user-info @ https://a.slack-edge.com/bv1-13-br/gantry-v2-shared.3421452a627674f7.min.js?cacheKey=gantry-1785440254:0
[    4729ms] [INFO] Jul-30 23:06:45.560 [API-Q] (T023EV54RR7) c891cfd1-1785445605.559 calendar.user.info is ENQUEUED @ https://a.slack-edge.com/bv1-13-br/gantry-v2-shared.3421452a627674f7.min.js?cacheKey=gantry-1785440254:0
[    4730ms] [INFO] Jul-30 23:06:45.560 [API-Q] (T023EV54RR7) c891cfd1-1785445605.549 ublockworkaround.history is ACTIVE @ https://a.slack-edge.com/bv1-13-br/gantry-v2-shared.3421452a627674f7.min.js?cacheKey=gantry-1785440254:0
[    4746ms] [INFO] Jul-30 23:06:45.576 [PERSIST] Purged persisted models [] @ https://a.slack-edge.com/bv1-13-br/gantry-v2-shared.3421452a627674f7.min.js?cacheKey=gantry-1785440254:0
[    4748ms] [INFO] Jul-30 23:06:45.579 [BOOT] Client boot completed @ https://a.slack-edge.com/bv1-13-br/gantry-v2-shared.3421452a627674f7.min.js?cacheKey=gantry-1785440254:0
[    4758ms] [INFO] Jul-30 23:06:45.588 [RTM-EVENT-METRICS] Metrics collection sampling has been reset. @ https://a.slack-edge.com/bv1-13-br/gantry-v2-shared.3421452a627674f7.min.js?cacheKey=gantry-1785440254:0
[    4764ms] [WARNING] Jul-30 23:06:45.594 SERVICE-WORKER Found existing value for https://slack.com/fake-url-for-service-worker-item-storage/locales; Will overwrite value. @ https://a.slack-edge.com/bv1-13-br/gantry-v2-shared.3421452a627674f7.min.js?cacheKey=gantry-1785440254:0
[    4764ms] [INFO] Jul-30 23:06:45.594 [SERVICE-WORKER] Writing (["en-US"]) to Service Worker with key https://slack.com/fake-url-for-service-worker-item-storage/locales. @ https://a.slack-edge.com/bv1-13-br/gantry-v2-shared.3421452a627674f7.min.js?cacheKey=gantry-1785440254:0
[    4765ms] [INFO] Jul-30 23:06:45.596 [API-Q] (T023EV54RR7) c891cfd1-1785445605.333 apps.profile.get is RESOLVED @ https://a.slack-edge.com/bv1-13-br/gantry-v2-shared.3421452a627674f7.min.js?cacheKey=gantry-1785440254:0
[    4766ms] [INFO] Jul-30 23:06:45.597 [API-Q] (T023EV54RR7) c891cfd1-1785445605.335 apps.profile.get is ACTIVE @ https://a.slack-edge.com/bv1-13-br/gantry-v2-shared.3421452a627674f7.min.js?cacheKey=gantry-1785440254:0
[    4768ms] [INFO] Jul-30 23:06:45.598 [API-Q] (T023EV54RR7) c891cfd1-1785445605.333 apps.profile.get is RESOLVED @ https://a.slack-edge.com/bv1-13-br/gantry-v2-shared.3421452a627674f7.min.js?cacheKey=gantry-1785440254:0
[    4768ms] [INFO] Jul-30 23:06:45.599 [API-Q] (T023EV54RR7) c891cfd1-1785445605.351 team.targetingCriteria is ACTIVE @ https://a.slack-edge.com/bv1-13-br/gantry-v2-shared.3421452a627674f7.min.js?cacheKey=gantry-1785440254:0
[    4769ms] [WARNING] Jul-30 23:06:45.599 AVDeviceService [AVDeviceService] [HEALTH] [avds_1785445604881] Invalid device list on attempt 1 (3 devices, none with valid IDs) @ https://a.slack-edge.com/bv1-13-br/gantry-v2-shared.3421452a627674f7.min.js?cacheKey=gantry-1785440254:0
[    4769ms] [INFO] Jul-30 23:06:45.600 [AVDEVICESERVICE] [AVDeviceService] [ACQUISITION] [avds_1785445604881] Retry attempt 1 for enumerateDevices with 500ms delay @ https://a.slack-edge.com/bv1-13-br/gantry-v2-shared.3421452a627674f7.min.js?cacheKey=gantry-1785440254:0
[    4807ms] [INFO] Jul-30 23:06:45.637 [SERVICE-WORKER] registration success {} @ https://a.slack-edge.com/bv1-13-br/gantry-v2-shared.3421452a627674f7.min.js?cacheKey=gantry-1785440254:0
[    4807ms] [INFO] Jul-30 23:06:45.638 [SERVICE-WORKER-STATE] initial activated @ https://a.slack-edge.com/bv1-13-br/gantry-v2-shared.3421452a627674f7.min.js?cacheKey=gantry-1785440254:0
[    4839ms] [INFO] Jul-30 23:06:45.670 [API-Q] (T023EV54RR7) c891cfd1-1785445605.332 apps.profile.get is RESOLVED @ https://a.slack-edge.com/bv1-13-br/gantry-v2-shared.3421452a627674f7.min.js?cacheKey=gantry-1785440254:0
[    4840ms] [INFO] Jul-30 23:06:45.670 [API-Q] (T023EV54RR7) c891cfd1-1785445605.378 workflows.triggers.list is ACTIVE @ https://a.slack-edge.com/bv1-13-br/gantry-v2-shared.3421452a627674f7.min.js?cacheKey=gantry-1785440254:0
[    4847ms] [INFO] Jul-30 23:06:45.677 [API-Q] (T023EV54RR7) c891cfd1-1785445605.342 help.issues.ticketStats is RESOLVED @ https://a.slack-edge.com/bv1-13-br/gantry-v2-shared.3421452a627674f7.min.js?cacheKey=gantry-1785440254:0
[    4848ms] [INFO] Jul-30 23:06:45.679 [API-Q] (T023EV54RR7) c891cfd1-1785445605.397 onboarding.fetch is ACTIVE @ https://a.slack-edge.com/bv1-13-br/gantry-v2-shared.3421452a627674f7.min.js?cacheKey=gantry-1785440254:0
[    4849ms] [INFO] Jul-30 23:06:45.680 [API-Q] (T023EV54RR7) c891cfd1-1785445605.336 conversations.info is RESOLVED @ https://a.slack-edge.com/bv1-13-br/gantry-v2-shared.3421452a627674f7.min.js?cacheKey=gantry-1785440254:0
[    4851ms] [INFO] Jul-30 23:06:45.681 [API-Q] (T023EV54RR7) c891cfd1-1785445605.534 feature.usage.info is ACTIVE @ https://a.slack-edge.com/bv1-13-br/gantry-v2-shared.3421452a627674f7.min.js?cacheKey=gantry-1785440254:0
[    4859ms] [INFO] Jul-30 23:06:45.689 [API-Q] (T023EV54RR7) noversion-1785445605.689 Flannel users/info called with reason: flannel-call:users/info @ https://a.slack-edge.com/bv1-13-br/gantry-v2-shared.3421452a627674f7.min.js?cacheKey=gantry-1785440254:0
[    4859ms] [INFO] Jul-30 23:06:45.689 [API-Q] (T023EV54RR7) noversion-1785445605.689 Flannel users/info is ENQUEUED @ https://a.slack-edge.com/bv1-13-br/gantry-v2-shared.3421452a627674f7.min.js?cacheKey=gantry-1785440254:0
[    4859ms] [INFO] Jul-30 23:06:45.690 [UFM] (T023EV54RR7) requesting A0BLHCTS1AT (1) @ https://a.slack-edge.com/bv1-13-br/gantry-v2-shared.3421452a627674f7.min.js?cacheKey=gantry-1785440254:0
[    4860ms] [INFO] Jul-30 23:06:45.690 [API-Q] (T023EV54RR7) c891cfd1-1785445605.690 apps.profile.get called with reason: fetch-all-apps-by-id @ https://a.slack-edge.com/bv1-13-br/gantry-v2-shared.3421452a627674f7.min.js?cacheKey=gantry-1785440254:0
[    4860ms] [INFO] Jul-30 23:06:45.691 [API-Q] (T023EV54RR7) c891cfd1-1785445605.690 apps.profile.get is ENQUEUED @ https://a.slack-edge.com/bv1-13-br/gantry-v2-shared.3421452a627674f7.min.js?cacheKey=gantry-1785440254:0
[    4868ms] [INFO] Jul-30 23:06:45.698 [API-Q] (T023EV54RR7) c891cfd1-1785445605.698 conversations.listPrefs called with reason: client_redux_store @ https://a.slack-edge.com/bv1-13-br/gantry-v2-shared.3421452a627674f7.min.js?cacheKey=gantry-1785440254:0
[    4868ms] [INFO] Jul-30 23:06:45.699 [API-Q] (T023EV54RR7) c891cfd1-1785445605.698 conversations.listPrefs is ENQUEUED @ https://a.slack-edge.com/bv1-13-br/gantry-v2-shared.3421452a627674f7.min.js?cacheKey=gantry-1785440254:0
[    4870ms] [INFO] Jul-30 23:06:45.700 [API-Q] (T023EV54RR7) c891cfd1-1785445605.549 ublockworkaround.history is RESOLVED @ https://a.slack-edge.com/bv1-13-br/gantry-v2-shared.3421452a627674f7.min.js?cacheKey=gantry-1785440254:0
[    4870ms] [INFO] Jul-30 23:06:45.701 [API-Q] (T023EV54RR7) noversion-1785445605.689 Flannel users/info is ACTIVE @ https://a.slack-edge.com/bv1-13-br/gantry-v2-shared.3421452a627674f7.min.js?cacheKey=gantry-1785440254:0
[    4871ms] [INFO] Jul-30 23:06:45.701 [EVENTLOG] (T023EV54RR7) nothing to process @ https://a.slack-edge.com/bv1-13-br/gantry-v2-shared.3421452a627674f7.min.js?cacheKey=gantry-1785440254:0
[    4871ms] [INFO] Jul-30 23:06:45.701 [EVENTLOG] (T023EV54RR7) fetched finish (aborted? false) @ https://a.slack-edge.com/bv1-13-br/gantry-v2-shared.3421452a627674f7.min.js?cacheKey=gantry-1785440254:0
[    4871ms] [INFO] Jul-30 23:06:45.701 [EVENTLOG] (T023EV54RR7) dispatching signal and clearing timestamp @ https://a.slack-edge.com/bv1-13-br/gantry-v2-shared.3421452a627674f7.min.js?cacheKey=gantry-1785440254:0
[    4903ms] [INFO] Jul-30 23:06:45.733 [API-Q] (T023EV54RR7) noversion-1785445605.689 Flannel users/info is RESOLVED @ https://a.slack-edge.com/bv1-13-br/gantry-v2-shared.3421452a627674f7.min.js?cacheKey=gantry-1785440254:0
[    4903ms] [INFO] Jul-30 23:06:45.734 [API-Q] (T023EV54RR7) c891cfd1-1785445605.536 slackbot.mcp.list is ACTIVE @ https://a.slack-edge.com/bv1-13-br/gantry-v2-shared.3421452a627674f7.min.js?cacheKey=gantry-1785440254:0
[    4905ms] [INFO] Jul-30 23:06:45.735 [UFM-PERMISSIONS] (T023EV54RR7) requesting CAN_AT_CHANNEL,CAN_AT_EVERYONE,ARCHIVE_CHANNEL (1) @ https://a.slack-edge.com/bv1-13-br/gantry-v2-shared.3421452a627674f7.min.js?cacheKey=gantry-1785440254:0
[    4905ms] [INFO] Jul-30 23:06:45.735 [API-Q] (T023EV54RR7) noversion-1785445605.735 Flannel permissions/info called with reason: flannel-call:permissions/info @ https://a.slack-edge.com/bv1-13-br/gantry-v2-shared.3421452a627674f7.min.js?cacheKey=gantry-1785440254:0
[    4905ms] [INFO] Jul-30 23:06:45.736 [API-Q] (T023EV54RR7) noversion-1785445605.735 Flannel permissions/info is ENQUEUED @ https://a.slack-edge.com/bv1-13-br/gantry-v2-shared.3421452a627674f7.min.js?cacheKey=gantry-1785440254:0
[    4906ms] [INFO] Jul-30 23:06:45.736 [API-Q] (T023EV54RR7) c891cfd1-1785445605.351 team.targetingCriteria is RESOLVED @ https://a.slack-edge.com/bv1-13-br/gantry-v2-shared.3421452a627674f7.min.js?cacheKey=gantry-1785440254:0
[    4907ms] [INFO] Jul-30 23:06:45.738 [API-Q] (T023EV54RR7) noversion-1785445605.735 Flannel permissions/info is ACTIVE @ https://a.slack-edge.com/bv1-13-br/gantry-v2-shared.3421452a627674f7.min.js?cacheKey=gantry-1785440254:0
[    4931ms] [INFO] Jul-30 23:06:45.762 [API-Q] (T023EV54RR7) c891cfd1-1785445605.341 dnd.info is RESOLVED @ https://a.slack-edge.com/bv1-13-br/gantry-v2-shared.3421452a627674f7.min.js?cacheKey=gantry-1785440254:0
[    4932ms] [INFO] Jul-30 23:06:45.762 [DND] (T023EV54RR7) Fetched DND info for the following member: U07DB40NK51 @ https://a.slack-edge.com/bv1-13-br/gantry-v2-shared.3421452a627674f7.min.js?cacheKey=gantry-1785440254:0
[    4934ms] [INFO] Jul-30 23:06:45.764 [DND_V2] (T023EV54RR7) Not setting a timer as all schedules are stale @ https://a.slack-edge.com/bv1-13-br/gantry-v2-shared.3421452a627674f7.min.js?cacheKey=gantry-1785440254:0
[    4934ms] [INFO] Jul-30 23:06:45.765 [API-Q] (T023EV54RR7) c891cfd1-1785445605.552 users.customStatus.list is ACTIVE @ https://a.slack-edge.com/bv1-13-br/gantry-v2-shared.3421452a627674f7.min.js?cacheKey=gantry-1785440254:0
[    4944ms] [INFO] Jul-30 23:06:45.774 [API-Q] (T023EV54RR7) noversion-1785445605.735 Flannel permissions/info is RESOLVED @ https://a.slack-edge.com/bv1-13-br/gantry-v2-shared.3421452a627674f7.min.js?cacheKey=gantry-1785440254:0
[    4944ms] [INFO] Jul-30 23:06:45.775 [API-Q] (T023EV54RR7) c891cfd1-1785445605.559 calendar.user.info is ACTIVE @ https://a.slack-edge.com/bv1-13-br/gantry-v2-shared.3421452a627674f7.min.js?cacheKey=gantry-1785440254:0
[    4945ms] [INFO] Jul-30 23:06:45.775 [UFM-PERMISSIONS] (T023EV54RR7) received CAN_AT_CHANNEL,CAN_AT_EVERYONE,ARCHIVE_CHANNEL (1) @ https://a.slack-edge.com/bv1-13-br/gantry-v2-shared.3421452a627674f7.min.js?cacheKey=gantry-1785440254:0
[    4969ms] [INFO] Jul-30 23:06:45.800 [API-Q] (T023EV54RR7) c891cfd1-1785445605.335 apps.profile.get is RESOLVED @ https://a.slack-edge.com/bv1-13-br/gantry-v2-shared.3421452a627674f7.min.js?cacheKey=gantry-1785440254:0
[    4970ms] [INFO] Jul-30 23:06:45.800 [API-Q] (T023EV54RR7) c891cfd1-1785445605.690 apps.profile.get is ACTIVE @ https://a.slack-edge.com/bv1-13-br/gantry-v2-shared.3421452a627674f7.min.js?cacheKey=gantry-1785440254:0
[    4981ms] [INFO] Jul-30 23:06:45.812 [API-Q] (T023EV54RR7) c891cfd1-1785445605.397 onboarding.fetch is RESOLVED @ https://a.slack-edge.com/bv1-13-br/gantry-v2-shared.3421452a627674f7.min.js?cacheKey=gantry-1785440254:0
[    4983ms] [INFO] Jul-30 23:06:45.813 [API-Q] (T023EV54RR7) c891cfd1-1785445605.698 conversations.listPrefs is ACTIVE @ https://a.slack-edge.com/bv1-13-br/gantry-v2-shared.3421452a627674f7.min.js?cacheKey=gantry-1785440254:0
[    5005ms] [INFO] Jul-30 23:06:45.836 [API-Q] (T023EV54RR7) c891cfd1-1785445605.534 feature.usage.info is RESOLVED @ https://a.slack-edge.com/bv1-13-br/gantry-v2-shared.3421452a627674f7.min.js?cacheKey=gantry-1785440254:0
[    5068ms] [INFO] Jul-30 23:06:45.898 [DRAFTS] (T023EV54RR7) There are no channels with drafts @ https://a.slack-edge.com/bv1-13-br/gantry-v2-shared.3421452a627674f7.min.js?cacheKey=gantry-1785440254:0
[    5070ms] [INFO] Jul-30 23:06:45.900 [BOOT] (T023EV54RR7) Beaconed client boot mount success @ https://a.slack-edge.com/bv1-13-br/gantry-v2-shared.3421452a627674f7.min.js?cacheKey=gantry-1785440254:0
[    5072ms] [INFO] Jul-30 23:06:45.901 [API-Q] (T023EV54RR7) c891cfd1-1785445605.901 sharedInvites.canGetLink called with reason: sidebar-mount @ https://a.slack-edge.com/bv1-13-br/gantry-v2-shared.3421452a627674f7.min.js?cacheKey=gantry-1785440254:0
[    5073ms] [INFO] Jul-30 23:06:45.903 [API-Q] (T023EV54RR7) c891cfd1-1785445605.901 sharedInvites.canGetLink is ENQUEUED @ https://a.slack-edge.com/bv1-13-br/gantry-v2-shared.3421452a627674f7.min.js?cacheKey=gantry-1785440254:0
[    5098ms] [INFO] Jul-30 23:06:45.928 [API-Q] (T023EV54RR7) c891cfd1-1785445605.928 users.interactions.list called with reason: ai_workspace_resource_tab_coachmark @ https://a.slack-edge.com/bv1-13-br/gantry-v2-shared.3421452a627674f7.min.js?cacheKey=gantry-1785440254:0
[    5098ms] [INFO] Jul-30 23:06:45.929 [API-Q] (T023EV54RR7) c891cfd1-1785445605.928 users.interactions.list is ENQUEUED @ https://a.slack-edge.com/bv1-13-br/gantry-v2-shared.3421452a627674f7.min.js?cacheKey=gantry-1785440254:0
[    5101ms] [INFO] Jul-30 23:06:45.932 [API-Q] (T023EV54RR7) c891cfd1-1785445605.932 apps.home.dispatchOpenEvent called with reason: app-home-logging @ https://a.slack-edge.com/bv1-13-br/gantry-v2-shared.3421452a627674f7.min.js?cacheKey=gantry-1785440254:0
[    5102ms] [INFO] Jul-30 23:06:45.932 [API-Q] (T023EV54RR7) c891cfd1-1785445605.932 apps.home.dispatchOpenEvent is ENQUEUED @ https://a.slack-edge.com/bv1-13-br/gantry-v2-shared.3421452a627674f7.min.js?cacheKey=gantry-1785440254:0
[    5109ms] [INFO] Jul-30 23:06:45.939 [ALLTHREADSROWELEMENT] (T023EV54RR7) From channel badges count, has unreads: false with badge count: 0 @ https://a.slack-edge.com/bv1-13-br/gantry-v2-shared.3421452a627674f7.min.js?cacheKey=gantry-1785440254:0
[    5304ms] [INFO] Jul-30 23:06:46.134 [HISTORY-FETCH] (T023EV54RR7) Fetching history for message pane: D0BMT4F1SL8 oldest: 1785444543.536269 latest: null @ https://a.slack-edge.com/bv1-13-br/gantry-v2-shared.3421452a627674f7.min.js?cacheKey=gantry-1785440254:0
[    5306ms] [INFO] Jul-30 23:06:46.136 [API-Q] (T023EV54RR7) c891cfd1-1785445606.135 conversations.history called with reason: message-pane/requestHistory @ https://a.slack-edge.com/bv1-13-br/gantry-v2-shared.3421452a627674f7.min.js?cacheKey=gantry-1785440254:0
[    5306ms] [INFO] Jul-30 23:06:46.136 [API-Q] (T023EV54RR7) c891cfd1-1785445606.135 conversations.history is ENQUEUED @ https://a.slack-edge.com/bv1-13-br/gantry-v2-shared.3421452a627674f7.min.js?cacheKey=gantry-1785440254:0
[    5345ms] [INFO] Jul-30 23:06:46.175 [API-Q] (T023EV54RR7) c891cfd1-1785445606.174 users.profile.getSections called with reason: profiles @ https://a.slack-edge.com/bv1-13-br/gantry-v2-shared.3421452a627674f7.min.js?cacheKey=gantry-1785440254:0
[    5346ms] [INFO] Jul-30 23:06:46.176 [API-Q] (T023EV54RR7) c891cfd1-1785445606.174 users.profile.getSections is ENQUEUED @ https://a.slack-edge.com/bv1-13-br/gantry-v2-shared.3421452a627674f7.min.js?cacheKey=gantry-1785440254:0
[    5375ms] [INFO] Jul-30 23:06:46.205 [API-Q] (T023EV54RR7) noversion-1785445606.204 Flannel permissions/info called with reason: flannel-call:permissions/info @ https://a.slack-edge.com/bv1-13-br/gantry-v2-shared.3421452a627674f7.min.js?cacheKey=gantry-1785440254:0
[    5375ms] [INFO] Jul-30 23:06:46.205 [API-Q] (T023EV54RR7) noversion-1785445606.204 Flannel permissions/info is ENQUEUED @ https://a.slack-edge.com/bv1-13-br/gantry-v2-shared.3421452a627674f7.min.js?cacheKey=gantry-1785440254:0
[    5377ms] [INFO] Jul-30 23:06:46.207 [API-Q] (T023EV54RR7) c891cfd1-1785445605.901 sharedInvites.canGetLink is ACTIVE @ https://a.slack-edge.com/bv1-13-br/gantry-v2-shared.3421452a627674f7.min.js?cacheKey=gantry-1785440254:0
[    5395ms] [INFO] Jul-30 23:06:46.226 [MESSAGE-LIST] (T023EV54RR7) componentWillReceiveProps isLoading: true isLoadingOlder: false timestamps: 8 @ https://a.slack-edge.com/bv1-13-br/gantry-v2-shared.3421452a627674f7.min.js?cacheKey=gantry-1785440254:0
[    5401ms] [INFO] Jul-30 23:06:46.231 [CHECK-UNREADS] (T023EV54RR7) unreadLineVisible updated in main window container primary: undefined -> false @ https://a.slack-edge.com/bv1-13-br/gantry-v2-shared.3421452a627674f7.min.js?cacheKey=gantry-1785440254:0
[    5431ms] [INFO] Jul-30 23:06:46.261 [API-Q] (T023EV54RR7) c891cfd1-1785445605.334 apps.profile.get is RESOLVED @ https://a.slack-edge.com/bv1-13-br/gantry-v2-shared.3421452a627674f7.min.js?cacheKey=gantry-1785440254:0
[    5433ms] [INFO] Jul-30 23:06:46.264 [API-Q] (T023EV54RR7) noversion-1785445606.204 Flannel permissions/info is ACTIVE @ https://a.slack-edge.com/bv1-13-br/gantry-v2-shared.3421452a627674f7.min.js?cacheKey=gantry-1785440254:0
[    5435ms] [INFO] Jul-30 23:06:46.265 [API-Q] (T023EV54RR7) c891cfd1-1785445605.552 users.customStatus.list is RESOLVED @ https://a.slack-edge.com/bv1-13-br/gantry-v2-shared.3421452a627674f7.min.js?cacheKey=gantry-1785440254:0
[    5437ms] [INFO] Jul-30 23:06:46.268 [API-Q] (T023EV54RR7) c891cfd1-1785445605.928 users.interactions.list is ACTIVE @ https://a.slack-edge.com/bv1-13-br/gantry-v2-shared.3421452a627674f7.min.js?cacheKey=gantry-1785440254:0
[    5439ms] [INFO] Jul-30 23:06:46.269 [API-Q] (T023EV54RR7) c891cfd1-1785445605.378 workflows.triggers.list is RESOLVED @ https://a.slack-edge.com/bv1-13-br/gantry-v2-shared.3421452a627674f7.min.js?cacheKey=gantry-1785440254:0
[    5443ms] [INFO] Jul-30 23:06:46.273 [API-Q] (T023EV54RR7) c891cfd1-1785445605.932 apps.home.dispatchOpenEvent is ACTIVE @ https://a.slack-edge.com/bv1-13-br/gantry-v2-shared.3421452a627674f7.min.js?cacheKey=gantry-1785440254:0
[    5446ms] [INFO] Jul-30 23:06:46.277 [API-Q] (T023EV54RR7) c891cfd1-1785445605.559 calendar.user.info is RESOLVED @ https://a.slack-edge.com/bv1-13-br/gantry-v2-shared.3421452a627674f7.min.js?cacheKey=gantry-1785440254:0
[    5449ms] [INFO] Jul-30 23:06:46.279 [API-Q] (T023EV54RR7) c891cfd1-1785445606.135 conversations.history is ACTIVE @ https://a.slack-edge.com/bv1-13-br/gantry-v2-shared.3421452a627674f7.min.js?cacheKey=gantry-1785440254:0
[    5451ms] [INFO] Jul-30 23:06:46.281 [API-Q] (T023EV54RR7) c891cfd1-1785445606.281 bookmarks.list called with reason: bookmarks-store/conditional-fetching @ https://a.slack-edge.com/bv1-13-br/gantry-v2-shared.3421452a627674f7.min.js?cacheKey=gantry-1785440254:0
[    5452ms] [INFO] Jul-30 23:06:46.282 [API-Q] (T023EV54RR7) c891cfd1-1785445606.281 bookmarks.list is ENQUEUED @ https://a.slack-edge.com/bv1-13-br/gantry-v2-shared.3421452a627674f7.min.js?cacheKey=gantry-1785440254:0
[    5453ms] [INFO] Jul-30 23:06:46.284 [API-Q] (T023EV54RR7) c891cfd1-1785445605.698 conversations.listPrefs is RESOLVED @ https://a.slack-edge.com/bv1-13-br/gantry-v2-shared.3421452a627674f7.min.js?cacheKey=gantry-1785440254:0
[    5456ms] [INFO] Jul-30 23:06:46.286 [API-Q] (T023EV54RR7) c891cfd1-1785445606.174 users.profile.getSections is ACTIVE @ https://a.slack-edge.com/bv1-13-br/gantry-v2-shared.3421452a627674f7.min.js?cacheKey=gantry-1785440254:0
[    5458ms] [INFO] Jul-30 23:06:46.288 [UFM] (T023EV54RR7) requesting C04LNTEFX6X,D0B9WCNHRDG,C0B4FT50MRN,D07DDMHU3N0,C023EV55AGH,D07CWLB1BQF,D07E015C0MN,D0B5PJ7QBLL (1) @ https://a.slack-edge.com/bv1-13-br/gantry-v2-shared.3421452a627674f7.min.js?cacheKey=gantry-1785440254:0
[    5459ms] [INFO] Jul-30 23:06:46.289 [API-Q] (T023EV54RR7) noversion-1785445606.288 Flannel huddles/info called with reason: flannel-call:huddles/info @ https://a.slack-edge.com/bv1-13-br/gantry-v2-shared.3421452a627674f7.min.js?cacheKey=gantry-1785440254:0
[    5459ms] [INFO] Jul-30 23:06:46.289 [API-Q] (T023EV54RR7) noversion-1785445606.288 Flannel huddles/info is ENQUEUED @ https://a.slack-edge.com/bv1-13-br/gantry-v2-shared.3421452a627674f7.min.js?cacheKey=gantry-1785440254:0
[    5461ms] [INFO] Jul-30 23:06:46.291 [API-Q] (T023EV54RR7) noversion-1785445606.291 Flannel users/info called with reason: flannel-call:users/info @ https://a.slack-edge.com/bv1-13-br/gantry-v2-shared.3421452a627674f7.min.js?cacheKey=gantry-1785440254:0
[    5461ms] [INFO] Jul-30 23:06:46.292 [API-Q] (T023EV54RR7) noversion-1785445606.291 Flannel users/info is ENQUEUED @ https://a.slack-edge.com/bv1-13-br/gantry-v2-shared.3421452a627674f7.min.js?cacheKey=gantry-1785440254:0
[    5462ms] [INFO] Jul-30 23:06:46.292 [DND_V2] (T023EV54RR7) fetchAndUpsertDndForUsers - Preparing to fetch DND times for the following members: U03VCUX8XEG,U069V2P34QZ @ https://a.slack-edge.com/bv1-13-br/gantry-v2-shared.3421452a627674f7.min.js?cacheKey=gantry-1785440254:0
[    5463ms] [INFO] Jul-30 23:06:46.293 [API-Q] (T023EV54RR7) c891cfd1-1785445606.293 dnd.teamInfo called with reason: fetchAndUpsertDndForUsers-getDndTimesFor:others @ https://a.slack-edge.com/bv1-13-br/gantry-v2-shared.3421452a627674f7.min.js?cacheKey=gantry-1785440254:0
[    5464ms] [INFO] Jul-30 23:06:46.294 [API-Q] (T023EV54RR7) c891cfd1-1785445606.293 dnd.teamInfo is ENQUEUED @ https://a.slack-edge.com/bv1-13-br/gantry-v2-shared.3421452a627674f7.min.js?cacheKey=gantry-1785440254:0
[    5465ms] [INFO] Jul-30 23:06:46.296 [API-Q] (T023EV54RR7) c891cfd1-1785445605.690 apps.profile.get is RESOLVED @ https://a.slack-edge.com/bv1-13-br/gantry-v2-shared.3421452a627674f7.min.js?cacheKey=gantry-1785440254:0
[    5467ms] [INFO] Jul-30 23:06:46.297 [API-Q] (T023EV54RR7) noversion-1785445606.291 Flannel users/info is ACTIVE @ https://a.slack-edge.com/bv1-13-br/gantry-v2-shared.3421452a627674f7.min.js?cacheKey=gantry-1785440254:0
[    5467ms] [INFO] Jul-30 23:06:46.298 [UFM] (T023EV54RR7) received A0BLHCTS1AT (1) @ https://a.slack-edge.com/bv1-13-br/gantry-v2-shared.3421452a627674f7.min.js?cacheKey=gantry-1785440254:0
[    5470ms] [INFO] Jul-30 23:06:46.301 [API-Q] (T023EV54RR7) c891cfd1-1785445605.536 slackbot.mcp.list is RESOLVED @ https://a.slack-edge.com/bv1-13-br/gantry-v2-shared.3421452a627674f7.min.js?cacheKey=gantry-1785440254:0
[    5473ms] [INFO] Jul-30 23:06:46.303 [API-Q] (T023EV54RR7) noversion-1785445606.288 Flannel huddles/info is ACTIVE @ https://a.slack-edge.com/bv1-13-br/gantry-v2-shared.3421452a627674f7.min.js?cacheKey=gantry-1785440254:0
[    5475ms] [INFO] Jul-30 23:06:46.305 [HISTORY-CFM] (T023EV54RR7) Re-fetching D0BMT4F1SL8 1785432109.452199 - 1785444543.536269 @ https://a.slack-edge.com/bv1-13-br/gantry-v2-shared.3421452a627674f7.min.js?cacheKey=gantry-1785440254:0
[    5477ms] [INFO] Jul-30 23:06:46.307 [API-Q] (T023EV54RR7) c891cfd1-1785445606.306 conversations.history called with reason: channel-history-store.CFM.fetch @ https://a.slack-edge.com/bv1-13-br/gantry-v2-shared.3421452a627674f7.min.js?cacheKey=gantry-1785440254:0
[    5478ms] [INFO] Jul-30 23:06:46.308 [API-Q] (T023EV54RR7) c891cfd1-1785445606.306 conversations.history is ENQUEUED @ https://a.slack-edge.com/bv1-13-br/gantry-v2-shared.3421452a627674f7.min.js?cacheKey=gantry-1785440254:0
[    5479ms] [INFO] Jul-30 23:06:46.310 [API-Q] (T023EV54RR7) c891cfd1-1785445605.335 apps.profile.get is RESOLVED @ https://a.slack-edge.com/bv1-13-br/gantry-v2-shared.3421452a627674f7.min.js?cacheKey=gantry-1785440254:0
[    5481ms] [INFO] Jul-30 23:06:46.312 [API-Q] (T023EV54RR7) c891cfd1-1785445606.281 bookmarks.list is ACTIVE @ https://a.slack-edge.com/bv1-13-br/gantry-v2-shared.3421452a627674f7.min.js?cacheKey=gantry-1785440254:0
[    5557ms] [INFO] Jul-30 23:06:46.387 [API-Q] (T023EV54RR7) c891cfd1-1785445605.015 aiApps.list is RESOLVED @ https://a.slack-edge.com/bv1-13-br/gantry-v2-shared.3421452a627674f7.min.js?cacheKey=gantry-1785440254:0
[    5564ms] [INFO] Jul-30 23:06:46.394 [API-Q] (T023EV54RR7) c891cfd1-1785445606.293 dnd.teamInfo is ACTIVE @ https://a.slack-edge.com/bv1-13-br/gantry-v2-shared.3421452a627674f7.min.js?cacheKey=gantry-1785440254:0
[    5567ms] [INFO] Jul-30 23:06:46.398 [UFM] (T023EV54RR7) requesting A0BLHCTS1AT (1) @ https://a.slack-edge.com/bv1-13-br/gantry-v2-shared.3421452a627674f7.min.js?cacheKey=gantry-1785440254:0
[    5570ms] [INFO] Jul-30 23:06:46.400 [API-Q] (T023EV54RR7) c891cfd1-1785445606.399 apps.profile.get called with reason: fetch-all-apps-by-id @ https://a.slack-edge.com/bv1-13-br/gantry-v2-shared.3421452a627674f7.min.js?cacheKey=gantry-1785440254:0
[    5571ms] [INFO] Jul-30 23:06:46.401 [API-Q] (T023EV54RR7) c891cfd1-1785445606.399 apps.profile.get is ENQUEUED @ https://a.slack-edge.com/bv1-13-br/gantry-v2-shared.3421452a627674f7.min.js?cacheKey=gantry-1785440254:0
[    5572ms] [INFO] Jul-30 23:06:46.403 [API-Q] (T023EV54RR7) noversion-1785445606.204 Flannel permissions/info is RESOLVED @ https://a.slack-edge.com/bv1-13-br/gantry-v2-shared.3421452a627674f7.min.js?cacheKey=gantry-1785440254:0
[    5576ms] [INFO] Jul-30 23:06:46.407 [API-Q] (T023EV54RR7) c891cfd1-1785445606.306 conversations.history is ACTIVE @ https://a.slack-edge.com/bv1-13-br/gantry-v2-shared.3421452a627674f7.min.js?cacheKey=gantry-1785440254:0
[    5578ms] [INFO] Jul-30 23:06:46.408 [API-Q] (T023EV54RR7) noversion-1785445606.291 Flannel users/info is RESOLVED @ https://a.slack-edge.com/bv1-13-br/gantry-v2-shared.3421452a627674f7.min.js?cacheKey=gantry-1785440254:0
[    5579ms] [INFO] Jul-30 23:06:46.409 [API-Q] (T023EV54RR7) c891cfd1-1785445606.399 apps.profile.get is ACTIVE @ https://a.slack-edge.com/bv1-13-br/gantry-v2-shared.3421452a627674f7.min.js?cacheKey=gantry-1785440254:0
[    5593ms] [INFO] Jul-30 23:06:46.423 [API-Q] (T023EV54RR7) noversion-1785445606.288 Flannel huddles/info is RESOLVED @ https://a.slack-edge.com/bv1-13-br/gantry-v2-shared.3421452a627674f7.min.js?cacheKey=gantry-1785440254:0
[    5593ms] [INFO] Jul-30 23:06:46.424 [UFM] (T023EV54RR7) received C04LNTEFX6X,D0B9WCNHRDG,C0B4FT50MRN,D07DDMHU3N0,C023EV55AGH,D07CWLB1BQF,D07E015C0MN,D0B5PJ7QBLL (1) @ https://a.slack-edge.com/bv1-13-br/gantry-v2-shared.3421452a627674f7.min.js?cacheKey=gantry-1785440254:0
[    5597ms] [INFO] Jul-30 23:06:46.428 [API-Q] (T023EV54RR7) c891cfd1-1785445605.901 sharedInvites.canGetLink is RESOLVED @ https://a.slack-edge.com/bv1-13-br/gantry-v2-shared.3421452a627674f7.min.js?cacheKey=gantry-1785440254:0
[    5598ms] [WARNING] Jul-30 23:06:46.429 AVDeviceService [AVDeviceService] [HEALTH] [avds_1785445604881] Invalid device list on attempt 2 (3 devices, none with valid IDs) @ https://a.slack-edge.com/bv1-13-br/gantry-v2-shared.3421452a627674f7.min.js?cacheKey=gantry-1785440254:0
[    5598ms] [INFO] Jul-30 23:06:46.429 [AVDEVICESERVICE] [AVDeviceService] [ACQUISITION] [avds_1785445604881] Retry attempt 2 for enumerateDevices with 750ms delay @ https://a.slack-edge.com/bv1-13-br/gantry-v2-shared.3421452a627674f7.min.js?cacheKey=gantry-1785440254:0
[    5643ms] [INFO] Jul-30 23:06:46.473 [API-Q] (T023EV54RR7) c891cfd1-1785445605.928 users.interactions.list is RESOLVED @ https://a.slack-edge.com/bv1-13-br/gantry-v2-shared.3421452a627674f7.min.js?cacheKey=gantry-1785440254:0
[    5645ms] [INFO] Jul-30 23:06:46.476 [API-Q] (T023EV54RR7) c891cfd1-1785445606.135 conversations.history is RESOLVED @ https://a.slack-edge.com/bv1-13-br/gantry-v2-shared.3421452a627674f7.min.js?cacheKey=gantry-1785440254:0
[    5646ms] [INFO] Jul-30 23:06:46.476 [PLATFORM-CHANNEL-ACTI] (T023EV54RR7) Not updating count for channel D0BMT4F1SL8, as count was already set to 0 @ https://a.slack-edge.com/bv1-13-br/gantry-v2-shared.3421452a627674f7.min.js?cacheKey=gantry-1785440254:0
[    5648ms] [INFO] Jul-30 23:06:46.478 [PINS] (T023EV54RR7) Pins count updated for channel D0BMT4F1SL8: 0 @ https://a.slack-edge.com/bv1-13-br/gantry-v2-shared.3421452a627674f7.min.js?cacheKey=gantry-1785440254:0
[    5649ms] [INFO] Jul-30 23:06:46.479 [API-Q] (T023EV54RR7) c891cfd1-1785445606.174 users.profile.getSections is RESOLVED @ https://a.slack-edge.com/bv1-13-br/gantry-v2-shared.3421452a627674f7.min.js?cacheKey=gantry-1785440254:0
[    5650ms] [INFO] Jul-30 23:06:46.480 [API-Q] (T023EV54RR7) c891cfd1-1785445606.281 bookmarks.list is RESOLVED @ https://a.slack-edge.com/bv1-13-br/gantry-v2-shared.3421452a627674f7.min.js?cacheKey=gantry-1785440254:0
[    5658ms] [INFO] Jul-30 23:06:46.488 [MESSAGE-LIST] (T023EV54RR7) componentWillReceiveProps isLoading: false isLoadingOlder: false timestamps: 8 @ https://a.slack-edge.com/bv1-13-br/gantry-v2-shared.3421452a627674f7.min.js?cacheKey=gantry-1785440254:0
[    5665ms] [INFO] Jul-30 23:06:46.496 [CHECK-UNREADS] (T023EV54RR7) unreadLineVisible updated in main window container primary: false -> true @ https://a.slack-edge.com/bv1-13-br/gantry-v2-shared.3421452a627674f7.min.js?cacheKey=gantry-1785440254:0
[    5691ms] [INFO] Jul-30 23:06:46.521 [PERSIST] (T023EV54RR7) Successfully persisted state @ https://a.slack-edge.com/bv1-13-br/gantry-v2-shared.3421452a627674f7.min.js?cacheKey=gantry-1785440254:0
[    5707ms] [INFO] Jul-30 23:06:46.538 [API-Q] (T023EV54RR7) c891cfd1-1785445605.932 apps.home.dispatchOpenEvent is RESOLVED @ https://a.slack-edge.com/bv1-13-br/gantry-v2-shared.3421452a627674f7.min.js?cacheKey=gantry-1785440254:0
[    5716ms] [INFO] Jul-30 23:06:46.547 [API-Q] (T023EV54RR7) c891cfd1-1785445606.293 dnd.teamInfo is RESOLVED @ https://a.slack-edge.com/bv1-13-br/gantry-v2-shared.3421452a627674f7.min.js?cacheKey=gantry-1785440254:0
[    5717ms] [INFO] Jul-30 23:06:46.547 [DND] (T023EV54RR7) Fetched DND info for the following members: U03VCUX8XEG,U069V2P34QZ @ https://a.slack-edge.com/bv1-13-br/gantry-v2-shared.3421452a627674f7.min.js?cacheKey=gantry-1785440254:0
[    5719ms] [INFO] Jul-30 23:06:46.549 [DND_V2] (T023EV54RR7) Will check for changes in DND status again in 5 minutes @ https://a.slack-edge.com/bv1-13-br/gantry-v2-shared.3421452a627674f7.min.js?cacheKey=gantry-1785440254:0
[    5742ms] [INFO] Jul-30 23:06:46.572 [API-Q] (T023EV54RR7) c891cfd1-1785445606.306 conversations.history is RESOLVED @ https://a.slack-edge.com/bv1-13-br/gantry-v2-shared.3421452a627674f7.min.js?cacheKey=gantry-1785440254:0
[    5742ms] [INFO] Jul-30 23:06:46.572 [PLATFORM-CHANNEL-ACTI] (T023EV54RR7) Not updating count for channel D0BMT4F1SL8, as count was already set to 0 @ https://a.slack-edge.com/bv1-13-br/gantry-v2-shared.3421452a627674f7.min.js?cacheKey=gantry-1785440254:0
[    5775ms] [INFO] Jul-30 23:06:46.605 [API-Q] (T023EV54RR7) c891cfd1-1785445606.399 apps.profile.get is RESOLVED @ https://a.slack-edge.com/bv1-13-br/gantry-v2-shared.3421452a627674f7.min.js?cacheKey=gantry-1785440254:0
[    5775ms] [INFO] Jul-30 23:06:46.606 [UFM] (T023EV54RR7) received A0BLHCTS1AT (1) @ https://a.slack-edge.com/bv1-13-br/gantry-v2-shared.3421452a627674f7.min.js?cacheKey=gantry-1785440254:0
[    6358ms] [WARNING] Jul-30 23:06:47.188 AVDeviceService [AVDeviceService] [HEALTH] [avds_1785445604881] Invalid device list on attempt 3 (3 devices, none with valid IDs) @ https://a.slack-edge.com/bv1-13-br/gantry-v2-shared.3421452a627674f7.min.js?cacheKey=gantry-1785440254:0
[    6359ms] [INFO] Jul-30 23:06:47.190 [AVDEVICESERVICE] [AVDeviceService] [ACQUISITION] [avds_1785445604881] Retry attempt 3 for enumerateDevices with 1000ms delay @ https://a.slack-edge.com/bv1-13-br/gantry-v2-shared.3421452a627674f7.min.js?cacheKey=gantry-1785440254:0
[    7366ms] [WARNING] Jul-30 23:06:48.196 AVDeviceService [AVDeviceService] [HEALTH] [avds_1785445604881] Invalid device list on attempt 4 (3 devices, none with valid IDs) @ https://a.slack-edge.com/bv1-13-br/gantry-v2-shared.3421452a627674f7.min.js?cacheKey=gantry-1785440254:0
[    7366ms] [ERROR] Jul-30 23:06:48.197 AVDeviceService (?) [AVDeviceService] [ACQUISITION] [avds_1785445604881] Failed to get valid device list after 4 attempts @ https://a.slack-edge.com/bv1-13-br/gantry-v2-shared.3421452a627674f7.min.js?cacheKey=gantry-1785440254:0
[    7369ms] [INFO] Jul-30 23:06:48.200 [AVDEVICESERVICE] [AVDeviceService] [DEVICE_LIST] [avds_1785445604881] Enumerated 3 devices (deviceCount=3, devices=audioinput: "", videoinput: "", audiooutput: "") @ https://a.slack-edge.com/bv1-13-br/gantry-v2-shared.3421452a627674f7.min.js?cacheKey=gantry-1785440254:0
[    7370ms] [INFO] Jul-30 23:06:48.200 [DEVICE-PREFS] Device list validation result: false @ https://a.slack-edge.com/bv1-13-br/gantry-v2-shared.3421452a627674f7.min.js?cacheKey=gantry-1785440254:0
[    7370ms] [INFO] Jul-30 23:06:48.200 [DEVICE-PREFS] Device list updated [Object, Object, Object] @ https://a.slack-edge.com/bv1-13-br/gantry-v2-shared.3421452a627674f7.min.js?cacheKey=gantry-1785440254:0
[    7370ms] [INFO] Jul-30 23:06:48.201 [DEVICE-PREFS] Processing device list [Object, Object, Object] @ https://a.slack-edge.com/bv1-13-br/gantry-v2-shared.3421452a627674f7.min.js?cacheKey=gantry-1785440254:0
[    7371ms] [WARNING] Jul-30 23:06:48.201 DEVICE-PREFS Preferred audioinput device (default) not found. Resetting to OS default. @ https://a.slack-edge.com/bv1-13-br/gantry-v2-shared.3421452a627674f7.min.js?cacheKey=gantry-1785440254:0
[    7371ms] [WARNING] Jul-30 23:06:48.202 DEVICE-PREFS Preferred audiooutput device (default) not found. Resetting to OS default. @ https://a.slack-edge.com/bv1-13-br/gantry-v2-shared.3421452a627674f7.min.js?cacheKey=gantry-1785440254:0
[    7371ms] [INFO] Jul-30 23:06:48.202 [DEVICE-PREFS] Device list processing complete @ https://a.slack-edge.com/bv1-13-br/gantry-v2-shared.3421452a627674f7.min.js?cacheKey=gantry-1785440254:0
[    7371ms] [INFO] Jul-30 23:06:48.202 [DEVICE-PREFS] Device list change handler updated @ https://a.slack-edge.com/bv1-13-br/gantry-v2-shared.3421452a627674f7.min.js?cacheKey=gantry-1785440254:0
[    7372ms] [INFO] Jul-30 23:06:48.202 [DEVICE-PREFS] Device preferences manager initialized @ https://a.slack-edge.com/bv1-13-br/gantry-v2-shared.3421452a627674f7.min.js?cacheKey=gantry-1785440254:0
[    7372ms] [INFO] Jul-30 23:06:48.202 [DEVICE-PREFS] Analyzing stored device records @ https://a.slack-edge.com/bv1-13-br/gantry-v2-shared.3421452a627674f7.min.js?cacheKey=gantry-1785440254:0
[    7372ms] [INFO] Jul-30 23:06:48.203 [DEVICE-PREFS] Returning all records for initialization analyses @ https://a.slack-edge.com/bv1-13-br/gantry-v2-shared.3421452a627674f7.min.js?cacheKey=gantry-1785440254:0
[    7372ms] [INFO] Jul-30 23:06:48.203 [DEVICE-PREFS] Device selection records analysis: {totalRecords: 0, webAudioDevices: 0, webAudioSelectedDevices: 0, webAudioUsedDevices: 0, microphoneCount: 0} @ https://a.slack-edge.com/bv1-13-br/gantry-v2-shared.3421452a627674f7.min.js?cacheKey=gantry-1785440254:0
[    7372ms] [INFO] Jul-30 23:06:48.203 [(?)] Device preferences manager initialized @ https://a.slack-edge.com/bv1-13-br/gantry-v2-shared.3421452a627674f7.min.js?cacheKey=gantry-1785440254:0
[    7672ms] [INFO] Jul-30 23:06:48.502 [DEVICE-PREFS] Propagating device selection history update @ https://a.slack-edge.com/bv1-13-br/gantry-v2-shared.3421452a627674f7.min.js?cacheKey=gantry-1785440254:0
[    7673ms] [WARNING] Jul-30 23:06:48.503 (?) preferred device for audioinput does not exist skipping setting preferred device in huddle @ https://a.slack-edge.com/bv1-13-br/gantry-v2-shared.3421452a627674f7.min.js?cacheKey=gantry-1785440254:0
[    7673ms] [WARNING] Jul-30 23:06:48.503 (?) preferred device for audiooutput does not exist skipping setting preferred device in huddle @ https://a.slack-edge.com/bv1-13-br/gantry-v2-shared.3421452a627674f7.min.js?cacheKey=gantry-1785440254:0
[    7673ms] [WARNING] Jul-30 23:06:48.503 (?) preferred device for videoinput does not exist skipping setting preferred device in huddle @ https://a.slack-edge.com/bv1-13-br/gantry-v2-shared.3421452a627674f7.min.js?cacheKey=gantry-1785440254:0
[    9047ms] [INFO] Jul-30 23:06:49.878 [DEVICE-PERMISSIONS-MA] Refreshing all permissions @ https://a.slack-edge.com/bv1-13-br/gantry-v2-shared.3421452a627674f7.min.js?cacheKey=gantry-1785440254:0
[    9050ms] [WARNING] Jul-30 23:06:49.880 AVDeviceService [AVDeviceService] [HEALTH] [avds_1785445604881] Invalid device list on attempt 1 (3 devices, none with valid IDs) @ https://a.slack-edge.com/bv1-13-br/gantry-v2-shared.3421452a627674f7.min.js?cacheKey=gantry-1785440254:0
[    9050ms] [INFO] Jul-30 23:06:49.880 [AVDEVICESERVICE] [AVDeviceService] [ACQUISITION] [avds_1785445604881] Retry attempt 1 for enumerateDevices with 500ms delay @ https://a.slack-edge.com/bv1-13-br/gantry-v2-shared.3421452a627674f7.min.js?cacheKey=gantry-1785440254:0
[    9553ms] [WARNING] Jul-30 23:06:50.383 AVDeviceService [AVDeviceService] [HEALTH] [avds_1785445604881] Invalid device list on attempt 2 (3 devices, none with valid IDs) @ https://a.slack-edge.com/bv1-13-br/gantry-v2-shared.3421452a627674f7.min.js?cacheKey=gantry-1785440254:0
[    9553ms] [INFO] Jul-30 23:06:50.383 [AVDEVICESERVICE] [AVDeviceService] [ACQUISITION] [avds_1785445604881] Retry attempt 2 for enumerateDevices with 750ms delay @ https://a.slack-edge.com/bv1-13-br/gantry-v2-shared.3421452a627674f7.min.js?cacheKey=gantry-1785440254:0
[   10306ms] [WARNING] Jul-30 23:06:51.136 AVDeviceService [AVDeviceService] [HEALTH] [avds_1785445604881] Invalid device list on attempt 3 (3 devices, none with valid IDs) @ https://a.slack-edge.com/bv1-13-br/gantry-v2-shared.3421452a627674f7.min.js?cacheKey=gantry-1785440254:0
[   10306ms] [INFO] Jul-30 23:06:51.136 [AVDEVICESERVICE] [AVDeviceService] [ACQUISITION] [avds_1785445604881] Retry attempt 3 for enumerateDevices with 1000ms delay @ https://a.slack-edge.com/bv1-13-br/gantry-v2-shared.3421452a627674f7.min.js?cacheKey=gantry-1785440254:0
[   11308ms] [WARNING] Jul-30 23:06:52.139 AVDeviceService [AVDeviceService] [HEALTH] [avds_1785445604881] Invalid device list on attempt 4 (3 devices, none with valid IDs) @ https://a.slack-edge.com/bv1-13-br/gantry-v2-shared.3421452a627674f7.min.js?cacheKey=gantry-1785440254:0
[   11309ms] [ERROR] Jul-30 23:06:52.139 AVDeviceService (?) [AVDeviceService] [ACQUISITION] [avds_1785445604881] Failed to get valid device list after 4 attempts @ https://a.slack-edge.com/bv1-13-br/gantry-v2-shared.3421452a627674f7.min.js?cacheKey=gantry-1785440254:0
[   11309ms] [INFO] Jul-30 23:06:52.140 [AVDEVICESERVICE] [AVDeviceService] [DEVICE_LIST] [avds_1785445604881] Enumerated 3 devices (deviceCount=3, devices=audioinput: "", videoinput: "", audiooutput: "") @ https://a.slack-edge.com/bv1-13-br/gantry-v2-shared.3421452a627674f7.min.js?cacheKey=gantry-1785440254:0
[   11311ms] [INFO] Jul-30 23:06:52.141 [DEVICE-PERMISSIONS-MA] Received microphone access status for browser: prompt @ https://a.slack-edge.com/bv1-13-br/gantry-v2-shared.3421452a627674f7.min.js?cacheKey=gantry-1785440254:0
[   11311ms] [INFO] Jul-30 23:06:52.142 [DEVICE-PERMISSIONS-MA] Received camera access status for browser: prompt @ https://a.slack-edge.com/bv1-13-br/gantry-v2-shared.3421452a627674f7.min.js?cacheKey=gantry-1785440254:0
[   11312ms] [INFO] Jul-30 23:06:52.142 [DEVICE-PERMISSIONS-MA] Received screen access status for browser: prompt @ https://a.slack-edge.com/bv1-13-br/gantry-v2-shared.3421452a627674f7.min.js?cacheKey=gantry-1785440254:0
[   15986ms] [INFO] Jul-30 23:06:56.816 [QUIP] (T023EV54RR7) Initializing Collab SDK client: preload @ https://a.slack-edge.com/bv1-13-br/gantry-v2-shared.3421452a627674f7.min.js?cacheKey=gantry-1785440254:0
[   15996ms] [LOG] [WD] All assets have reported back; s: 16; f: 0 @ https://app.slack.com/client/T023EV54RR7:0
[   16295ms] [INFO] [QUIP] SystemJS Fork initialized 1785445617125-0.12271566355986241 @ https://a.slack-edge.com/canvas_blob/RxnEyllqIW_9mizf1vEgeA-module-loader:0
[   16349ms] [INFO] [Diagnostics] Adding window recorder 7f71d7f8132b493c8b117c55e @ https://a.slack-edge.com/canvas_blob/TwIey7se6mQ0_u3Pa4Mm9Q:1
[   16416ms] [INFO] Jul-30 23:06:57.245 [QUIP] (T023EV54RR7) {type: set_current_user_id, timestamp_ms: 1785445617243, user_id: SaM9EAsRpWG} @ https://a.slack-edge.com/bv1-13-br/gantry-v2-shared.3421452a627674f7.min.js?cacheKey=gantry-1785440254:0
[   16419ms] [WARNING] Jul-30 23:06:57.249 TRACER (T023EV54RR7) (canvas:collab-init) was forced closed and marked with the _flush=true tag. @ https://a.slack-edge.com/bv1-13-br/gantry-v2-shared.3421452a627674f7.min.js?cacheKey=gantry-1785440254:0
[   16419ms] [WARNING] Jul-30 23:06:57.249 TRACER (T023EV54RR7) (canvas:await-callback) was forced closed and marked with the _flush=true tag. @ https://a.slack-edge.com/bv1-13-br/gantry-v2-shared.3421452a627674f7.min.js?cacheKey=gantry-1785440254:0
[   16734ms] [LOG] [CRDT] Automerge loaded. @ https://a.slack-edge.com/canvas_blob/TwIey7se6mQ0_u3Pa4Mm9Q:1
[   32495ms] [INFO] Jul-30 23:07:13.326 [TABCOMPLETE] (T023EV54RR7) start search with 25 char query @ https://a.slack-edge.com/bv1-13-br/gantry-v2-shared.3421452a627674f7.min.js?cacheKey=gantry-1785440254:0
[   32502ms] [INFO] Jul-30 23:07:13.331 [API-Q] (T023EV54RR7) c891cfd1-1785445633.330 search.autocomplete.triggers called with reason: slash-command-menu @ https://a.slack-edge.com/bv1-13-br/gantry-v2-shared.3421452a627674f7.min.js?cacheKey=gantry-1785440254:0
[   32502ms] [INFO] Jul-30 23:07:13.333 [API-Q] (T023EV54RR7) c891cfd1-1785445633.330 search.autocomplete.triggers is ENQUEUED @ https://a.slack-edge.com/bv1-13-br/gantry-v2-shared.3421452a627674f7.min.js?cacheKey=gantry-1785440254:0
[   32523ms] [INFO] Jul-30 23:07:13.354 [API-Q] (T023EV54RR7) c891cfd1-1785445633.330 search.autocomplete.triggers is ACTIVE @ https://a.slack-edge.com/bv1-13-br/gantry-v2-shared.3421452a627674f7.min.js?cacheKey=gantry-1785440254:0
[   32528ms] [INFO] Jul-30 23:07:13.358 [API-Q] (T023EV54RR7) c891cfd1-1785445633.358 search.autocomplete.offlineFeatures called with reason: search-offline-features @ https://a.slack-edge.com/bv1-13-br/gantry-v2-shared.3421452a627674f7.min.js?cacheKey=gantry-1785440254:0
[   32529ms] [INFO] Jul-30 23:07:13.359 [API-Q] (T023EV54RR7) c891cfd1-1785445633.358 search.autocomplete.offlineFeatures is ENQUEUED @ https://a.slack-edge.com/bv1-13-br/gantry-v2-shared.3421452a627674f7.min.js?cacheKey=gantry-1785440254:0
[   32531ms] [INFO] Jul-30 23:07:13.362 [API-Q] (T023EV54RR7) c891cfd1-1785445633.358 search.autocomplete.offlineFeatures is ACTIVE @ https://a.slack-edge.com/bv1-13-br/gantry-v2-shared.3421452a627674f7.min.js?cacheKey=gantry-1785440254:0
[   32534ms] [INFO] Jul-30 23:07:13.364 [API-Q] (T023EV54RR7) c891cfd1-1785445633.364 search.autocomplete.model called with reason: AutocompleteModelCache @ https://a.slack-edge.com/bv1-13-br/gantry-v2-shared.3421452a627674f7.min.js?cacheKey=gantry-1785440254:0
[   32534ms] [INFO] Jul-30 23:07:13.365 [API-Q] (T023EV54RR7) c891cfd1-1785445633.364 search.autocomplete.model is ENQUEUED @ https://a.slack-edge.com/bv1-13-br/gantry-v2-shared.3421452a627674f7.min.js?cacheKey=gantry-1785440254:0
[   32536ms] [INFO] Jul-30 23:07:13.366 [API-Q] (T023EV54RR7) c891cfd1-1785445633.366 search.autocomplete.intentModel called with reason: AutocompleteModelCache @ https://a.slack-edge.com/bv1-13-br/gantry-v2-shared.3421452a627674f7.min.js?cacheKey=gantry-1785440254:0
[   32536ms] [INFO] Jul-30 23:07:13.366 [API-Q] (T023EV54RR7) c891cfd1-1785445633.366 search.autocomplete.intentModel is ENQUEUED @ https://a.slack-edge.com/bv1-13-br/gantry-v2-shared.3421452a627674f7.min.js?cacheKey=gantry-1785440254:0
[   32545ms] [INFO] Jul-30 23:07:13.375 [API-Q] (T023EV54RR7) c891cfd1-1785445633.364 search.autocomplete.model is ACTIVE @ https://a.slack-edge.com/bv1-13-br/gantry-v2-shared.3421452a627674f7.min.js?cacheKey=gantry-1785440254:0
[   32545ms] [INFO] Jul-30 23:07:13.376 [API-Q] (T023EV54RR7) c891cfd1-1785445633.366 search.autocomplete.intentModel is ACTIVE @ https://a.slack-edge.com/bv1-13-br/gantry-v2-shared.3421452a627674f7.min.js?cacheKey=gantry-1785440254:0
[   32547ms] [INFO] Jul-30 23:07:13.377 [TABCOMPLETE] (T023EV54RR7) end search with 25 char query @ https://a.slack-edge.com/bv1-13-br/gantry-v2-shared.3421452a627674f7.min.js?cacheKey=gantry-1785440254:0
[   32574ms] [INFO] Jul-30 23:07:13.404 [UFM-PERMISSIONS] (T023EV54RR7) requesting SET_CHANNEL_TOPIC (1) @ https://a.slack-edge.com/bv1-13-br/gantry-v2-shared.3421452a627674f7.min.js?cacheKey=gantry-1785440254:0
[   32575ms] [INFO] Jul-30 23:07:13.406 [API-Q] (T023EV54RR7) noversion-1785445633.405 Flannel permissions/info called with reason: flannel-call:permissions/info @ https://a.slack-edge.com/bv1-13-br/gantry-v2-shared.3421452a627674f7.min.js?cacheKey=gantry-1785440254:0
[   32576ms] [INFO] Jul-30 23:07:13.406 [API-Q] (T023EV54RR7) noversion-1785445633.405 Flannel permissions/info is ENQUEUED @ https://a.slack-edge.com/bv1-13-br/gantry-v2-shared.3421452a627674f7.min.js?cacheKey=gantry-1785440254:0
[   32577ms] [INFO] Jul-30 23:07:13.407 [API-Q] (T023EV54RR7) noversion-1785445633.405 Flannel permissions/info is ACTIVE @ https://a.slack-edge.com/bv1-13-br/gantry-v2-shared.3421452a627674f7.min.js?cacheKey=gantry-1785440254:0
[   32577ms] [INFO] Jul-30 23:07:13.407 [UFM] (T023EV54RR7) requesting AFV5ECLBZ,AJBCW09GU,A01BP7R4KNY,A0F82E57C,A53TM6XA9,A6NL8MJ6Q (1) @ https://a.slack-edge.com/bv1-13-br/gantry-v2-shared.3421452a627674f7.min.js?cacheKey=gantry-1785440254:0
[   32578ms] [INFO] Jul-30 23:07:13.408 [API-Q] (T023EV54RR7) noversion-1785445633.408 Flannel apps/info called with reason: flannel-call:apps/info @ https://a.slack-edge.com/bv1-13-br/gantry-v2-shared.3421452a627674f7.min.js?cacheKey=gantry-1785440254:0
[   32578ms] [INFO] Jul-30 23:07:13.408 [API-Q] (T023EV54RR7) noversion-1785445633.408 Flannel apps/info is ENQUEUED @ https://a.slack-edge.com/bv1-13-br/gantry-v2-shared.3421452a627674f7.min.js?cacheKey=gantry-1785440254:0
[   32579ms] [INFO] Jul-30 23:07:13.409 [API-Q] (T023EV54RR7) noversion-1785445633.408 Flannel apps/info is ACTIVE @ https://a.slack-edge.com/bv1-13-br/gantry-v2-shared.3421452a627674f7.min.js?cacheKey=gantry-1785440254:0
[   32591ms] [INFO] Jul-30 23:07:13.421 [MESSAGEPANEINPUT] (T023EV54RR7) Initiating message sending @ https://a.slack-edge.com/bv1-13-br/gantry-v2-shared.3421452a627674f7.min.js?cacheKey=gantry-1785440254:0
[   32592ms] [INFO] Jul-30 23:07:13.423 [DRAFTS] (T023EV54RR7) Clearing a local draft - D0BMT4F1SL8 @ https://a.slack-edge.com/bv1-13-br/gantry-v2-shared.3421452a627674f7.min.js?cacheKey=gantry-1785440254:0
[   32616ms] [INFO] Jul-30 23:07:13.446 [SLASH-COMMAND] (T023EV54RR7) Looks like a slash command; attempt to parse and execute @ https://a.slack-edge.com/bv1-13-br/gantry-v2-shared.3421452a627674f7.min.js?cacheKey=gantry-1785440254:0
[   32618ms] [INFO] Jul-30 23:07:13.449 [SLASH-COMMAND] (T023EV54RR7) Command "/stas" is PENDING @ https://a.slack-edge.com/bv1-13-br/gantry-v2-shared.3421452a627674f7.min.js?cacheKey=gantry-1785440254:0
[   32621ms] [INFO] Jul-30 23:07:13.451 [API-Q] (T023EV54RR7) c891cfd1-1785445633.451 chat.command called with reason: executeCommand @ https://a.slack-edge.com/bv1-13-br/gantry-v2-shared.3421452a627674f7.min.js?cacheKey=gantry-1785440254:0
[   32621ms] [INFO] Jul-30 23:07:13.451 [API-Q] (T023EV54RR7) c891cfd1-1785445633.451 chat.command is ENQUEUED @ https://a.slack-edge.com/bv1-13-br/gantry-v2-shared.3421452a627674f7.min.js?cacheKey=gantry-1785440254:0
[   32626ms] [INFO] Jul-30 23:07:13.457 [API-Q] (T023EV54RR7) c891cfd1-1785445633.451 chat.command is ACTIVE @ https://a.slack-edge.com/bv1-13-br/gantry-v2-shared.3421452a627674f7.min.js?cacheKey=gantry-1785440254:0
[   32650ms] [INFO] Jul-30 23:07:13.481 [API-Q] (T023EV54RR7) noversion-1785445633.408 Flannel apps/info is RESOLVED @ https://a.slack-edge.com/bv1-13-br/gantry-v2-shared.3421452a627674f7.min.js?cacheKey=gantry-1785440254:0
[   32651ms] [INFO] Jul-30 23:07:13.481 [UFM] (T023EV54RR7) received AFV5ECLBZ,AJBCW09GU,A01BP7R4KNY,A0F82E57C,A53TM6XA9,A6NL8MJ6Q (1) @ https://a.slack-edge.com/bv1-13-br/gantry-v2-shared.3421452a627674f7.min.js?cacheKey=gantry-1785440254:0
[   32652ms] [WARNING] Jul-30 23:07:13.482 UFM (T023EV54RR7) UnknownFetchManager requested 6 objects but received 4. Missing objects: A0F82E57C,A53TM6XA9 @ https://a.slack-edge.com/bv1-13-br/gantry-v2-shared.3421452a627674f7.min.js?cacheKey=gantry-1785440254:0
[   32653ms] [INFO] Jul-30 23:07:13.483 [API-Q] (T023EV54RR7) noversion-1785445633.405 Flannel permissions/info is RESOLVED @ https://a.slack-edge.com/bv1-13-br/gantry-v2-shared.3421452a627674f7.min.js?cacheKey=gantry-1785440254:0
[   32653ms] [INFO] Jul-30 23:07:13.483 [UFM-PERMISSIONS] (T023EV54RR7) received SET_CHANNEL_TOPIC (1) @ https://a.slack-edge.com/bv1-13-br/gantry-v2-shared.3421452a627674f7.min.js?cacheKey=gantry-1785440254:0
[   32672ms] [INFO] Jul-30 23:07:13.502 [API-Q] (T023EV54RR7) c891cfd1-1785445633.358 search.autocomplete.offlineFeatures is RESOLVED @ https://a.slack-edge.com/bv1-13-br/gantry-v2-shared.3421452a627674f7.min.js?cacheKey=gantry-1785440254:0
[   32680ms] [INFO] Jul-30 23:07:13.511 [API-Q] (T023EV54RR7) c891cfd1-1785445633.364 search.autocomplete.model is RESOLVED @ https://a.slack-edge.com/bv1-13-br/gantry-v2-shared.3421452a627674f7.min.js?cacheKey=gantry-1785440254:0
[   32681ms] [INFO] Jul-30 23:07:13.512 [API-Q] (T023EV54RR7) c891cfd1-1785445633.366 search.autocomplete.intentModel is RESOLVED @ https://a.slack-edge.com/bv1-13-br/gantry-v2-shared.3421452a627674f7.min.js?cacheKey=gantry-1785440254:0
[   32688ms] [INFO] Jul-30 23:07:13.519 [API-Q] (T023EV54RR7) c891cfd1-1785445633.330 search.autocomplete.triggers is RESOLVED @ https://a.slack-edge.com/bv1-13-br/gantry-v2-shared.3421452a627674f7.min.js?cacheKey=gantry-1785440254:0
[   32919ms] [INFO] Jul-30 23:07:13.749 [API-Q] (T023EV54RR7) c891cfd1-1785445633.451 chat.command is RESOLVED @ https://a.slack-edge.com/bv1-13-br/gantry-v2-shared.3421452a627674f7.min.js?cacheKey=gantry-1785440254:0
[   32919ms] [INFO] Jul-30 23:07:13.749 [SLASH-COMMAND] (T023EV54RR7) Command "/stas" RESOLVED @ https://a.slack-edge.com/bv1-13-br/gantry-v2-shared.3421452a627674f7.min.js?cacheKey=gantry-1785440254:0
[   33000ms] [INFO] Jul-30 23:07:13.830 [NOTIFICATIONS] (T023EV54RR7) shouldShowNotificationForDirectMessage: '15' @ https://a.slack-edge.com/bv1-13-br/gantry-v2-shared.3421452a627674f7.min.js?cacheKey=gantry-1785440254:0
[   33000ms] [WARNING] Jul-30 23:07:13.831 NOTIFICATIONS (T023EV54RR7) Notification (message) suppressed because:
The user did not grant permission to show notifications @ https://a.slack-edge.com/bv1-13-br/gantry-v2-shared.3421452a627674f7.min.js?cacheKey=gantry-1785440254:0
[   33004ms] [INFO] Jul-30 23:07:13.834 [COUNTS] (T023EV54RR7) Updated unread_cnt for D0BMT4F1SL8: 1 @ https://a.slack-edge.com/bv1-13-br/gantry-v2-shared.3421452a627674f7.min.js?cacheKey=gantry-1785440254:0
[   33086ms] [INFO] Jul-30 23:07:13.917 [DND_V2] (T023EV54RR7) fetchAndUpsertDndForUsers - Preparing to fetch DND times for the following members: X00000000 @ https://a.slack-edge.com/bv1-13-br/gantry-v2-shared.3421452a627674f7.min.js?cacheKey=gantry-1785440254:0
[   33087ms] [INFO] Jul-30 23:07:13.917 [API-Q] (T023EV54RR7) c891cfd1-1785445633.917 dnd.teamInfo called with reason: fetchAndUpsertDndForUsers-getDndTimesFor:others @ https://a.slack-edge.com/bv1-13-br/gantry-v2-shared.3421452a627674f7.min.js?cacheKey=gantry-1785440254:0
[   33087ms] [INFO] Jul-30 23:07:13.918 [API-Q] (T023EV54RR7) c891cfd1-1785445633.917 dnd.teamInfo is ENQUEUED @ https://a.slack-edge.com/bv1-13-br/gantry-v2-shared.3421452a627674f7.min.js?cacheKey=gantry-1785440254:0
[   33088ms] [INFO] Jul-30 23:07:13.919 [API-Q] (T023EV54RR7) c891cfd1-1785445633.917 dnd.teamInfo is ACTIVE @ https://a.slack-edge.com/bv1-13-br/gantry-v2-shared.3421452a627674f7.min.js?cacheKey=gantry-1785440254:0
[   33105ms] [INFO] Jul-30 23:07:13.935 [NOTIFICATIONS] (T023EV54RR7) shouldShowNotificationForDirectMessage: '15' @ https://a.slack-edge.com/bv1-13-br/gantry-v2-shared.3421452a627674f7.min.js?cacheKey=gantry-1785440254:0
[   33206ms] [INFO] Jul-30 23:07:14.037 [RTM-BADGE-COUNTS-UPDA] (T023EV54RR7) badge_counts_updated @ https://a.slack-edge.com/bv1-13-br/gantry-v2-shared.3421452a627674f7.min.js?cacheKey=gantry-1785440254:0
[   33208ms] [INFO] Jul-30 23:07:14.038 [RTM-ACTIVITY] (T023EV54RR7) RTM-ACTIVITY activity_updated @ https://a.slack-edge.com/bv1-13-br/gantry-v2-shared.3421452a627674f7.min.js?cacheKey=gantry-1785440254:0
[   33208ms] [INFO] Jul-30 23:07:14.038 [RTM-ACTIVITY] (T023EV54RR7) received invalid activity_updated event with entryType bot_dm @ https://a.slack-edge.com/bv1-13-br/gantry-v2-shared.3421452a627674f7.min.js?cacheKey=gantry-1785440254:0
[   33208ms] [INFO] Jul-30 23:07:14.039 [RTM-ACTIVITY] (T023EV54RR7) RTM-ACTIVITY activity_updated @ https://a.slack-edge.com/bv1-13-br/gantry-v2-shared.3421452a627674f7.min.js?cacheKey=gantry-1785440254:0
[   33225ms] [INFO] Jul-30 23:07:14.055 [COUNTS] (T023EV54RR7) dmsBadgeCount: 0 @ https://a.slack-edge.com/bv1-13-br/gantry-v2-shared.3421452a627674f7.min.js?cacheKey=gantry-1785440254:0
[   33226ms] [INFO] Jul-30 23:07:14.056 [COUNTS] (T023EV54RR7) activityBadgeCount: 1 @ https://a.slack-edge.com/bv1-13-br/gantry-v2-shared.3421452a627674f7.min.js?cacheKey=gantry-1785440254:0
[   33230ms] [INFO] Jul-30 23:07:14.060 [API-Q] (T023EV54RR7) c891cfd1-1785445633.917 dnd.teamInfo is REJECTED: API not ok user_not_found @ https://a.slack-edge.com/bv1-13-br/gantry-v2-shared.3421452a627674f7.min.js?cacheKey=gantry-1785440254:0
[   33232ms] [WARNING] Jul-30 23:07:14.062 DND (T023EV54RR7) Failed to fetch DND info for the following members: X00000000 @ https://a.slack-edge.com/bv1-13-br/gantry-v2-shared.3421452a627674f7.min.js?cacheKey=gantry-1785440254:0
[   33306ms] [INFO] Jul-30 23:07:14.137 [RTM-BADGE-COUNTS-UPDA] (T023EV54RR7) badge_counts_updated @ https://a.slack-edge.com/bv1-13-br/gantry-v2-shared.3421452a627674f7.min.js?cacheKey=gantry-1785440254:0
[   33307ms] [INFO] Jul-30 23:07:14.138 [RTM-ACTIVITY] (T023EV54RR7) RTM-ACTIVITY activity_updated @ https://a.slack-edge.com/bv1-13-br/gantry-v2-shared.3421452a627674f7.min.js?cacheKey=gantry-1785440254:0
[   33308ms] [INFO] Jul-30 23:07:14.138 [RTM-ACTIVITY] (T023EV54RR7) received invalid activity_updated event with entryType bot_dm @ https://a.slack-edge.com/bv1-13-br/gantry-v2-shared.3421452a627674f7.min.js?cacheKey=gantry-1785440254:0
[   33308ms] [INFO] Jul-30 23:07:14.138 [RTM-ACTIVITY] (T023EV54RR7) RTM-ACTIVITY activity_updated @ https://a.slack-edge.com/bv1-13-br/gantry-v2-shared.3421452a627674f7.min.js?cacheKey=gantry-1785440254:0
[   33665ms] [INFO] Jul-30 23:07:14.495 [COUNTS] (T023EV54RR7) Updated unread_cnt for D0BMT4F1SL8: 2 @ https://a.slack-edge.com/bv1-13-br/gantry-v2-shared.3421452a627674f7.min.js?cacheKey=gantry-1785440254:0
[   43929ms] [INFO] Jul-30 23:07:24.760 [API-Q] (T023EV54RR7) c891cfd1-1785445644.759 saved.list called with reason: saved-api/savedList @ https://a.slack-edge.com/bv1-13-br/gantry-v2-shared.3421452a627674f7.min.js?cacheKey=gantry-1785440254:0
[   43930ms] [INFO] Jul-30 23:07:24.760 [API-Q] (T023EV54RR7) c891cfd1-1785445644.759 saved.list is ENQUEUED @ https://a.slack-edge.com/bv1-13-br/gantry-v2-shared.3421452a627674f7.min.js?cacheKey=gantry-1785440254:0
[   43930ms] [INFO] Jul-30 23:07:24.761 [API-Q] (T023EV54RR7) c891cfd1-1785445644.759 saved.list is ACTIVE @ https://a.slack-edge.com/bv1-13-br/gantry-v2-shared.3421452a627674f7.min.js?cacheKey=gantry-1785440254:0
[   44192ms] [INFO] Jul-30 23:07:25.023 [API-Q] (T023EV54RR7) c891cfd1-1785445644.759 saved.list is RESOLVED @ https://a.slack-edge.com/bv1-13-br/gantry-v2-shared.3421452a627674f7.min.js?cacheKey=gantry-1785440254:0
[   44579ms] [INFO] Jul-30 23:07:25.409 [UFM-PERMISSIONS] (T023EV54RR7) requesting DELETE_OWN_MESSAGE (1) @ https://a.slack-edge.com/bv1-13-br/gantry-v2-shared.3421452a627674f7.min.js?cacheKey=gantry-1785440254:0
[   44580ms] [INFO] Jul-30 23:07:25.411 [API-Q] (T023EV54RR7) noversion-1785445645.410 Flannel permissions/info called with reason: flannel-call:permissions/info @ https://a.slack-edge.com/bv1-13-br/gantry-v2-shared.3421452a627674f7.min.js?cacheKey=gantry-1785440254:0
[   44580ms] [INFO] Jul-30 23:07:25.411 [API-Q] (T023EV54RR7) noversion-1785445645.410 Flannel permissions/info is ENQUEUED @ https://a.slack-edge.com/bv1-13-br/gantry-v2-shared.3421452a627674f7.min.js?cacheKey=gantry-1785440254:0
[   44581ms] [INFO] Jul-30 23:07:25.412 [API-Q] (T023EV54RR7) noversion-1785445645.410 Flannel permissions/info is ACTIVE @ https://a.slack-edge.com/bv1-13-br/gantry-v2-shared.3421452a627674f7.min.js?cacheKey=gantry-1785440254:0
[   44616ms] [INFO] Jul-30 23:07:25.446 [API-Q] (T023EV54RR7) noversion-1785445645.410 Flannel permissions/info is RESOLVED @ https://a.slack-edge.com/bv1-13-br/gantry-v2-shared.3421452a627674f7.min.js?cacheKey=gantry-1785440254:0
[   44617ms] [INFO] Jul-30 23:07:25.447 [UFM-PERMISSIONS] (T023EV54RR7) received DELETE_OWN_MESSAGE (1) @ https://a.slack-edge.com/bv1-13-br/gantry-v2-shared.3421452a627674f7.min.js?cacheKey=gantry-1785440254:0
[   46358ms] [INFO] Jul-30 23:07:27.189 [ACTION:UNREAD-BANNER] Mark D0BMT4F1SL8 read @ https://a.slack-edge.com/bv1-13-br/gantry-v2-shared.3421452a627674f7.min.js?cacheKey=gantry-1785440254:0
[   46359ms] [INFO] Jul-30 23:07:27.189 [SET-LAST-READ] (T023EV54RR7) markLastRead D0BMT4F1SL8:1785445633.785179, immediate: false @ https://a.slack-edge.com/bv1-13-br/gantry-v2-shared.3421452a627674f7.min.js?cacheKey=gantry-1785440254:0
[   46361ms] [INFO] Jul-30 23:07:27.192 [SET-LAST-READ] (T023EV54RR7) delaying D0BMT4F1SL8:1785445633.785179 mark by 3823.5618400581066ms @ https://a.slack-edge.com/bv1-13-br/gantry-v2-shared.3421452a627674f7.min.js?cacheKey=gantry-1785440254:0
[   46363ms] [INFO] Jul-30 23:07:27.194 [UNREAD-COUNTS] (T023EV54RR7) Counting unreads in D0BMT4F1SL8 because last_read changed to 1785445633.785179 @ https://a.slack-edge.com/bv1-13-br/gantry-v2-shared.3421452a627674f7.min.js?cacheKey=gantry-1785440254:0
[   46364ms] [INFO] Jul-30 23:07:27.194 [COUNTS] (T023EV54RR7) Updated unread_cnt for D0BMT4F1SL8: 0 @ https://a.slack-edge.com/bv1-13-br/gantry-v2-shared.3421452a627674f7.min.js?cacheKey=gantry-1785440254:0
[   46443ms] [INFO] Jul-30 23:07:27.273 [COUNTS] (T023EV54RR7) dmsBadgeCount: 0 @ https://a.slack-edge.com/bv1-13-br/gantry-v2-shared.3421452a627674f7.min.js?cacheKey=gantry-1785440254:0
[   46444ms] [INFO] Jul-30 23:07:27.274 [COUNTS] (T023EV54RR7) activityBadgeCount: 0 @ https://a.slack-edge.com/bv1-13-br/gantry-v2-shared.3421452a627674f7.min.js?cacheKey=gantry-1785440254:0
[   50184ms] [INFO] Jul-30 23:07:31.015 [SET-LAST-READ] (T023EV54RR7) delay resolved, marking D0BMT4F1SL8:1785445633.785179 with API @ https://a.slack-edge.com/bv1-13-br/gantry-v2-shared.3421452a627674f7.min.js?cacheKey=gantry-1785440254:0
[   50185ms] [INFO] Jul-30 23:07:31.015 [SET-LAST-READ] (T023EV54RR7) dispatch conversations.mark with markWithAPI D0BMT4F1SL8:1785445633.785179 @ https://a.slack-edge.com/bv1-13-br/gantry-v2-shared.3421452a627674f7.min.js?cacheKey=gantry-1785440254:0
[   50186ms] [INFO] Jul-30 23:07:31.016 [API-Q] (T023EV54RR7) c891cfd1-1785445651.016 conversations.mark called with reason: clicked @ https://a.slack-edge.com/bv1-13-br/gantry-v2-shared.3421452a627674f7.min.js?cacheKey=gantry-1785440254:0
[   50186ms] [INFO] Jul-30 23:07:31.016 [API-Q] (T023EV54RR7) c891cfd1-1785445651.016 conversations.mark is ENQUEUED @ https://a.slack-edge.com/bv1-13-br/gantry-v2-shared.3421452a627674f7.min.js?cacheKey=gantry-1785440254:0
[   50187ms] [INFO] Jul-30 23:07:31.017 [API-Q] (T023EV54RR7) c891cfd1-1785445651.016 conversations.mark is ACTIVE @ https://a.slack-edge.com/bv1-13-br/gantry-v2-shared.3421452a627674f7.min.js?cacheKey=gantry-1785440254:0
[   50398ms] [INFO] Jul-30 23:07:31.228 [API-Q] (T023EV54RR7) c891cfd1-1785445651.016 conversations.mark is RESOLVED @ https://a.slack-edge.com/bv1-13-br/gantry-v2-shared.3421452a627674f7.min.js?cacheKey=gantry-1785440254:0
[   50431ms] [INFO] Jul-30 23:07:31.262 [RTM-ACTIVITY] (T023EV54RR7) RTM-ACTIVITY activity_updated @ https://a.slack-edge.com/bv1-13-br/gantry-v2-shared.3421452a627674f7.min.js?cacheKey=gantry-1785440254:0
[   50436ms] [INFO] Jul-30 23:07:31.267 [RTM-BADGE-COUNTS-UPDA] (T023EV54RR7) badge_counts_updated @ https://a.slack-edge.com/bv1-13-br/gantry-v2-shared.3421452a627674f7.min.js?cacheKey=gantry-1785440254:0
[   50439ms] [INFO] Jul-30 23:07:31.269 [RTM-ACTIVITY] (T023EV54RR7) RTM-ACTIVITY activity_updated @ https://a.slack-edge.com/bv1-13-br/gantry-v2-shared.3421452a627674f7.min.js?cacheKey=gantry-1785440254:0
[   74511ms] [INFO] Jul-30 23:07:55.341 [API-Q] (T023EV54RR7) c891cfd1-1785445675.341 client.counts called with reason: pollClientCountsAfterTimeout @ https://a.slack-edge.com/bv1-13-br/gantry-v2-shared.3421452a627674f7.min.js?cacheKey=gantry-1785440254:0
[   74512ms] [INFO] Jul-30 23:07:55.342 [API-Q] (T023EV54RR7) c891cfd1-1785445675.341 client.counts is ENQUEUED @ https://a.slack-edge.com/bv1-13-br/gantry-v2-shared.3421452a627674f7.min.js?cacheKey=gantry-1785440254:0
[   74513ms] [INFO] Jul-30 23:07:55.343 [API-Q] (T023EV54RR7) c891cfd1-1785445675.341 client.counts is ACTIVE @ https://a.slack-edge.com/bv1-13-br/gantry-v2-shared.3421452a627674f7.min.js?cacheKey=gantry-1785440254:0
[   74678ms] [INFO] Jul-30 23:07:55.508 [API-Q] (T023EV54RR7) c891cfd1-1785445675.341 client.counts is RESOLVED @ https://a.slack-edge.com/bv1-13-br/gantry-v2-shared.3421452a627674f7.min.js?cacheKey=gantry-1785440254:0
[   74680ms] [INFO] Jul-30 23:07:55.510 [COUNTS] (T023EV54RR7) Applying counts to channels. wasLastConnectFast: false isConnected: true applying: 34 out of total: 34 @ https://a.slack-edge.com/bv1-13-br/gantry-v2-shared.3421452a627674f7.min.js?cacheKey=gantry-1785440254:0
[   74683ms] [INFO] Jul-30 23:07:55.513 [COUNTS] (T023EV54RR7) Threads has_unreads:false mention_count:0 @ https://a.slack-edge.com/bv1-13-br/gantry-v2-shared.3421452a627674f7.min.js?cacheKey=gantry-1785440254:0
[   74684ms] [INFO] Jul-30 23:07:55.514 [COUNTS] (T023EV54RR7) Completed counts processing @ https://a.slack-edge.com/bv1-13-br/gantry-v2-shared.3421452a627674f7.min.js?cacheKey=gantry-1785440254:0
[   74695ms] [INFO] Jul-30 23:07:55.525 [ALLTHREADSROWELEMENT] (T023EV54RR7) From channel badges count, has unreads: false with badge count: 0 @ https://a.slack-edge.com/bv1-13-br/gantry-v2-shared.3421452a627674f7.min.js?cacheKey=gantry-1785440254:0
[  124726ms] [INFO] Jul-30 23:08:45.556 [CHECK-FOR-OLD-CHANNEL] (T023EV54RR7) Start cleaning up DMs/MPDMs — starting with 19 entries. @ https://a.slack-edge.com/bv1-13-br/gantry-v2-shared.3421452a627674f7.min.js?cacheKey=gantry-1785440254:0
[  124726ms] [INFO] Jul-30 23:08:45.557 [CHECK-FOR-OLD-CHANNEL] (T023EV54RR7) Eligible DMs/MPDMs for cleanup — [external DMs]:0, [internal DMs]: 7, [app DMs]: 8 @ https://a.slack-edge.com/bv1-13-br/gantry-v2-shared.3421452a627674f7.min.js?cacheKey=gantry-1785440254:0
[  124727ms] [INFO] Jul-30 23:08:45.558 [CHECK-FOR-OLD-CHANNEL] (T023EV54RR7) Identified 0 DMs/MPDMs of externalDMs type for closure @ https://a.slack-edge.com/bv1-13-br/gantry-v2-shared.3421452a627674f7.min.js?cacheKey=gantry-1785440254:0
[  124728ms] [INFO] Jul-30 23:08:45.558 [CHECK-FOR-OLD-CHANNEL] (T023EV54RR7) Not eligible D07CWLB1BQF: Not idle @ https://a.slack-edge.com/bv1-13-br/gantry-v2-shared.3421452a627674f7.min.js?cacheKey=gantry-1785440254:0
[  124728ms] [INFO] Jul-30 23:08:45.558 [CHECK-FOR-OLD-CHANNEL] (T023EV54RR7) Not eligible D07DPSW0KC1: Slackbot @ https://a.slack-edge.com/bv1-13-br/gantry-v2-shared.3421452a627674f7.min.js?cacheKey=gantry-1785440254:0
[  124728ms] [INFO] Jul-30 23:08:45.559 [CHECK-FOR-OLD-CHANNEL] (T023EV54RR7) Not eligible D07E015C0MN: Self DM @ https://a.slack-edge.com/bv1-13-br/gantry-v2-shared.3421452a627674f7.min.js?cacheKey=gantry-1785440254:0
[  124728ms] [INFO] Jul-30 23:08:45.559 [CHECK-FOR-OLD-CHANNEL] (T023EV54RR7) Identified 0 DMs/MPDMs of internalDMs type for closure @ https://a.slack-edge.com/bv1-13-br/gantry-v2-shared.3421452a627674f7.min.js?cacheKey=gantry-1785440254:0
[  124729ms] [INFO] Jul-30 23:08:45.559 [CHECK-FOR-OLD-CHANNEL] (T023EV54RR7) Not eligible D0B5PJ7QBLL: Not idle @ https://a.slack-edge.com/bv1-13-br/gantry-v2-shared.3421452a627674f7.min.js?cacheKey=gantry-1785440254:0
[  124729ms] [INFO] Jul-30 23:08:45.560 [CHECK-FOR-OLD-CHANNEL] (T023EV54RR7) Not eligible D0BMT4F1SL8: Not idle @ https://a.slack-edge.com/bv1-13-br/gantry-v2-shared.3421452a627674f7.min.js?cacheKey=gantry-1785440254:0
[  124729ms] [INFO] Jul-30 23:08:45.560 [CHECK-FOR-OLD-CHANNEL] (T023EV54RR7) Identified 0 DMs/MPDMs of appDMs type for closure @ https://a.slack-edge.com/bv1-13-br/gantry-v2-shared.3421452a627674f7.min.js?cacheKey=gantry-1785440254:0
[  124732ms] [INFO] Jul-30 23:08:45.562 [API-Q] (T023EV54RR7) noversion-1785445725.562 Flannel users/info called with reason: flannel-call:users/info @ https://a.slack-edge.com/bv1-13-br/gantry-v2-shared.3421452a627674f7.min.js?cacheKey=gantry-1785440254:0
[  124732ms] [INFO] Jul-30 23:08:45.562 [API-Q] (T023EV54RR7) noversion-1785445725.562 Flannel users/info is ENQUEUED @ https://a.slack-edge.com/bv1-13-br/gantry-v2-shared.3421452a627674f7.min.js?cacheKey=gantry-1785440254:0
[  124733ms] [INFO] Jul-30 23:08:45.564 [API-Q] (T023EV54RR7) noversion-1785445725.562 Flannel users/info is ACTIVE @ https://a.slack-edge.com/bv1-13-br/gantry-v2-shared.3421452a627674f7.min.js?cacheKey=gantry-1785440254:0
[  124790ms] [INFO] Jul-30 23:08:45.620 [API-Q] (T023EV54RR7) noversion-1785445725.562 Flannel users/info is RESOLVED @ https://a.slack-edge.com/bv1-13-br/gantry-v2-shared.3421452a627674f7.min.js?cacheKey=gantry-1785440254:0
[  304726ms] [INFO] Jul-30 23:11:45.556 [SIDEBAR-NOISE-METRICS] (T023EV54RR7) Logging sidebar noise metrics @ https://a.slack-edge.com/bv1-13-br/gantry-v2-shared.3421452a627674f7.min.js?cacheKey=gantry-1785440254:0
[  304726ms] [INFO] Jul-30 23:11:45.557 [SIDEBAR-STATS] (T023EV54RR7) Begin gathering sidebar stats @ https://a.slack-edge.com/bv1-13-br/gantry-v2-shared.3421452a627674f7.min.js?cacheKey=gantry-1785440254:0
[  304727ms] [INFO] Jul-30 23:11:45.558 [SIDEBAR-NOISE-METRICS] (T023EV54RR7) Stored first sidebar metrics (no previous data) @ https://a.slack-edge.com/bv1-13-br/gantry-v2-shared.3421452a627674f7.min.js?cacheKey=gantry-1785440254:0
[  305719ms] [INFO] Jul-30 23:11:46.550 [DND_V2] (T023EV54RR7) Checking for changes in DND status for the following members: U07DB40NK51,U03VCUX8XEG,U069V2P34QZ @ https://a.slack-edge.com/bv1-13-br/gantry-v2-shared.3421452a627674f7.min.js?cacheKey=gantry-1785440254:0
[  305721ms] [INFO] Jul-30 23:11:46.551 [DND_V2] (T023EV54RR7) Will check for changes in DND status again in 5 minutes @ https://a.slack-edge.com/bv1-13-br/gantry-v2-shared.3421452a627674f7.min.js?cacheKey=gantry-1785440254:0
[  339453ms] [INFO] Jul-30 23:12:20.284 [DRAFTS] (T023EV54RR7) RTM: draft_create - Dr0BM0PYDW4A @ https://a.slack-edge.com/bv1-13-br/gantry-v2-shared.3421452a627674f7.min.js?cacheKey=gantry-1785440254:0
[  339454ms] [INFO] Jul-30 23:12:20.284 [DRAFTS] (T023EV54RR7) The blocks do not contain any mentions @ https://a.slack-edge.com/bv1-13-br/gantry-v2-shared.3421452a627674f7.min.js?cacheKey=gantry-1785440254:0
[  339456ms] [INFO] Jul-30 23:12:20.286 [DRAFTS] (T023EV54RR7) Reconciled new draft - D0BMT4F1SL8 @ https://a.slack-edge.com/bv1-13-br/gantry-v2-shared.3421452a627674f7.min.js?cacheKey=gantry-1785440254:0
[  340486ms] [INFO] Jul-30 23:12:21.316 [DRAFTS] (T023EV54RR7) Storing draft changes locally - D0BMT4F1SL8 @ https://a.slack-edge.com/bv1-13-br/gantry-v2-shared.3421452a627674f7.min.js?cacheKey=gantry-1785440254:0
[  340490ms] [INFO] Jul-30 23:12:21.320 [API-Q] (T023EV54RR7) c891cfd1-1785445941.319 chat.unfurlLink called with reason: fetch-unfurl-preview @ https://a.slack-edge.com/bv1-13-br/gantry-v2-shared.3421452a627674f7.min.js?cacheKey=gantry-1785440254:0
[  340490ms] [INFO] Jul-30 23:12:21.320 [API-Q] (T023EV54RR7) c891cfd1-1785445941.319 chat.unfurlLink is ENQUEUED @ https://a.slack-edge.com/bv1-13-br/gantry-v2-shared.3421452a627674f7.min.js?cacheKey=gantry-1785440254:0
[  340490ms] [INFO] Jul-30 23:12:21.321 [API-Q] (T023EV54RR7) c891cfd1-1785445941.319 chat.unfurlLink is ACTIVE @ https://a.slack-edge.com/bv1-13-br/gantry-v2-shared.3421452a627674f7.min.js?cacheKey=gantry-1785440254:0
[  340652ms] [INFO] Jul-30 23:12:21.483 [API-Q] (T023EV54RR7) c891cfd1-1785445941.319 chat.unfurlLink is RESOLVED @ https://a.slack-edge.com/bv1-13-br/gantry-v2-shared.3421452a627674f7.min.js?cacheKey=gantry-1785440254:0
