[       5ms] [WARNING] Jul-30 22:53:54.207 Couldn't complete metrics measurement for start mark 'session_lifespan' @ https://a.slack-edge.com/bv1-13-br/gantry-v2-shared.3421452a627674f7.min.js?cacheKey=gantry-1785440254:0
[       5ms] [WARNING] Jul-30 22:53:54.207 Couldn't complete metrics measurement for start mark 'session_lifespan' @ https://a.slack-edge.com/bv1-13-br/gantry-v2-shared.3421452a627674f7.min.js?cacheKey=gantry-1785440254:0
[       5ms] [INFO] Jul-30 22:53:54.207 [RELOAD] Page is about to unload. This might not be a reload, it could be a window close or navigation @ https://a.slack-edge.com/bv1-13-br/gantry-v2-shared.3421452a627674f7.min.js?cacheKey=gantry-1785440254:0
[       5ms] [INFO] Jul-30 22:53:54.208 [WINDOW-UNLOADING] (T023EV54RR7) Main window unloading @ https://a.slack-edge.com/bv1-13-br/gantry-v2-shared.3421452a627674f7.min.js?cacheKey=gantry-1785440254:0
[       7ms] [INFO] Jul-30 22:53:54.209 [WINDOW-UNLOADING] (T023EV54RR7) workspace handling window unloading event @ https://a.slack-edge.com/bv1-13-br/gantry-v2-shared.3421452a627674f7.min.js?cacheKey=gantry-1785440254:0
[     386ms] [INFO] Jul-30 22:53:54.588 [METRICS] Starting timers for metrics collection @ https://a.slack-edge.com/bv1-13-br/gantry-v2-shared.3421452a627674f7.min.js?cacheKey=gantry-1785440254:0
[     948ms] [INFO] Jul-30 22:53:55.150 [APP] client-v2 @ https://a.slack-edge.com/bv1-13-br/gantry-v2-shared.3421452a627674f7.min.js?cacheKey=gantry-1785440254:0
[     948ms] [INFO] Jul-30 22:53:55.150 [DATE/TIME] 1785444835150 Thu Jul 30 2026 22:53:55 GMT+0200 (Central European Summer Time) @ https://a.slack-edge.com/bv1-13-br/gantry-v2-shared.3421452a627674f7.min.js?cacheKey=gantry-1785440254:0
[     948ms] [INFO] Jul-30 22:53:55.151 [VERSION] version_hash: c891cfd1a6109a8e5fc26f69a413bd5be9687c5e @ https://a.slack-edge.com/bv1-13-br/gantry-v2-shared.3421452a627674f7.min.js?cacheKey=gantry-1785440254:0
[     948ms] [INFO] Jul-30 22:53:55.151 [VERSION] version_ts: 1785440254 @ https://a.slack-edge.com/bv1-13-br/gantry-v2-shared.3421452a627674f7.min.js?cacheKey=gantry-1785440254:0
[     949ms] [INFO] Jul-30 22:53:55.151 [VERSION] min_version_data_ts: 1722374725 @ https://a.slack-edge.com/bv1-13-br/gantry-v2-shared.3421452a627674f7.min.js?cacheKey=gantry-1785440254:0
[     949ms] [INFO] Jul-30 22:53:55.151 [URL] https://app.slack.com/client/T023EV54RR7/D0BMT4F1SL8 @ https://a.slack-edge.com/bv1-13-br/gantry-v2-shared.3421452a627674f7.min.js?cacheKey=gantry-1785440254:0
[     950ms] [INFO] Jul-30 22:53:55.152 [AUTH] Credentials are fresh (psc=1785434404, csc=1785434404) @ https://a.slack-edge.com/bv1-13-br/gantry-v2-shared.3421452a627674f7.min.js?cacheKey=gantry-1785440254:0
[     951ms] [INFO] Jul-30 22:53:55.153 [LOCAL-CONFIG] ingestIncomingConfig(): no incoming payload to process; current teams: T023EV54RR7:U07DB40NK51 @ https://a.slack-edge.com/bv1-13-br/gantry-v2-shared.3421452a627674f7.min.js?cacheKey=gantry-1785440254:0
[     951ms] [INFO] Jul-30 22:53:55.154 [BOOT] Initial user team ID: T023EV54RR7 @ https://a.slack-edge.com/bv1-13-br/gantry-v2-shared.3421452a627674f7.min.js?cacheKey=gantry-1785440254:0
[     953ms] [INFO] Jul-30 22:53:55.155 [BOOT] (T023EV54RR7) Minimum supported data version is 1722374725; currently on 1785440254 @ https://a.slack-edge.com/bv1-13-br/gantry-v2-shared.3421452a627674f7.min.js?cacheKey=gantry-1785440254:0
[     954ms] [INFO] Jul-30 22:53:55.156 [PERSIST] (T023EV54RR7) Getting state from IndexedDB @ https://a.slack-edge.com/bv1-13-br/gantry-v2-shared.3421452a627674f7.min.js?cacheKey=gantry-1785440254:0
[     956ms] [INFO] Jul-30 22:53:55.158 [TRACER] Tracing is not sampled by default for this team. @ https://a.slack-edge.com/bv1-13-br/gantry-v2-shared.3421452a627674f7.min.js?cacheKey=gantry-1785440254:0
[     995ms] [INFO] Jul-30 22:53:55.197 [TRACER] Tracing is not sampled by default for this session. @ https://a.slack-edge.com/bv1-13-br/gantry-v2-shared.3421452a627674f7.min.js?cacheKey=gantry-1785440254:0
[    1222ms] [INFO] Jul-30 22:53:55.424 [PERSIST] (T023EV54RR7) Successfully got state from IndexedDB @ https://a.slack-edge.com/bv1-13-br/gantry-v2-shared.3421452a627674f7.min.js?cacheKey=gantry-1785440254:0
[    1225ms] [INFO] Jul-30 22:53:55.427 [BOOT-QUEUE] T023EV54RR7 noversion-1785444835.425 client.init called with reason: fetch-client-init-data @ https://a.slack-edge.com/bv1-13-br/gantry-v2-shared.3421452a627674f7.min.js?cacheKey=gantry-1785440254:0
[    1226ms] [INFO] Jul-30 22:53:55.428 [BOOT-QUEUE] T023EV54RR7 noversion-1785444835.425 client.init is ENQUEUED @ https://a.slack-edge.com/bv1-13-br/gantry-v2-shared.3421452a627674f7.min.js?cacheKey=gantry-1785440254:0
[    1228ms] [INFO] Jul-30 22:53:55.430 [BOOT-QUEUE] T023EV54RR7 noversion-1785444835.430 experiments.getByUser called @ https://a.slack-edge.com/bv1-13-br/gantry-v2-shared.3421452a627674f7.min.js?cacheKey=gantry-1785440254:0
[    1228ms] [INFO] Jul-30 22:53:55.431 [BOOT-QUEUE] T023EV54RR7 noversion-1785444835.430 experiments.getByUser is ENQUEUED @ https://a.slack-edge.com/bv1-13-br/gantry-v2-shared.3421452a627674f7.min.js?cacheKey=gantry-1785440254:0
[    1229ms] [INFO] Jul-30 22:53:55.431 [BOOT-QUEUE] T023EV54RR7 noversion-1785444835.431 api.features called @ https://a.slack-edge.com/bv1-13-br/gantry-v2-shared.3421452a627674f7.min.js?cacheKey=gantry-1785440254:0
[    1229ms] [INFO] Jul-30 22:53:55.432 [BOOT-QUEUE] T023EV54RR7 noversion-1785444835.431 api.features is ENQUEUED @ https://a.slack-edge.com/bv1-13-br/gantry-v2-shared.3421452a627674f7.min.js?cacheKey=gantry-1785440254:0
[    1230ms] [INFO] Jul-30 22:53:55.432 [BOOT-QUEUE] T023EV54RR7 noversion-1785444835.432 features.access.policies.list called @ https://a.slack-edge.com/bv1-13-br/gantry-v2-shared.3421452a627674f7.min.js?cacheKey=gantry-1785440254:0
[    1230ms] [INFO] Jul-30 22:53:55.433 [BOOT-QUEUE] T023EV54RR7 noversion-1785444835.432 features.access.policies.list is ENQUEUED @ https://a.slack-edge.com/bv1-13-br/gantry-v2-shared.3421452a627674f7.min.js?cacheKey=gantry-1785440254:0
[    1234ms] [INFO] Jul-30 22:53:55.436 [BOOT-QUEUE] T023EV54RR7 noversion-1785444835.436 client.shouldReload called with reason: boot @ https://a.slack-edge.com/bv1-13-br/gantry-v2-shared.3421452a627674f7.min.js?cacheKey=gantry-1785440254:0
[    1234ms] [INFO] Jul-30 22:53:55.436 [BOOT-QUEUE] T023EV54RR7 noversion-1785444835.436 client.shouldReload is ENQUEUED @ https://a.slack-edge.com/bv1-13-br/gantry-v2-shared.3421452a627674f7.min.js?cacheKey=gantry-1785440254:0
[    1235ms] [INFO] Jul-30 22:53:55.437 [BOOT-QUEUE] T023EV54RR7 noversion-1785444835.437 client.counts called with reason: deferred-data @ https://a.slack-edge.com/bv1-13-br/gantry-v2-shared.3421452a627674f7.min.js?cacheKey=gantry-1785440254:0
[    1235ms] [INFO] Jul-30 22:53:55.438 [BOOT-QUEUE] T023EV54RR7 noversion-1785444835.437 client.counts is ENQUEUED @ https://a.slack-edge.com/bv1-13-br/gantry-v2-shared.3421452a627674f7.min.js?cacheKey=gantry-1785440254:0
[    1236ms] [INFO] Jul-30 22:53:55.438 [BOOT] Booting into channel: D0BMT4F1SL8 @ https://a.slack-edge.com/bv1-13-br/gantry-v2-shared.3421452a627674f7.min.js?cacheKey=gantry-1785440254:0
[    1237ms] [INFO] Jul-30 22:53:55.439 [BOOT-QUEUE] T023EV54RR7 Fetching client.extras: cache_timestamps, features, salesforce_features, misc, subteams, team_prefs, stats, default_workspace, onboarding, plan_info, feature_usage_data @ https://a.slack-edge.com/bv1-13-br/gantry-v2-shared.3421452a627674f7.min.js?cacheKey=gantry-1785440254:0
[    1237ms] [INFO] Jul-30 22:53:55.439 [BOOT-QUEUE] T023EV54RR7 noversion-1785444835.439 client.extras called with reason: deferred-data @ https://a.slack-edge.com/bv1-13-br/gantry-v2-shared.3421452a627674f7.min.js?cacheKey=gantry-1785440254:0
[    1237ms] [INFO] Jul-30 22:53:55.440 [BOOT-QUEUE] T023EV54RR7 noversion-1785444835.439 client.extras is ENQUEUED @ https://a.slack-edge.com/bv1-13-br/gantry-v2-shared.3421452a627674f7.min.js?cacheKey=gantry-1785440254:0
[    1238ms] [INFO] Jul-30 22:53:55.440 [BOOT-QUEUE] T023EV54RR7 noversion-1785444835.440 client.channels called with reason: deferred-data @ https://a.slack-edge.com/bv1-13-br/gantry-v2-shared.3421452a627674f7.min.js?cacheKey=gantry-1785440254:0
[    1238ms] [INFO] Jul-30 22:53:55.441 [BOOT-QUEUE] T023EV54RR7 noversion-1785444835.440 client.channels is ENQUEUED @ https://a.slack-edge.com/bv1-13-br/gantry-v2-shared.3421452a627674f7.min.js?cacheKey=gantry-1785440254:0
[    1265ms] [INFO] Jul-30 22:53:55.468 [EMOJI_TRANSLATION] Emoji translations not needed for default locale, only adding keywords @ https://a.slack-edge.com/bv1-13-br/gantry-v2-shared.3421452a627674f7.min.js?cacheKey=gantry-1785440254:0
[    1321ms] [INFO] Jul-30 22:53:55.523 [BOOT-QUEUE] T023EV54RR7 noversion-1785444835.425 client.init is ACTIVE @ https://a.slack-edge.com/bv1-13-br/gantry-v2-shared.3421452a627674f7.min.js?cacheKey=gantry-1785440254:0
[    1321ms] [INFO] Jul-30 22:53:55.524 [BOOT-QUEUE] T023EV54RR7 noversion-1785444835.430 experiments.getByUser is ACTIVE @ https://a.slack-edge.com/bv1-13-br/gantry-v2-shared.3421452a627674f7.min.js?cacheKey=gantry-1785440254:0
[    1322ms] [INFO] Jul-30 22:53:55.524 [BOOT-QUEUE] T023EV54RR7 noversion-1785444835.431 api.features is ACTIVE @ https://a.slack-edge.com/bv1-13-br/gantry-v2-shared.3421452a627674f7.min.js?cacheKey=gantry-1785440254:0
[    1322ms] [INFO] Jul-30 22:53:55.525 [BOOT-QUEUE] T023EV54RR7 noversion-1785444835.432 features.access.policies.list is ACTIVE @ https://a.slack-edge.com/bv1-13-br/gantry-v2-shared.3421452a627674f7.min.js?cacheKey=gantry-1785440254:0
[    1323ms] [INFO] Jul-30 22:53:55.525 [BOOT-QUEUE] T023EV54RR7 noversion-1785444835.436 client.shouldReload is ACTIVE @ https://a.slack-edge.com/bv1-13-br/gantry-v2-shared.3421452a627674f7.min.js?cacheKey=gantry-1785440254:0
[    1323ms] [INFO] Jul-30 22:53:55.526 [BOOT-QUEUE] T023EV54RR7 noversion-1785444835.437 client.counts is ACTIVE @ https://a.slack-edge.com/bv1-13-br/gantry-v2-shared.3421452a627674f7.min.js?cacheKey=gantry-1785440254:0
[    1324ms] [INFO] Jul-30 22:53:55.526 [BOOT-QUEUE] T023EV54RR7 noversion-1785444835.439 client.extras is ACTIVE @ https://a.slack-edge.com/bv1-13-br/gantry-v2-shared.3421452a627674f7.min.js?cacheKey=gantry-1785440254:0
[    1324ms] [INFO] Jul-30 22:53:55.527 [BOOT-QUEUE] T023EV54RR7 noversion-1785444835.440 client.channels is ACTIVE @ https://a.slack-edge.com/bv1-13-br/gantry-v2-shared.3421452a627674f7.min.js?cacheKey=gantry-1785440254:0
[    1454ms] [INFO] Jul-30 22:53:55.656 [BOOT-QUEUE] T023EV54RR7 noversion-1785444835.436 client.shouldReload is RESOLVED @ https://a.slack-edge.com/bv1-13-br/gantry-v2-shared.3421452a627674f7.min.js?cacheKey=gantry-1785440254:0
[    1455ms] [INFO] Jul-30 22:53:55.658 [MIN-VERSION] No need to reload @ https://a.slack-edge.com/bv1-13-br/gantry-v2-shared.3421452a627674f7.min.js?cacheKey=gantry-1785440254:0
[    1456ms] [INFO] Jul-30 22:53:55.658 [BOOT-QUEUE] T023EV54RR7 noversion-1785444835.431 api.features is RESOLVED @ https://a.slack-edge.com/bv1-13-br/gantry-v2-shared.3421452a627674f7.min.js?cacheKey=gantry-1785440254:0
[    1461ms] [INFO] Jul-30 22:53:55.663 [BOOT-QUEUE] T023EV54RR7 noversion-1785444835.425 client.init is RESOLVED @ https://a.slack-edge.com/bv1-13-br/gantry-v2-shared.3421452a627674f7.min.js?cacheKey=gantry-1785440254:0
[    1462ms] [INFO] Jul-30 22:53:55.664 [BOOT-QUEUE] T023EV54RR7 noversion-1785444835.432 features.access.policies.list is RESOLVED @ https://a.slack-edge.com/bv1-13-br/gantry-v2-shared.3421452a627674f7.min.js?cacheKey=gantry-1785440254:0
[    1487ms] [INFO] Jul-30 22:53:55.689 [BOOT-QUEUE] T023EV54RR7 noversion-1785444835.437 client.counts is RESOLVED @ https://a.slack-edge.com/bv1-13-br/gantry-v2-shared.3421452a627674f7.min.js?cacheKey=gantry-1785440254:0
[    1490ms] [INFO] Jul-30 22:53:55.693 [BOOT-QUEUE] T023EV54RR7 noversion-1785444835.440 client.channels is RESOLVED @ https://a.slack-edge.com/bv1-13-br/gantry-v2-shared.3421452a627674f7.min.js?cacheKey=gantry-1785440254:0
[    1499ms] [INFO] Jul-30 22:53:55.702 [BOOT-QUEUE] T023EV54RR7 noversion-1785444835.439 client.extras is RESOLVED @ https://a.slack-edge.com/bv1-13-br/gantry-v2-shared.3421452a627674f7.min.js?cacheKey=gantry-1785440254:0
[    1597ms] [INFO] Jul-30 22:53:55.799 [BOOT-QUEUE] T023EV54RR7 noversion-1785444835.430 experiments.getByUser is RESOLVED @ https://a.slack-edge.com/bv1-13-br/gantry-v2-shared.3421452a627674f7.min.js?cacheKey=gantry-1785440254:0
[    3227ms] [INFO] Jul-30 22:53:57.430 [BOOT] (T023EV54RR7) Booting with persisted store @ https://a.slack-edge.com/bv1-13-br/gantry-v2-shared.3421452a627674f7.min.js?cacheKey=gantry-1785440254:0
[    3228ms] [INFO] Jul-30 22:53:57.431 [PERSIST] (T023EV54RR7) Checking for persistence method changes @ https://a.slack-edge.com/bv1-13-br/gantry-v2-shared.3421452a627674f7.min.js?cacheKey=gantry-1785440254:0
[    3229ms] [INFO] Jul-30 22:53:57.432 [PERSIST] (T023EV54RR7) Preparing state for hydration @ https://a.slack-edge.com/bv1-13-br/gantry-v2-shared.3421452a627674f7.min.js?cacheKey=gantry-1785440254:0
[    3290ms] [INFO] Jul-30 22:53:57.493 [PERSIST] (T023EV54RR7) State prepared for hydration @ https://a.slack-edge.com/bv1-13-br/gantry-v2-shared.3421452a627674f7.min.js?cacheKey=gantry-1785440254:0
[    3290ms] [INFO] Jul-30 22:53:57.493 [PERSIST] (T023EV54RR7) Checking for required data @ https://a.slack-edge.com/bv1-13-br/gantry-v2-shared.3421452a627674f7.min.js?cacheKey=gantry-1785440254:0
[    3297ms] [INFO] Jul-30 22:53:57.499 [BOOT] (T023EV54RR7) Configuring redux store @ https://a.slack-edge.com/bv1-13-br/gantry-v2-shared.3421452a627674f7.min.js?cacheKey=gantry-1785440254:0
[    3351ms] [INFO] Jul-30 22:53:57.521 [MUTED-CHANNELS] (T023EV54RR7) No temporarily muted channels found. @ https://a.slack-edge.com/bv1-13-br/gantry-v2-shared.3421452a627674f7.min.js?cacheKey=gantry-1785440254:0
[    3352ms] [INFO] Jul-30 22:53:57.554 [BOOT] (T023EV54RR7) Dispatched client.init data from registerBootApi @ https://a.slack-edge.com/bv1-13-br/gantry-v2-shared.3421452a627674f7.min.js?cacheKey=gantry-1785440254:0
[    3352ms] [INFO] Jul-30 22:53:57.554 [BOOT] (T023EV54RR7) Dispatching client.channels data from registerBootApi @ https://a.slack-edge.com/bv1-13-br/gantry-v2-shared.3421452a627674f7.min.js?cacheKey=gantry-1785440254:0
[    3361ms] [INFO] Jul-30 22:53:57.563 [COUNTS] (T023EV54RR7) Applying counts to channels. wasLastConnectFast: false isConnected: false applying: 34 out of total: 34 @ https://a.slack-edge.com/bv1-13-br/gantry-v2-shared.3421452a627674f7.min.js?cacheKey=gantry-1785440254:0
[    3365ms] [INFO] Jul-30 22:53:57.568 [BOOT] (T023EV54RR7) Dispatching conversations.view data from registerBootApi @ https://a.slack-edge.com/bv1-13-br/gantry-v2-shared.3421452a627674f7.min.js?cacheKey=gantry-1785440254:0
[    3370ms] [INFO] Jul-30 22:53:57.572 [BOOT] (T023EV54RR7) processing mutation timestamps for D0BMT4F1SL8 @ https://a.slack-edge.com/bv1-13-br/gantry-v2-shared.3421452a627674f7.min.js?cacheKey=gantry-1785440254:0
[    3372ms] [INFO] Jul-30 22:53:57.575 [PLATFORM-CHANNEL-ACTI] (T023EV54RR7) setting count for channel D0BMT4F1SL8 to 0, and marking channel as stale. @ https://a.slack-edge.com/bv1-13-br/gantry-v2-shared.3421452a627674f7.min.js?cacheKey=gantry-1785440254:0
[    3379ms] [INFO] Jul-30 22:53:57.582 [EMOJI_TRANSLATION] Emoji translations not needed for default locale, only adding keywords @ https://a.slack-edge.com/bv1-13-br/gantry-v2-shared.3421452a627674f7.min.js?cacheKey=gantry-1785440254:0
[    3382ms] [INFO] Jul-30 22:53:57.584 [API-Q] (T023EV54RR7) c891cfd1-1785444837.583 users.prefs.get called with reason: fetch-frecency-prefs @ https://a.slack-edge.com/bv1-13-br/gantry-v2-shared.3421452a627674f7.min.js?cacheKey=gantry-1785440254:0
[    3382ms] [INFO] Jul-30 22:53:57.584 [API-Q] (T023EV54RR7) c891cfd1-1785444837.583 users.prefs.get is ENQUEUED @ https://a.slack-edge.com/bv1-13-br/gantry-v2-shared.3421452a627674f7.min.js?cacheKey=gantry-1785440254:0
[    3386ms] [INFO] Jul-30 22:53:57.588 [API-Q] (T023EV54RR7) c891cfd1-1785444837.588 sfdc.integration.listOrgs called with reason: fetch-orgs-and-sign-in-silently-v2 @ https://a.slack-edge.com/bv1-13-br/gantry-v2-shared.3421452a627674f7.min.js?cacheKey=gantry-1785440254:0
[    3386ms] [INFO] Jul-30 22:53:57.588 [API-Q] (T023EV54RR7) c891cfd1-1785444837.588 sfdc.integration.listOrgs is ENQUEUED @ https://a.slack-edge.com/bv1-13-br/gantry-v2-shared.3421452a627674f7.min.js?cacheKey=gantry-1785440254:0
[    3388ms] [INFO] Jul-30 22:53:57.591 [COUNTS] (T023EV54RR7) Threads has_unreads:false mention_count:0 @ https://a.slack-edge.com/bv1-13-br/gantry-v2-shared.3421452a627674f7.min.js?cacheKey=gantry-1785440254:0
[    3389ms] [INFO] Jul-30 22:53:57.592 [COUNTS] (T023EV54RR7) Completed counts processing @ https://a.slack-edge.com/bv1-13-br/gantry-v2-shared.3421452a627674f7.min.js?cacheKey=gantry-1785440254:0
[    3393ms] [INFO] Jul-30 22:53:57.595 [API-Q] (T023EV54RR7) c891cfd1-1785444837.583 users.prefs.get is ACTIVE @ https://a.slack-edge.com/bv1-13-br/gantry-v2-shared.3421452a627674f7.min.js?cacheKey=gantry-1785440254:0
[    3393ms] [INFO] Jul-30 22:53:57.596 [API-Q] (T023EV54RR7) c891cfd1-1785444837.588 sfdc.integration.listOrgs is ACTIVE @ https://a.slack-edge.com/bv1-13-br/gantry-v2-shared.3421452a627674f7.min.js?cacheKey=gantry-1785440254:0
[    3402ms] [INFO] Jul-30 22:53:57.604 [NAVIGATION-MIDDLEWARE] Starting a new navigation middleware execution {context: client-boot, nextViewSet: Object, nextSplitView: undefined, middlewareCount: 11, nextTab: undefined} @ https://a.slack-edge.com/bv1-13-br/gantry-v2-shared.3421452a627674f7.min.js?cacheKey=gantry-1785440254:0
[    3404ms] [INFO] Jul-30 22:53:57.607 [BOOT] (T023EV54RR7) Dispatching API data @ https://a.slack-edge.com/bv1-13-br/gantry-v2-shared.3421452a627674f7.min.js?cacheKey=gantry-1785440254:0
[    3404ms] [INFO] Jul-30 22:53:57.607 [BOOT] (T023EV54RR7) Dispatching boot data @ https://a.slack-edge.com/bv1-13-br/gantry-v2-shared.3421452a627674f7.min.js?cacheKey=gantry-1785440254:0
[    3405ms] [INFO] Jul-30 22:53:57.608 [BOOT] (T023EV54RR7) No boot data found @ https://a.slack-edge.com/bv1-13-br/gantry-v2-shared.3421452a627674f7.min.js?cacheKey=gantry-1785440254:0
[    3406ms] [INFO] Jul-30 22:53:57.609 [NAVIGATION-MIDDLEWARE] Async action execution is complete for a view {nextView: Object, results: Array(11), shouldTerminateNavigation: false, executionTime: 2.900000002235174, nextTab: undefined} @ https://a.slack-edge.com/bv1-13-br/gantry-v2-shared.3421452a627674f7.min.js?cacheKey=gantry-1785440254:0
[    3408ms] [INFO] Jul-30 22:53:57.611 [NAVIGATION-MIDDLEWARE] Finish middleware execution for sidebar container {maybeTransformedViewSet: Object, maybeTransformedSplitView: undefined, terminateNavigation: false, isViewTransformed: false, iterationCount: 0} @ https://a.slack-edge.com/bv1-13-br/gantry-v2-shared.3421452a627674f7.min.js?cacheKey=gantry-1785440254:0
[    3409ms] [INFO] Jul-30 22:53:57.612 [BOOT] (T023EV54RR7) Boot complete @ https://a.slack-edge.com/bv1-13-br/gantry-v2-shared.3421452a627674f7.min.js?cacheKey=gantry-1785440254:0
[    3410ms] [INFO] Jul-30 22:53:57.613 [NAVIGATION-MIDDLEWARE] Async action execution is complete for a view {nextView: Object, results: Array(11), shouldTerminateNavigation: false, executionTime: 1.699999999254942, nextTab: undefined} @ https://a.slack-edge.com/bv1-13-br/gantry-v2-shared.3421452a627674f7.min.js?cacheKey=gantry-1785440254:0
[    3412ms] [INFO] Jul-30 22:53:57.614 [DESKTOP-SIDE-EFFECT] (T023EV54RR7) Reacting to  {type: [30] Set a value that represents whether we are currently in the boot phase, payload: false, error: false} @ https://a.slack-edge.com/bv1-13-br/gantry-v2-shared.3421452a627674f7.min.js?cacheKey=gantry-1785440254:0
[    3412ms] [INFO] Jul-30 22:53:57.614 [AUTH] Installing incremental auth handler @ https://a.slack-edge.com/bv1-13-br/gantry-v2-shared.3421452a627674f7.min.js?cacheKey=gantry-1785440254:0
[    3413ms] [INFO] Jul-30 22:53:57.615 [API-Q] (T023EV54RR7) noversion-1785444837.615 Flannel huddles/list called with reason: flannel-call:huddles/list @ https://a.slack-edge.com/bv1-13-br/gantry-v2-shared.3421452a627674f7.min.js?cacheKey=gantry-1785440254:0
[    3413ms] [INFO] Jul-30 22:53:57.616 [API-Q] (T023EV54RR7) noversion-1785444837.615 Flannel huddles/list is ENQUEUED @ https://a.slack-edge.com/bv1-13-br/gantry-v2-shared.3421452a627674f7.min.js?cacheKey=gantry-1785440254:0
[    3416ms] [INFO] Jul-30 22:53:57.618 [NAVIGATION-MIDDLEWARE] Finish middleware execution for primary container {maybeTransformedViewSet: Object, maybeTransformedSplitView: undefined, terminateNavigation: false, isViewTransformed: false, iterationCount: 0} @ https://a.slack-edge.com/bv1-13-br/gantry-v2-shared.3421452a627674f7.min.js?cacheKey=gantry-1785440254:0
[    3418ms] [INFO] Jul-30 22:53:57.620 [SOCKET-MANAGER] (T023EV54RR7) Changing from never_connected to prov_connect @ https://a.slack-edge.com/bv1-13-br/gantry-v2-shared.3421452a627674f7.min.js?cacheKey=gantry-1785440254:0
[    3418ms] [INFO] Jul-30 22:53:57.620 [SOCKET-MANAGER] (T023EV54RR7) will stay in prov_connect state for up to 10000 ms @ https://a.slack-edge.com/bv1-13-br/gantry-v2-shared.3421452a627674f7.min.js?cacheKey=gantry-1785440254:0
[    3419ms] [INFO] Jul-30 22:53:57.622 [SOCKET-MANAGER] (T023EV54RR7) Connecting with token ending: 40f0 @ https://a.slack-edge.com/bv1-13-br/gantry-v2-shared.3421452a627674f7.min.js?cacheKey=gantry-1785440254:0
[    3420ms] [INFO] Jul-30 22:53:57.622 [SOCKET-MANAGER] (T023EV54RR7) Changing from prov_connect to prov_connecting @ https://a.slack-edge.com/bv1-13-br/gantry-v2-shared.3421452a627674f7.min.js?cacheKey=gantry-1785440254:0
[    3420ms] [INFO] Jul-30 22:53:57.622 [SOCKET-MANAGER] (T023EV54RR7) will stay in prov_connecting state for up to 35000 ms @ https://a.slack-edge.com/bv1-13-br/gantry-v2-shared.3421452a627674f7.min.js?cacheKey=gantry-1785440254:0
[    3421ms] [INFO] Jul-30 22:53:57.624 [ENDPOINT-MANAGER] (T023EV54RR7) No stale versions to clear. @ https://a.slack-edge.com/bv1-13-br/gantry-v2-shared.3421452a627674f7.min.js?cacheKey=gantry-1785440254:0
[    3422ms] [INFO] Jul-30 22:53:57.624 [SOCKET-MANAGER-MIDDLE] (T023EV54RR7) Initialized Socket Manager instance @ https://a.slack-edge.com/bv1-13-br/gantry-v2-shared.3421452a627674f7.min.js?cacheKey=gantry-1785440254:0
[    3422ms] [INFO] Jul-30 22:53:57.624 [NAVIGATION-MIDDLEWARE] Navigation middleware execution is complete {maybeUpdatedViewSet: Object, maybeUpdatedSplitView: undefined, terminateNavigation: false, executionTime: 18.5, nextTab: undefined} @ https://a.slack-edge.com/bv1-13-br/gantry-v2-shared.3421452a627674f7.min.js?cacheKey=gantry-1785440254:0
[    3422ms] [INFO] Jul-30 22:53:57.625 [API-Q] (T023EV54RR7) noversion-1785444837.615 Flannel huddles/list is ACTIVE @ https://a.slack-edge.com/bv1-13-br/gantry-v2-shared.3421452a627674f7.min.js?cacheKey=gantry-1785440254:0
[    3434ms] [INFO] Jul-30 22:53:57.636 [BOOT] (T023EV54RR7) Routing complete (renderApp tap, warm boot) @ https://a.slack-edge.com/bv1-13-br/gantry-v2-shared.3421452a627674f7.min.js?cacheKey=gantry-1785440254:0
[    3437ms] [INFO] Jul-30 22:53:57.639 [BOOT] (T023EV54RR7) (T023EV54RR7) Mounting client @ https://a.slack-edge.com/bv1-13-br/gantry-v2-shared.3421452a627674f7.min.js?cacheKey=gantry-1785440254:0
[    3711ms] [INFO] Jul-30 22:53:57.913 [COUNTS] (T023EV54RR7) dmsBadgeCount: 0 @ https://a.slack-edge.com/bv1-13-br/gantry-v2-shared.3421452a627674f7.min.js?cacheKey=gantry-1785440254:0
[    3713ms] [INFO] Jul-30 22:53:57.915 [COUNTS] (T023EV54RR7) activityBadgeCount: 0 @ https://a.slack-edge.com/bv1-13-br/gantry-v2-shared.3421452a627674f7.min.js?cacheKey=gantry-1785440254:0
[    3724ms] [INFO] Jul-30 22:53:57.926 [DEVICE-PERMISSIONS-MA] Initializing media device permissions manager @ https://a.slack-edge.com/bv1-13-br/gantry-v2-shared.3421452a627674f7.min.js?cacheKey=gantry-1785440254:0
[    3727ms] [INFO] Jul-30 22:53:57.929 [DEVICE-PERMISSIONS-MA] Permissions loaded from local storage {"permissions":{"microphone":"prompt","camera":"prompt","screen":"prompt"},"timestamp":1785444585754} @ https://a.slack-edge.com/bv1-13-br/gantry-v2-shared.3421452a627674f7.min.js?cacheKey=gantry-1785440254:0
[    3728ms] [INFO] Jul-30 22:53:57.930 [DEVICE-PERMISSIONS-MA] Using browser device permissions strategy @ https://a.slack-edge.com/bv1-13-br/gantry-v2-shared.3421452a627674f7.min.js?cacheKey=gantry-1785440254:0
[    3729ms] [INFO] Jul-30 22:53:57.931 [DEVICE-PERMISSIONS-MA] Scheduled permissions refresh @ https://a.slack-edge.com/bv1-13-br/gantry-v2-shared.3421452a627674f7.min.js?cacheKey=gantry-1785440254:0
[    3731ms] [INFO] Jul-30 22:53:57.933 [(?)] Initializing device preferences manager with teamId: T023EV54RR7 @ https://a.slack-edge.com/bv1-13-br/gantry-v2-shared.3421452a627674f7.min.js?cacheKey=gantry-1785440254:0
[    3733ms] [INFO] Jul-30 22:53:57.935 [DEVICE-PREFS] Using device preferences manager @ https://a.slack-edge.com/bv1-13-br/gantry-v2-shared.3421452a627674f7.min.js?cacheKey=gantry-1785440254:0
[    3734ms] [INFO] Jul-30 22:53:57.937 [DEVICE-PREFS] Updating available devices (original flow) @ https://a.slack-edge.com/bv1-13-br/gantry-v2-shared.3421452a627674f7.min.js?cacheKey=gantry-1785440254:0
[    3736ms] [INFO] Jul-30 22:53:57.938 [AVDEVICESERVICE] [AVDeviceService] [LIFECYCLE] [avds_1785444837938] Device enumerator initialized @ https://a.slack-edge.com/bv1-13-br/gantry-v2-shared.3421452a627674f7.min.js?cacheKey=gantry-1785440254:0
[    3948ms] [WARNING] Jul-30 22:53:58.150 TRACER (T023EV54RR7) (boot:time_to_mount_client) was forced closed and marked with the _flush=true tag. @ https://a.slack-edge.com/bv1-13-br/gantry-v2-shared.3421452a627674f7.min.js?cacheKey=gantry-1785440254:0
[    3954ms] [INFO] Jul-30 22:53:58.156 [EMOJI_TRANSLATION] Emoji translations not needed for default locale, only adding keywords @ https://a.slack-edge.com/bv1-13-br/gantry-v2-shared.3421452a627674f7.min.js?cacheKey=gantry-1785440254:0
[    3958ms] [INFO] Jul-30 22:53:58.160 [API-Q] (T023EV54RR7) c891cfd1-1785444838.160 drafts.list called with reason: client-v2-boot-team @ https://a.slack-edge.com/bv1-13-br/gantry-v2-shared.3421452a627674f7.min.js?cacheKey=gantry-1785440254:0
[    3958ms] [INFO] Jul-30 22:53:58.161 [API-Q] (T023EV54RR7) c891cfd1-1785444838.160 drafts.list is ENQUEUED @ https://a.slack-edge.com/bv1-13-br/gantry-v2-shared.3421452a627674f7.min.js?cacheKey=gantry-1785440254:0
[    3959ms] [INFO] Jul-30 22:53:58.161 [DRAFTS] (T023EV54RR7) No local drafts - skipping fetch to purge inactive drafts @ https://a.slack-edge.com/bv1-13-br/gantry-v2-shared.3421452a627674f7.min.js?cacheKey=gantry-1785440254:0
[    3960ms] [INFO] Jul-30 22:53:58.162 [API-Q] (T023EV54RR7) c891cfd1-1785444838.162 workflows.triggers.listRecentlyRunForUser called with reason: fetch_and_upsert_recently_run_triggers @ https://a.slack-edge.com/bv1-13-br/gantry-v2-shared.3421452a627674f7.min.js?cacheKey=gantry-1785440254:0
[    3960ms] [INFO] Jul-30 22:53:58.162 [API-Q] (T023EV54RR7) c891cfd1-1785444838.162 workflows.triggers.listRecentlyRunForUser is ENQUEUED @ https://a.slack-edge.com/bv1-13-br/gantry-v2-shared.3421452a627674f7.min.js?cacheKey=gantry-1785440254:0
[    3961ms] [INFO] Jul-30 22:53:58.163 [API-Q] (T023EV54RR7) c891cfd1-1785444838.163 functions.workflows.list called with reason: automations_gallery @ https://a.slack-edge.com/bv1-13-br/gantry-v2-shared.3421452a627674f7.min.js?cacheKey=gantry-1785440254:0
[    3961ms] [INFO] Jul-30 22:53:58.164 [API-Q] (T023EV54RR7) c891cfd1-1785444838.163 functions.workflows.list is ENQUEUED @ https://a.slack-edge.com/bv1-13-br/gantry-v2-shared.3421452a627674f7.min.js?cacheKey=gantry-1785440254:0
[    3963ms] [INFO] Jul-30 22:53:58.165 [API-Q] (T023EV54RR7) c891cfd1-1785444838.165 megaphone.notifications.list called with reason: boot @ https://a.slack-edge.com/bv1-13-br/gantry-v2-shared.3421452a627674f7.min.js?cacheKey=gantry-1785440254:0
[    3963ms] [INFO] Jul-30 22:53:58.166 [API-Q] (T023EV54RR7) c891cfd1-1785444838.165 megaphone.notifications.list is ENQUEUED @ https://a.slack-edge.com/bv1-13-br/gantry-v2-shared.3421452a627674f7.min.js?cacheKey=gantry-1785440254:0
[    3964ms] [INFO] Jul-30 22:53:58.166 [API-Q] (T023EV54RR7) c891cfd1-1785444838.166 megaphone.notifications.list called with reason: boot @ https://a.slack-edge.com/bv1-13-br/gantry-v2-shared.3421452a627674f7.min.js?cacheKey=gantry-1785440254:0
[    3964ms] [INFO] Jul-30 22:53:58.167 [API-Q] (T023EV54RR7) c891cfd1-1785444838.166 megaphone.notifications.list is ENQUEUED @ https://a.slack-edge.com/bv1-13-br/gantry-v2-shared.3421452a627674f7.min.js?cacheKey=gantry-1785440254:0
[    3965ms] [INFO] Jul-30 22:53:58.167 [API-Q] (T023EV54RR7) c891cfd1-1785444838.167 users.prefs.get called with reason: fetch-user-expectation-last-triggered-pref @ https://a.slack-edge.com/bv1-13-br/gantry-v2-shared.3421452a627674f7.min.js?cacheKey=gantry-1785440254:0
[    3965ms] [INFO] Jul-30 22:53:58.168 [API-Q] (T023EV54RR7) c891cfd1-1785444838.167 users.prefs.get is ENQUEUED @ https://a.slack-edge.com/bv1-13-br/gantry-v2-shared.3421452a627674f7.min.js?cacheKey=gantry-1785440254:0
[    3967ms] [INFO] Jul-30 22:53:58.169 [API-Q] (T023EV54RR7) c891cfd1-1785444838.169 activity.views called with reason: fetch-deferred-messaging-client-data @ https://a.slack-edge.com/bv1-13-br/gantry-v2-shared.3421452a627674f7.min.js?cacheKey=gantry-1785440254:0
[    3967ms] [INFO] Jul-30 22:53:58.169 [API-Q] (T023EV54RR7) c891cfd1-1785444838.169 activity.views is ENQUEUED @ https://a.slack-edge.com/bv1-13-br/gantry-v2-shared.3421452a627674f7.min.js?cacheKey=gantry-1785440254:0
[    3976ms] [INFO] Jul-30 22:53:58.171 [API-Q] (T023EV54RR7) c891cfd1-1785444838.170 aiApps.list called with reason: fetch-deferred-messaging-client-data @ https://a.slack-edge.com/bv1-13-br/gantry-v2-shared.3421452a627674f7.min.js?cacheKey=gantry-1785440254:0
[    3976ms] [INFO] Jul-30 22:53:58.178 [API-Q] (T023EV54RR7) c891cfd1-1785444838.170 aiApps.list is ENQUEUED @ https://a.slack-edge.com/bv1-13-br/gantry-v2-shared.3421452a627674f7.min.js?cacheKey=gantry-1785440254:0
[    3977ms] [INFO] Jul-30 22:53:58.179 [API-Q] (T023EV54RR7) c891cfd1-1785444838.160 drafts.list is ACTIVE @ https://a.slack-edge.com/bv1-13-br/gantry-v2-shared.3421452a627674f7.min.js?cacheKey=gantry-1785440254:0
[    3977ms] [INFO] Jul-30 22:53:58.180 [API-Q] (T023EV54RR7) c891cfd1-1785444838.162 workflows.triggers.listRecentlyRunForUser is ACTIVE @ https://a.slack-edge.com/bv1-13-br/gantry-v2-shared.3421452a627674f7.min.js?cacheKey=gantry-1785440254:0
[    3978ms] [INFO] Jul-30 22:53:58.180 [API-Q] (T023EV54RR7) c891cfd1-1785444838.163 functions.workflows.list is ACTIVE @ https://a.slack-edge.com/bv1-13-br/gantry-v2-shared.3421452a627674f7.min.js?cacheKey=gantry-1785440254:0
[    3978ms] [INFO] Jul-30 22:53:58.181 [API-Q] (T023EV54RR7) c891cfd1-1785444838.165 megaphone.notifications.list is ACTIVE @ https://a.slack-edge.com/bv1-13-br/gantry-v2-shared.3421452a627674f7.min.js?cacheKey=gantry-1785440254:0
[    3979ms] [INFO] Jul-30 22:53:58.181 [API-Q] (T023EV54RR7) c891cfd1-1785444838.166 megaphone.notifications.list is ACTIVE @ https://a.slack-edge.com/bv1-13-br/gantry-v2-shared.3421452a627674f7.min.js?cacheKey=gantry-1785440254:0
[    3979ms] [INFO] Jul-30 22:53:58.182 [API-Q] (T023EV54RR7) c891cfd1-1785444838.167 users.prefs.get is ACTIVE @ https://a.slack-edge.com/bv1-13-br/gantry-v2-shared.3421452a627674f7.min.js?cacheKey=gantry-1785440254:0
[    3980ms] [INFO] Jul-30 22:53:58.182 [API-Q] (T023EV54RR7) c891cfd1-1785444838.169 activity.views is ACTIVE @ https://a.slack-edge.com/bv1-13-br/gantry-v2-shared.3421452a627674f7.min.js?cacheKey=gantry-1785440254:0
[    3981ms] [INFO] Jul-30 22:53:58.183 [API-Q] (T023EV54RR7) c891cfd1-1785444838.183 calendar.getInstalledCalendars called with reason: calendar-get-installed-calendars @ https://a.slack-edge.com/bv1-13-br/gantry-v2-shared.3421452a627674f7.min.js?cacheKey=gantry-1785440254:0
[    3981ms] [INFO] Jul-30 22:53:58.183 [API-Q] (T023EV54RR7) c891cfd1-1785444838.183 calendar.getInstalledCalendars is ENQUEUED @ https://a.slack-edge.com/bv1-13-br/gantry-v2-shared.3421452a627674f7.min.js?cacheKey=gantry-1785440254:0
[    3987ms] [INFO] Jul-30 22:53:58.189 [BOOT] Setting reducedSignInWorkflowExperiment object in local storage. teamId: T023EV54RR7, enterpriseId: undefined, isOn: true @ https://a.slack-edge.com/bv1-13-br/gantry-v2-shared.3421452a627674f7.min.js?cacheKey=gantry-1785440254:0
[    3992ms] [INFO] Jul-30 22:53:58.194 [NAVIGATE-LISTENERS] (T023EV54RR7) Starting navigation listeners for triggerType CLIENT_MOUNT @ https://a.slack-edge.com/bv1-13-br/gantry-v2-shared.3421452a627674f7.min.js?cacheKey=gantry-1785440254:0
[    3997ms] [INFO] Jul-30 22:53:58.199 [NAVIGATE-LISTENERS] (T023EV54RR7) Navigation listeners complete without errors @ https://a.slack-edge.com/bv1-13-br/gantry-v2-shared.3421452a627674f7.min.js?cacheKey=gantry-1785440254:0
[    3999ms] [INFO] Jul-30 22:53:58.201 [MIN-VERSION] Starting client min-version poll. @ https://a.slack-edge.com/bv1-13-br/gantry-v2-shared.3421452a627674f7.min.js?cacheKey=gantry-1785440254:0
[    4002ms] [INFO] Jul-30 22:53:58.204 [PERSIST] Purging persisted models, except for the following teamIds [T023EV54RR7] @ https://a.slack-edge.com/bv1-13-br/gantry-v2-shared.3421452a627674f7.min.js?cacheKey=gantry-1785440254:0
[    4185ms] [INFO] Jul-30 22:53:58.358 [GS_REQUEST] (T023EV54RR7) received a user_change_subscribe_request call while we are not connected; deferring @ https://a.slack-edge.com/bv1-13-br/gantry-v2-shared.3421452a627674f7.min.js?cacheKey=gantry-1785440254:0
[    4186ms] [INFO] Jul-30 22:53:58.389 [API-Q] (T023EV54RR7) noversion-1785444838.389 Flannel users/info called with reason: flannel-call:users/info @ https://a.slack-edge.com/bv1-13-br/gantry-v2-shared.3421452a627674f7.min.js?cacheKey=gantry-1785440254:0
[    4186ms] [INFO] Jul-30 22:53:58.389 [API-Q] (T023EV54RR7) noversion-1785444838.389 Flannel users/info is ENQUEUED @ https://a.slack-edge.com/bv1-13-br/gantry-v2-shared.3421452a627674f7.min.js?cacheKey=gantry-1785440254:0
[    4190ms] [INFO] Jul-30 22:53:58.392 [API-Q] (T023EV54RR7) c891cfd1-1785444838.392 apps.profile.get called with reason: fetch-all-apps-by-id @ https://a.slack-edge.com/bv1-13-br/gantry-v2-shared.3421452a627674f7.min.js?cacheKey=gantry-1785440254:0
[    4190ms] [INFO] Jul-30 22:53:58.392 [API-Q] (T023EV54RR7) c891cfd1-1785444838.392 apps.profile.get is ENQUEUED @ https://a.slack-edge.com/bv1-13-br/gantry-v2-shared.3421452a627674f7.min.js?cacheKey=gantry-1785440254:0
[    4190ms] [INFO] Jul-30 22:53:58.393 [API-Q] (T023EV54RR7) c891cfd1-1785444838.392 apps.profile.get called with reason: fetch-all-apps-by-id @ https://a.slack-edge.com/bv1-13-br/gantry-v2-shared.3421452a627674f7.min.js?cacheKey=gantry-1785440254:0
[    4190ms] [INFO] Jul-30 22:53:58.393 [API-Q] (T023EV54RR7) c891cfd1-1785444838.392 apps.profile.get is ENQUEUED @ https://a.slack-edge.com/bv1-13-br/gantry-v2-shared.3421452a627674f7.min.js?cacheKey=gantry-1785440254:0
[    4191ms] [INFO] Jul-30 22:53:58.393 [API-Q] (T023EV54RR7) c891cfd1-1785444838.393 apps.profile.get called with reason: fetch-all-apps-by-id @ https://a.slack-edge.com/bv1-13-br/gantry-v2-shared.3421452a627674f7.min.js?cacheKey=gantry-1785440254:0
[    4191ms] [INFO] Jul-30 22:53:58.393 [API-Q] (T023EV54RR7) c891cfd1-1785444838.393 apps.profile.get is ENQUEUED @ https://a.slack-edge.com/bv1-13-br/gantry-v2-shared.3421452a627674f7.min.js?cacheKey=gantry-1785440254:0
[    4191ms] [INFO] Jul-30 22:53:58.394 [API-Q] (T023EV54RR7) c891cfd1-1785444838.394 apps.profile.get called with reason: fetch-all-apps-by-id @ https://a.slack-edge.com/bv1-13-br/gantry-v2-shared.3421452a627674f7.min.js?cacheKey=gantry-1785440254:0
[    4191ms] [INFO] Jul-30 22:53:58.394 [API-Q] (T023EV54RR7) c891cfd1-1785444838.394 apps.profile.get is ENQUEUED @ https://a.slack-edge.com/bv1-13-br/gantry-v2-shared.3421452a627674f7.min.js?cacheKey=gantry-1785440254:0
[    4192ms] [INFO] Jul-30 22:53:58.394 [API-Q] (T023EV54RR7) c891cfd1-1785444838.394 apps.profile.get called with reason: fetch-all-apps-by-id @ https://a.slack-edge.com/bv1-13-br/gantry-v2-shared.3421452a627674f7.min.js?cacheKey=gantry-1785440254:0
[    4192ms] [INFO] Jul-30 22:53:58.394 [API-Q] (T023EV54RR7) c891cfd1-1785444838.394 apps.profile.get is ENQUEUED @ https://a.slack-edge.com/bv1-13-br/gantry-v2-shared.3421452a627674f7.min.js?cacheKey=gantry-1785440254:0
[    4192ms] [INFO] Jul-30 22:53:58.395 [API-Q] (T023EV54RR7) c891cfd1-1785444838.394 apps.profile.get called with reason: fetch-all-apps-by-id @ https://a.slack-edge.com/bv1-13-br/gantry-v2-shared.3421452a627674f7.min.js?cacheKey=gantry-1785440254:0
[    4192ms] [INFO] Jul-30 22:53:58.395 [API-Q] (T023EV54RR7) c891cfd1-1785444838.394 apps.profile.get is ENQUEUED @ https://a.slack-edge.com/bv1-13-br/gantry-v2-shared.3421452a627674f7.min.js?cacheKey=gantry-1785440254:0
[    4193ms] [INFO] Jul-30 22:53:58.395 [UFM] (T023EV54RR7) requesting D0BMT4F1SL8 (1) @ https://a.slack-edge.com/bv1-13-br/gantry-v2-shared.3421452a627674f7.min.js?cacheKey=gantry-1785440254:0
[    4193ms] [INFO] Jul-30 22:53:58.396 [API-Q] (T023EV54RR7) c891cfd1-1785444838.396 conversations.info called with reason: app-homes-store/conditional-fetching @ https://a.slack-edge.com/bv1-13-br/gantry-v2-shared.3421452a627674f7.min.js?cacheKey=gantry-1785440254:0
[    4193ms] [INFO] Jul-30 22:53:58.396 [API-Q] (T023EV54RR7) c891cfd1-1785444838.396 conversations.info is ENQUEUED @ https://a.slack-edge.com/bv1-13-br/gantry-v2-shared.3421452a627674f7.min.js?cacheKey=gantry-1785440254:0
[    4195ms] [INFO] Jul-30 22:53:58.398 [UFM-PERMISSIONS] (T023EV54RR7) requesting ACCESS_SLACK_AI_TODAY,ACCESS_SLACK_AI_SLACKBOT,ACCESS_SLACK_AI_SEARCH,ACCESS_SLACK_AI_FILTERS,ACCESS_SLACK_AI_HUDDLE_SUMMARIES,CREATE_PUBLIC_CHANNEL,CREATE_PRIVATE_CHANNEL,ACCESS_SLACK_AI_RECAP,ACCESS_SLACK_AI_CHANNEL_THREAD_SUMMARIES,ACCESS_SLACK_AI_FILE_SUMMARIES,READ_AUDIT_LOGS,ARCHIVE_CHANNEL,CONVERT_MPDM_TO_PRIVATE,EDIT_CHANNEL_WORKSPACES,CAN_AT_CHANNEL,VIEW_OVERVIEW_ANALYTICS,VIEW_WORKSPACE_ANALYTICS,VIEW_MEMBER_ANALYTICS,VIEW_ORG_WIDE_CHANNEL_ANALYTICS,VIEW_HUDDLE_ANALYTICS,VIEW_CLIP_ANALYTICS,VIEW_APP_ANALYTICS,VIEW_CHANNEL_ANALYTICS,VIEW_AI_ANALYTICS,VIEW_CANVAS_ANALYTICS,VIEW_WORKFLOW_ANALYTICS,VIEW_LIST_ANALYTICS,VIEW_SLACKBOT_ANALYTICS,VIEW_TOP_LEVEL_WORKFLOWS,ADD_COLLABORATOR_TO_ANY_WORKFLOW,UNPUBLISH_ANY_WORKFLOW,CREATE_WORKFLOWS,CREATE_CANVAS_TEMPLATES,PUBLISH_CANVAS_ORG_TEMPLATES,MANAGE_SALES_HOME,MANAGE_SALES_HOME_DATA_SOURCE,ADD_CUSTOM_EMOJI,DELETE_CUSTOM_EMOJI,EDIT_SLACKBOT_RESPONSES,UPDATE_NAME,UPDATE_DISPLAY_NAME,EDIT_PROFILE_PHOTO,ACCEPT_SLACK_CONNECT_INVITES,MANAGE_SLACK_CONNECT,CREATE_SLACK_CONNECT_DM,VIEW_APP_REQUESTS,MANAGE_AAA_AUTOMATION_RULES,MANAGE_SCOPE_RATINGS,VIEW_INSTALLED_APPS,MANAGE_ORG_LEVEL_APP_APPROVAL,VIEW_APPROVED_APPS,VIEW_RESTRICTED_APPS,ADD_ORG_APPS_TO_WORKSPACES,REMOVE_ORG_APPS_FROM_WORKSPACES,VIEW_DEPRECATIONS,MANAGE_WORKFLOW_CONNECTORS,MANAGE_WORKFLOW_TRIGGERS,MANAGE_APP_ACLS,CREATE_SOLUTION_TEMPLATE,PUBLISH_SOLUTION_TEMPLATE,MANAGE_SOLUTION_TEMPLATE,CREATE_LIST_TEMPLATE,CREATE_USER_GROUPS,EDIT_USER_GROUPS,DELETE_USER_GROUPS,ACCESS_SLACK_AI_DETAILED_FEEDBACK,ACCESS_SLACK_AI_STEPS_IN_WORKFLOW,ACCESS_SLACK_AI_TRANSLATIONS,ACCESS_SLACK_AI_WORKFLOW_BUILDER,ACCESS_SLACK_AI_RECORD_CHANNEL_DIGEST,ACCESS_SLACK_AI_DEVELOPMENT,ACCESS_SLACK_AI_EXPLAIN,ACCESS_SLACK_AI_CANVAS,ACCESS_SLACK_AI_SALESFORCE_CSV_MAPPER,ACCESS_SLACK_AI_SUGGESTED_SECTIONS,ACCESS_SLACK_AI_CHANNEL_SECTION_RECOMMENDATIONS,ACCESS_SLACK_AI_SLACKIVERSARY,ACCESS_ENTERPRISE_SEARCH,AUTHOR_SKILLS,AUTO_ENABLE_SKILL,CAN_MANAGE_XWS_CHANNELS,CREATE_AND_EDIT_ORG_USER_GROUPS,EDIT_ORG_USER_GROUPS,DELETE_ORG_USER_GROUPS (1) @ https://a.slack-edge.com/bv1-13-br/gantry-v2-shared.3421452a627674f7.min.js?cacheKey=gantry-1785440254:0
[    4196ms] [INFO] Jul-30 22:53:58.399 [API-Q] (T023EV54RR7) noversion-1785444838.398 Flannel permissions/info called with reason: flannel-call:permissions/info @ https://a.slack-edge.com/bv1-13-br/gantry-v2-shared.3421452a627674f7.min.js?cacheKey=gantry-1785440254:0
[    4196ms] [INFO] Jul-30 22:53:58.399 [API-Q] (T023EV54RR7) noversion-1785444838.398 Flannel permissions/info is ENQUEUED @ https://a.slack-edge.com/bv1-13-br/gantry-v2-shared.3421452a627674f7.min.js?cacheKey=gantry-1785440254:0
[    4197ms] [INFO] Jul-30 22:53:58.399 [DND_V2] (T023EV54RR7) fetchAndUpsertDndForUsers - Preparing to fetch DND times for the following members: U07DB40NK51 @ https://a.slack-edge.com/bv1-13-br/gantry-v2-shared.3421452a627674f7.min.js?cacheKey=gantry-1785440254:0
[    4197ms] [INFO] Jul-30 22:53:58.400 [API-Q] (T023EV54RR7) c891cfd1-1785444838.400 dnd.info called with reason: fetchAndUpsertDndForUsers-getDndTimesFor:self @ https://a.slack-edge.com/bv1-13-br/gantry-v2-shared.3421452a627674f7.min.js?cacheKey=gantry-1785440254:0
[    4198ms] [INFO] Jul-30 22:53:58.400 [API-Q] (T023EV54RR7) c891cfd1-1785444838.400 dnd.info is ENQUEUED @ https://a.slack-edge.com/bv1-13-br/gantry-v2-shared.3421452a627674f7.min.js?cacheKey=gantry-1785440254:0
[    4198ms] [INFO] Jul-30 22:53:58.401 [API-Q] (T023EV54RR7) c891cfd1-1785444838.401 help.issues.ticketStats called with reason: fetchAndUpsertTicketStats @ https://a.slack-edge.com/bv1-13-br/gantry-v2-shared.3421452a627674f7.min.js?cacheKey=gantry-1785440254:0
[    4198ms] [INFO] Jul-30 22:53:58.401 [API-Q] (T023EV54RR7) c891cfd1-1785444838.401 help.issues.ticketStats is ENQUEUED @ https://a.slack-edge.com/bv1-13-br/gantry-v2-shared.3421452a627674f7.min.js?cacheKey=gantry-1785440254:0
[    4201ms] [INFO] Jul-30 22:53:58.404 [API-Q] (T023EV54RR7) c891cfd1-1785444837.583 users.prefs.get is RESOLVED @ https://a.slack-edge.com/bv1-13-br/gantry-v2-shared.3421452a627674f7.min.js?cacheKey=gantry-1785440254:0
[    4203ms] [INFO] Jul-30 22:53:58.406 [API-Q] (T023EV54RR7) noversion-1785444838.398 Flannel permissions/info is ACTIVE @ https://a.slack-edge.com/bv1-13-br/gantry-v2-shared.3421452a627674f7.min.js?cacheKey=gantry-1785440254:0
[    4206ms] [INFO] Jul-30 22:53:58.409 [UFM] (T023EV54RR7) requesting D0BMT4F1SL8 (1) @ https://a.slack-edge.com/bv1-13-br/gantry-v2-shared.3421452a627674f7.min.js?cacheKey=gantry-1785440254:0
[    4207ms] [INFO] Jul-30 22:53:58.409 [API-Q] (T023EV54RR7) noversion-1785444838.409 Flannel huddles/info called with reason: flannel-call:huddles/info @ https://a.slack-edge.com/bv1-13-br/gantry-v2-shared.3421452a627674f7.min.js?cacheKey=gantry-1785440254:0
[    4207ms] [INFO] Jul-30 22:53:58.410 [API-Q] (T023EV54RR7) noversion-1785444838.409 Flannel huddles/info is ENQUEUED @ https://a.slack-edge.com/bv1-13-br/gantry-v2-shared.3421452a627674f7.min.js?cacheKey=gantry-1785440254:0
[    4209ms] [INFO] Jul-30 22:53:58.411 [API-Q] (T023EV54RR7) c891cfd1-1785444838.411 team.targetingCriteria called with reason: team_targeting_criteria @ https://a.slack-edge.com/bv1-13-br/gantry-v2-shared.3421452a627674f7.min.js?cacheKey=gantry-1785440254:0
[    4209ms] [INFO] Jul-30 22:53:58.411 [API-Q] (T023EV54RR7) c891cfd1-1785444838.411 team.targetingCriteria is ENQUEUED @ https://a.slack-edge.com/bv1-13-br/gantry-v2-shared.3421452a627674f7.min.js?cacheKey=gantry-1785440254:0
[    4213ms] [INFO] Jul-30 22:53:58.415 [OBJECT-STORE] attempting to delete shards [] @ https://a.slack-edge.com/bv1-13-br/gantry-v2-shared.3421452a627674f7.min.js?cacheKey=gantry-1785440254:0
[    4231ms] [INFO] Jul-30 22:53:58.433 [API-Q] (T023EV54RR7) c891cfd1-1785444837.588 sfdc.integration.listOrgs is RESOLVED @ https://a.slack-edge.com/bv1-13-br/gantry-v2-shared.3421452a627674f7.min.js?cacheKey=gantry-1785440254:0
[    4232ms] [INFO] Jul-30 22:53:58.434 [API-Q] (T023EV54RR7) noversion-1785444838.409 Flannel huddles/info is ACTIVE @ https://a.slack-edge.com/bv1-13-br/gantry-v2-shared.3421452a627674f7.min.js?cacheKey=gantry-1785440254:0
[    4233ms] [INFO] Jul-30 22:53:58.435 [API-Q] (T023EV54RR7) noversion-1785444837.615 Flannel huddles/list is RESOLVED @ https://a.slack-edge.com/bv1-13-br/gantry-v2-shared.3421452a627674f7.min.js?cacheKey=gantry-1785440254:0
[    4234ms] [INFO] Jul-30 22:53:58.436 [API-Q] (T023EV54RR7) noversion-1785444838.389 Flannel users/info is ACTIVE @ https://a.slack-edge.com/bv1-13-br/gantry-v2-shared.3421452a627674f7.min.js?cacheKey=gantry-1785440254:0
[    4234ms] [INFO] Jul-30 22:53:58.437 [API-Q] (T023EV54RR7) c891cfd1-1785444838.160 drafts.list is RESOLVED @ https://a.slack-edge.com/bv1-13-br/gantry-v2-shared.3421452a627674f7.min.js?cacheKey=gantry-1785440254:0
[    4235ms] [INFO] Jul-30 22:53:58.438 [DRAFTS] (T023EV54RR7) No active drafts @ https://a.slack-edge.com/bv1-13-br/gantry-v2-shared.3421452a627674f7.min.js?cacheKey=gantry-1785440254:0
[    4236ms] [INFO] Jul-30 22:53:58.438 [DRAFTS] (T023EV54RR7) Successfully fetched all active and inactive drafts ✨ @ https://a.slack-edge.com/bv1-13-br/gantry-v2-shared.3421452a627674f7.min.js?cacheKey=gantry-1785440254:0
[    4236ms] [INFO] Jul-30 22:53:58.439 [API-Q] (T023EV54RR7) c891cfd1-1785444838.170 aiApps.list is ACTIVE @ https://a.slack-edge.com/bv1-13-br/gantry-v2-shared.3421452a627674f7.min.js?cacheKey=gantry-1785440254:0
[    4237ms] [INFO] Jul-30 22:53:58.439 [API-Q] (T023EV54RR7) c891cfd1-1785444838.162 workflows.triggers.listRecentlyRunForUser is RESOLVED @ https://a.slack-edge.com/bv1-13-br/gantry-v2-shared.3421452a627674f7.min.js?cacheKey=gantry-1785440254:0
[    4238ms] [INFO] Jul-30 22:53:58.440 [API-Q] (T023EV54RR7) c891cfd1-1785444838.183 calendar.getInstalledCalendars is ACTIVE @ https://a.slack-edge.com/bv1-13-br/gantry-v2-shared.3421452a627674f7.min.js?cacheKey=gantry-1785440254:0
[    4238ms] [INFO] Jul-30 22:53:58.441 [API-Q] (T023EV54RR7) c891cfd1-1785444838.163 functions.workflows.list is RESOLVED @ https://a.slack-edge.com/bv1-13-br/gantry-v2-shared.3421452a627674f7.min.js?cacheKey=gantry-1785440254:0
[    4240ms] [INFO] Jul-30 22:53:58.442 [API-Q] (T023EV54RR7) c891cfd1-1785444838.442 workflows.triggers.list called with reason: automations_gallery @ https://a.slack-edge.com/bv1-13-br/gantry-v2-shared.3421452a627674f7.min.js?cacheKey=gantry-1785440254:0
[    4240ms] [INFO] Jul-30 22:53:58.443 [API-Q] (T023EV54RR7) c891cfd1-1785444838.442 workflows.triggers.list is ENQUEUED @ https://a.slack-edge.com/bv1-13-br/gantry-v2-shared.3421452a627674f7.min.js?cacheKey=gantry-1785440254:0
[    4241ms] [INFO] Jul-30 22:53:58.443 [API-Q] (T023EV54RR7) c891cfd1-1785444838.392 apps.profile.get is ACTIVE @ https://a.slack-edge.com/bv1-13-br/gantry-v2-shared.3421452a627674f7.min.js?cacheKey=gantry-1785440254:0
[    4241ms] [INFO] Jul-30 22:53:58.444 [API-Q] (T023EV54RR7) c891cfd1-1785444838.167 users.prefs.get is RESOLVED @ https://a.slack-edge.com/bv1-13-br/gantry-v2-shared.3421452a627674f7.min.js?cacheKey=gantry-1785440254:0
[    4242ms] [INFO] Jul-30 22:53:58.445 [API-Q] (T023EV54RR7) c891cfd1-1785444838.392 apps.profile.get is ACTIVE @ https://a.slack-edge.com/bv1-13-br/gantry-v2-shared.3421452a627674f7.min.js?cacheKey=gantry-1785440254:0
[    4243ms] [INFO] Jul-30 22:53:58.446 [API-Q] (T023EV54RR7) c891cfd1-1785444838.169 activity.views is RESOLVED @ https://a.slack-edge.com/bv1-13-br/gantry-v2-shared.3421452a627674f7.min.js?cacheKey=gantry-1785440254:0
[    4245ms] [INFO] Jul-30 22:53:58.448 [API-Q] (T023EV54RR7) c891cfd1-1785444838.393 apps.profile.get is ACTIVE @ https://a.slack-edge.com/bv1-13-br/gantry-v2-shared.3421452a627674f7.min.js?cacheKey=gantry-1785440254:0
[    4264ms] [INFO] Jul-30 22:53:58.465 [PERSIST] (T023EV54RR7) Rehydrated lazy reducer: userGroupsFlexpane @ https://a.slack-edge.com/bv1-13-br/gantry-v2-shared.3421452a627674f7.min.js?cacheKey=gantry-1785440254:0
[    4356ms] [LOG] [WD] All assets have reported back; s: 15; f: 0 @ https://app.slack.com/client/T023EV54RR7/D0BMT4F1SL8:0
[    4363ms] [INFO] Jul-30 22:53:58.566 [API-Q] (T023EV54RR7) noversion-1785444838.398 Flannel permissions/info is RESOLVED @ https://a.slack-edge.com/bv1-13-br/gantry-v2-shared.3421452a627674f7.min.js?cacheKey=gantry-1785440254:0
[    4364ms] [INFO] Jul-30 22:53:58.567 [API-Q] (T023EV54RR7) c891cfd1-1785444838.394 apps.profile.get is ACTIVE @ https://a.slack-edge.com/bv1-13-br/gantry-v2-shared.3421452a627674f7.min.js?cacheKey=gantry-1785440254:0
[    4364ms] [INFO] Jul-30 22:53:58.567 [UFM-PERMISSIONS] (T023EV54RR7) received ACCESS_SLACK_AI_TODAY,ACCESS_SLACK_AI_SLACKBOT,ACCESS_SLACK_AI_SEARCH,ACCESS_SLACK_AI_FILTERS,ACCESS_SLACK_AI_HUDDLE_SUMMARIES,CREATE_PUBLIC_CHANNEL,CREATE_PRIVATE_CHANNEL,ACCESS_SLACK_AI_RECAP,ACCESS_SLACK_AI_CHANNEL_THREAD_SUMMARIES,ACCESS_SLACK_AI_FILE_SUMMARIES,READ_AUDIT_LOGS,ARCHIVE_CHANNEL,CONVERT_MPDM_TO_PRIVATE,EDIT_CHANNEL_WORKSPACES,CAN_AT_CHANNEL,VIEW_OVERVIEW_ANALYTICS,VIEW_WORKSPACE_ANALYTICS,VIEW_MEMBER_ANALYTICS,VIEW_ORG_WIDE_CHANNEL_ANALYTICS,VIEW_HUDDLE_ANALYTICS,VIEW_CLIP_ANALYTICS,VIEW_APP_ANALYTICS,VIEW_CHANNEL_ANALYTICS,VIEW_AI_ANALYTICS,VIEW_CANVAS_ANALYTICS,VIEW_WORKFLOW_ANALYTICS,VIEW_LIST_ANALYTICS,VIEW_SLACKBOT_ANALYTICS,VIEW_TOP_LEVEL_WORKFLOWS,ADD_COLLABORATOR_TO_ANY_WORKFLOW,UNPUBLISH_ANY_WORKFLOW,CREATE_WORKFLOWS,CREATE_CANVAS_TEMPLATES,PUBLISH_CANVAS_ORG_TEMPLATES,MANAGE_SALES_HOME,MANAGE_SALES_HOME_DATA_SOURCE,ADD_CUSTOM_EMOJI,DELETE_CUSTOM_EMOJI,EDIT_SLACKBOT_RESPONSES,UPDATE_NAME,UPDATE_DISPLAY_NAME,EDIT_PROFILE_PHOTO,ACCEPT_SLACK_CONNECT_INVITES,MANAGE_SLACK_CONNECT,CREATE_SLACK_CONNECT_DM,VIEW_APP_REQUESTS,MANAGE_AAA_AUTOMATION_RULES,MANAGE_SCOPE_RATINGS,VIEW_INSTALLED_APPS,MANAGE_ORG_LEVEL_APP_APPROVAL,VIEW_APPROVED_APPS,VIEW_RESTRICTED_APPS,ADD_ORG_APPS_TO_WORKSPACES,REMOVE_ORG_APPS_FROM_WORKSPACES,VIEW_DEPRECATIONS,MANAGE_WORKFLOW_CONNECTORS,MANAGE_WORKFLOW_TRIGGERS,MANAGE_APP_ACLS,CREATE_SOLUTION_TEMPLATE,PUBLISH_SOLUTION_TEMPLATE,MANAGE_SOLUTION_TEMPLATE,CREATE_LIST_TEMPLATE,CREATE_USER_GROUPS,EDIT_USER_GROUPS,DELETE_USER_GROUPS,ACCESS_SLACK_AI_DETAILED_FEEDBACK,ACCESS_SLACK_AI_STEPS_IN_WORKFLOW,ACCESS_SLACK_AI_TRANSLATIONS,ACCESS_SLACK_AI_WORKFLOW_BUILDER,ACCESS_SLACK_AI_RECORD_CHANNEL_DIGEST,ACCESS_SLACK_AI_DEVELOPMENT,ACCESS_SLACK_AI_EXPLAIN,ACCESS_SLACK_AI_CANVAS,ACCESS_SLACK_AI_SALESFORCE_CSV_MAPPER,ACCESS_SLACK_AI_SUGGESTED_SECTIONS,ACCESS_SLACK_AI_CHANNEL_SECTION_RECOMMENDATIONS,ACCESS_SLACK_AI_SLACKIVERSARY,ACCESS_ENTERPRISE_SEARCH,AUTHOR_SKILLS,AUTO_ENABLE_SKILL,CAN_MANAGE_XWS_CHANNELS,CREATE_AND_EDIT_ORG_USER_GROUPS,EDIT_ORG_USER_GROUPS,DELETE_ORG_USER_GROUPS (1) @ https://a.slack-edge.com/bv1-13-br/gantry-v2-shared.3421452a627674f7.min.js?cacheKey=gantry-1785440254:0
[    4366ms] [INFO] Jul-30 22:53:58.569 [API-Q] (T023EV54RR7) c891cfd1-1785444838.569 feature.usage.info called with reason: fetch-slackbot-ai-usage-on-window-open @ https://a.slack-edge.com/bv1-13-br/gantry-v2-shared.3421452a627674f7.min.js?cacheKey=gantry-1785440254:0
[    4367ms] [INFO] Jul-30 22:53:58.569 [API-Q] (T023EV54RR7) c891cfd1-1785444838.569 feature.usage.info is ENQUEUED @ https://a.slack-edge.com/bv1-13-br/gantry-v2-shared.3421452a627674f7.min.js?cacheKey=gantry-1785440254:0
[    4369ms] [INFO] Jul-30 22:53:58.571 [API-Q] (T023EV54RR7) c891cfd1-1785444838.571 slackbot.mcp.list called with reason: fetch-mcp-servers-for-shortcuts-menu @ https://a.slack-edge.com/bv1-13-br/gantry-v2-shared.3421452a627674f7.min.js?cacheKey=gantry-1785440254:0
[    4369ms] [INFO] Jul-30 22:53:58.571 [API-Q] (T023EV54RR7) c891cfd1-1785444838.571 slackbot.mcp.list is ENQUEUED @ https://a.slack-edge.com/bv1-13-br/gantry-v2-shared.3421452a627674f7.min.js?cacheKey=gantry-1785440254:0
[    4371ms] [INFO] Jul-30 22:53:58.574 [SOCKET-MANAGER] (T023EV54RR7) Changing from prov_connecting to prov_connected @ https://a.slack-edge.com/bv1-13-br/gantry-v2-shared.3421452a627674f7.min.js?cacheKey=gantry-1785440254:0
[    4371ms] [INFO] Jul-30 22:53:58.574 [SOCKET-MANAGER] (T023EV54RR7) will stay in prov_connected state for up to 60000 ms @ https://a.slack-edge.com/bv1-13-br/gantry-v2-shared.3421452a627674f7.min.js?cacheKey=gantry-1785440254:0
[    4373ms] [INFO] Jul-30 22:53:58.576 [SOCKET-MANAGER] (T023EV54RR7) Changing from prov_connected to prov_finalize @ https://a.slack-edge.com/bv1-13-br/gantry-v2-shared.3421452a627674f7.min.js?cacheKey=gantry-1785440254:0
[    4374ms] [INFO] Jul-30 22:53:58.576 [SOCKET-MANAGER] (T023EV54RR7) will stay in prov_finalize state for up to 10000 ms @ https://a.slack-edge.com/bv1-13-br/gantry-v2-shared.3421452a627674f7.min.js?cacheKey=gantry-1785440254:0
[    4374ms] [INFO] Jul-30 22:53:58.576 [SOCKET-MANAGER] (T023EV54RR7) Changing from prov_finalize to prov_finalizing @ https://a.slack-edge.com/bv1-13-br/gantry-v2-shared.3421452a627674f7.min.js?cacheKey=gantry-1785440254:0
[    4374ms] [INFO] Jul-30 22:53:58.577 [SOCKET-MANAGER] (T023EV54RR7) will stay in prov_finalizing state for up to 10000 ms @ https://a.slack-edge.com/bv1-13-br/gantry-v2-shared.3421452a627674f7.min.js?cacheKey=gantry-1785440254:0
[    4374ms] [INFO] Jul-30 22:53:58.577 [SOCKET-MANAGER] (T023EV54RR7) Changing from prov_finalizing to connected @ https://a.slack-edge.com/bv1-13-br/gantry-v2-shared.3421452a627674f7.min.js?cacheKey=gantry-1785440254:0
[    4375ms] [INFO] Jul-30 22:53:58.577 [SOCKET-MANAGER] (T023EV54RR7) will stay in connected state for up to Infinity ms @ https://a.slack-edge.com/bv1-13-br/gantry-v2-shared.3421452a627674f7.min.js?cacheKey=gantry-1785440254:0
[    4375ms] [INFO] Jul-30 22:53:58.577 [SOCKET-MANAGER] (T023EV54RR7) Connected to primary region @ https://a.slack-edge.com/bv1-13-br/gantry-v2-shared.3421452a627674f7.min.js?cacheKey=gantry-1785440254:0
[    4377ms] [INFO] Jul-30 22:53:58.579 [EVENTLOG] (T023EV54RR7) fr=false, lc=false, lt=1785444578.983000 @ https://a.slack-edge.com/bv1-13-br/gantry-v2-shared.3421452a627674f7.min.js?cacheKey=gantry-1785440254:0
[    4377ms] [INFO] Jul-30 22:53:58.579 [EVENTLOG] (T023EV54RR7) fetching events since 1785444578.983000 (260 seconds ago) @ https://a.slack-edge.com/bv1-13-br/gantry-v2-shared.3421452a627674f7.min.js?cacheKey=gantry-1785440254:0
[    4378ms] [INFO] Jul-30 22:53:58.580 [API-Q] (T023EV54RR7) c891cfd1-1785444838.580 ublockworkaround.history called with reason: onSocketConnected @ https://a.slack-edge.com/bv1-13-br/gantry-v2-shared.3421452a627674f7.min.js?cacheKey=gantry-1785440254:0
[    4378ms] [INFO] Jul-30 22:53:58.580 [API-Q] (T023EV54RR7) c891cfd1-1785444838.580 ublockworkaround.history is ENQUEUED @ https://a.slack-edge.com/bv1-13-br/gantry-v2-shared.3421452a627674f7.min.js?cacheKey=gantry-1785440254:0
[    4379ms] [INFO] Jul-30 22:53:58.581 [MESSAGE-HISTORY] (T023EV54RR7) Resetting reachedEnd @ https://a.slack-edge.com/bv1-13-br/gantry-v2-shared.3421452a627674f7.min.js?cacheKey=gantry-1785440254:0
[    4380ms] [INFO] Jul-30 22:53:58.582 [API-Q] (T023EV54RR7) c891cfd1-1785444838.582 users.customStatus.list called with reason: fetchCustomStatusOnReconnect @ https://a.slack-edge.com/bv1-13-br/gantry-v2-shared.3421452a627674f7.min.js?cacheKey=gantry-1785440254:0
[    4380ms] [INFO] Jul-30 22:53:58.583 [API-Q] (T023EV54RR7) c891cfd1-1785444838.582 users.customStatus.list is ENQUEUED @ https://a.slack-edge.com/bv1-13-br/gantry-v2-shared.3421452a627674f7.min.js?cacheKey=gantry-1785440254:0
[    4383ms] [INFO] Jul-30 22:53:58.586 [PRESENCE_PROMPT] (T023EV54RR7) ignoring prompt due to presence (active) @ https://a.slack-edge.com/bv1-13-br/gantry-v2-shared.3421452a627674f7.min.js?cacheKey=gantry-1785440254:0
[    4384ms] [INFO] Jul-30 22:53:58.586 [GS_REQUEST] (T023EV54RR7) connected and trouble free! Continuing deferred user_change_subscribe_request call @ https://a.slack-edge.com/bv1-13-br/gantry-v2-shared.3421452a627674f7.min.js?cacheKey=gantry-1785440254:0
[    4385ms] [INFO] Jul-30 22:53:58.588 [API-Q] (T023EV54RR7) noversion-1785444838.389 Flannel users/info is RESOLVED @ https://a.slack-edge.com/bv1-13-br/gantry-v2-shared.3421452a627674f7.min.js?cacheKey=gantry-1785440254:0
[    4386ms] [INFO] Jul-30 22:53:58.588 [API-Q] (T023EV54RR7) c891cfd1-1785444838.580 ublockworkaround.history is ACTIVE @ https://a.slack-edge.com/bv1-13-br/gantry-v2-shared.3421452a627674f7.min.js?cacheKey=gantry-1785440254:0
[    4387ms] [INFO] Jul-30 22:53:58.589 [API-Q] (T023EV54RR7) noversion-1785444838.409 Flannel huddles/info is RESOLVED @ https://a.slack-edge.com/bv1-13-br/gantry-v2-shared.3421452a627674f7.min.js?cacheKey=gantry-1785440254:0
[    4387ms] [INFO] Jul-30 22:53:58.590 [API-Q] (T023EV54RR7) c891cfd1-1785444838.394 apps.profile.get is ACTIVE @ https://a.slack-edge.com/bv1-13-br/gantry-v2-shared.3421452a627674f7.min.js?cacheKey=gantry-1785440254:0
[    4388ms] [INFO] Jul-30 22:53:58.590 [UFM] (T023EV54RR7) received D0BMT4F1SL8 (1) @ https://a.slack-edge.com/bv1-13-br/gantry-v2-shared.3421452a627674f7.min.js?cacheKey=gantry-1785440254:0
[    4389ms] [INFO] Jul-30 22:53:58.592 [API-Q] (T023EV54RR7) c891cfd1-1785444838.165 megaphone.notifications.list is RESOLVED @ https://a.slack-edge.com/bv1-13-br/gantry-v2-shared.3421452a627674f7.min.js?cacheKey=gantry-1785440254:0
[    4395ms] [INFO] Jul-30 22:53:58.598 [API-Q] (T023EV54RR7) c891cfd1-1785444838.396 conversations.info is ACTIVE @ https://a.slack-edge.com/bv1-13-br/gantry-v2-shared.3421452a627674f7.min.js?cacheKey=gantry-1785440254:0
[    4396ms] [INFO] Jul-30 22:53:58.598 [API-Q] (T023EV54RR7) c891cfd1-1785444838.166 megaphone.notifications.list is RESOLVED @ https://a.slack-edge.com/bv1-13-br/gantry-v2-shared.3421452a627674f7.min.js?cacheKey=gantry-1785440254:0
[    4404ms] [INFO] Jul-30 22:53:58.607 [API-Q] (T023EV54RR7) c891cfd1-1785444838.400 dnd.info is ACTIVE @ https://a.slack-edge.com/bv1-13-br/gantry-v2-shared.3421452a627674f7.min.js?cacheKey=gantry-1785440254:0
[    4405ms] [INFO] Jul-30 22:53:58.607 [API-Q] (T023EV54RR7) c891cfd1-1785444838.607 onboarding.fetch called with reason: vacation_emoji_pack @ https://a.slack-edge.com/bv1-13-br/gantry-v2-shared.3421452a627674f7.min.js?cacheKey=gantry-1785440254:0
[    4405ms] [INFO] Jul-30 22:53:58.608 [API-Q] (T023EV54RR7) c891cfd1-1785444838.607 onboarding.fetch is ENQUEUED @ https://a.slack-edge.com/bv1-13-br/gantry-v2-shared.3421452a627674f7.min.js?cacheKey=gantry-1785440254:0
[    4449ms] [INFO] Jul-30 22:53:58.652 [PERSIST] Purged persisted models [] @ https://a.slack-edge.com/bv1-13-br/gantry-v2-shared.3421452a627674f7.min.js?cacheKey=gantry-1785440254:0
[    4452ms] [INFO] Jul-30 22:53:58.655 [BOOT] Client boot completed @ https://a.slack-edge.com/bv1-13-br/gantry-v2-shared.3421452a627674f7.min.js?cacheKey=gantry-1785440254:0
[    4462ms] [INFO] Jul-30 22:53:58.664 [RTM-EVENT-METRICS] Metrics collection sampling has been reset. @ https://a.slack-edge.com/bv1-13-br/gantry-v2-shared.3421452a627674f7.min.js?cacheKey=gantry-1785440254:0
[    4468ms] [WARNING] Jul-30 22:53:58.670 SERVICE-WORKER Found existing value for https://slack.com/fake-url-for-service-worker-item-storage/locales; Will overwrite value. @ https://a.slack-edge.com/bv1-13-br/gantry-v2-shared.3421452a627674f7.min.js?cacheKey=gantry-1785440254:0
[    4468ms] [INFO] Jul-30 22:53:58.671 [SERVICE-WORKER] Writing (["en-US"]) to Service Worker with key https://slack.com/fake-url-for-service-worker-item-storage/locales. @ https://a.slack-edge.com/bv1-13-br/gantry-v2-shared.3421452a627674f7.min.js?cacheKey=gantry-1785440254:0
[    4469ms] [INFO] Jul-30 22:53:58.672 [API-Q] (T023EV54RR7) c891cfd1-1785444838.183 calendar.getInstalledCalendars is RESOLVED @ https://a.slack-edge.com/bv1-13-br/gantry-v2-shared.3421452a627674f7.min.js?cacheKey=gantry-1785440254:0
[    4471ms] [INFO] Jul-30 22:53:58.674 [API-Q] (T023EV54RR7) c891cfd1-1785444838.673 calendar.user.info called with reason: calendar-get-user-info @ https://a.slack-edge.com/bv1-13-br/gantry-v2-shared.3421452a627674f7.min.js?cacheKey=gantry-1785440254:0
[    4471ms] [INFO] Jul-30 22:53:58.674 [API-Q] (T023EV54RR7) c891cfd1-1785444838.673 calendar.user.info is ENQUEUED @ https://a.slack-edge.com/bv1-13-br/gantry-v2-shared.3421452a627674f7.min.js?cacheKey=gantry-1785440254:0
[    4472ms] [INFO] Jul-30 22:53:58.675 [API-Q] (T023EV54RR7) c891cfd1-1785444838.401 help.issues.ticketStats is ACTIVE @ https://a.slack-edge.com/bv1-13-br/gantry-v2-shared.3421452a627674f7.min.js?cacheKey=gantry-1785440254:0
[    4484ms] [INFO] Jul-30 22:53:58.687 [API-Q] (T023EV54RR7) c891cfd1-1785444838.392 apps.profile.get is RESOLVED @ https://a.slack-edge.com/bv1-13-br/gantry-v2-shared.3421452a627674f7.min.js?cacheKey=gantry-1785440254:0
[    4486ms] [INFO] Jul-30 22:53:58.688 [API-Q] (T023EV54RR7) c891cfd1-1785444838.394 apps.profile.get is ACTIVE @ https://a.slack-edge.com/bv1-13-br/gantry-v2-shared.3421452a627674f7.min.js?cacheKey=gantry-1785440254:0
[    4487ms] [INFO] Jul-30 22:53:58.689 [API-Q] (T023EV54RR7) c891cfd1-1785444838.393 apps.profile.get is RESOLVED @ https://a.slack-edge.com/bv1-13-br/gantry-v2-shared.3421452a627674f7.min.js?cacheKey=gantry-1785440254:0
[    4488ms] [INFO] Jul-30 22:53:58.690 [API-Q] (T023EV54RR7) c891cfd1-1785444838.411 team.targetingCriteria is ACTIVE @ https://a.slack-edge.com/bv1-13-br/gantry-v2-shared.3421452a627674f7.min.js?cacheKey=gantry-1785440254:0
[    4489ms] [INFO] Jul-30 22:53:58.691 [API-Q] (T023EV54RR7) c891cfd1-1785444838.392 apps.profile.get is RESOLVED @ https://a.slack-edge.com/bv1-13-br/gantry-v2-shared.3421452a627674f7.min.js?cacheKey=gantry-1785440254:0
[    4490ms] [INFO] Jul-30 22:53:58.692 [API-Q] (T023EV54RR7) c891cfd1-1785444838.442 workflows.triggers.list is ACTIVE @ https://a.slack-edge.com/bv1-13-br/gantry-v2-shared.3421452a627674f7.min.js?cacheKey=gantry-1785440254:0
[    4498ms] [WARNING] Jul-30 22:53:58.700 AVDeviceService [AVDeviceService] [HEALTH] [avds_1785444837938] Invalid device list on attempt 1 (3 devices, none with valid IDs) @ https://a.slack-edge.com/bv1-13-br/gantry-v2-shared.3421452a627674f7.min.js?cacheKey=gantry-1785440254:0
[    4498ms] [INFO] Jul-30 22:53:58.700 [AVDEVICESERVICE] [AVDeviceService] [ACQUISITION] [avds_1785444837938] Retry attempt 1 for enumerateDevices with 500ms delay @ https://a.slack-edge.com/bv1-13-br/gantry-v2-shared.3421452a627674f7.min.js?cacheKey=gantry-1785440254:0
[    4577ms] [INFO] Jul-30 22:53:58.779 [SERVICE-WORKER] registration success {} @ https://a.slack-edge.com/bv1-13-br/gantry-v2-shared.3421452a627674f7.min.js?cacheKey=gantry-1785440254:0
[    4578ms] [INFO] Jul-30 22:53:58.780 [SERVICE-WORKER-STATE] initial activated @ https://a.slack-edge.com/bv1-13-br/gantry-v2-shared.3421452a627674f7.min.js?cacheKey=gantry-1785440254:0
[    4580ms] [INFO] Jul-30 22:53:58.782 [API-Q] (T023EV54RR7) c891cfd1-1785444838.580 ublockworkaround.history is RESOLVED @ https://a.slack-edge.com/bv1-13-br/gantry-v2-shared.3421452a627674f7.min.js?cacheKey=gantry-1785440254:0
[    4582ms] [INFO] Jul-30 22:53:58.784 [API-Q] (T023EV54RR7) c891cfd1-1785444838.569 feature.usage.info is ACTIVE @ https://a.slack-edge.com/bv1-13-br/gantry-v2-shared.3421452a627674f7.min.js?cacheKey=gantry-1785440254:0
[    4583ms] [INFO] Jul-30 22:53:58.785 [EVENTLOG] (T023EV54RR7) nothing to process @ https://a.slack-edge.com/bv1-13-br/gantry-v2-shared.3421452a627674f7.min.js?cacheKey=gantry-1785440254:0
[    4583ms] [INFO] Jul-30 22:53:58.785 [EVENTLOG] (T023EV54RR7) fetched finish (aborted? false) @ https://a.slack-edge.com/bv1-13-br/gantry-v2-shared.3421452a627674f7.min.js?cacheKey=gantry-1785440254:0
[    4583ms] [INFO] Jul-30 22:53:58.785 [EVENTLOG] (T023EV54RR7) dispatching signal and clearing timestamp @ https://a.slack-edge.com/bv1-13-br/gantry-v2-shared.3421452a627674f7.min.js?cacheKey=gantry-1785440254:0
[    4585ms] [INFO] Jul-30 22:53:58.787 [API-Q] (T023EV54RR7) c891cfd1-1785444838.396 conversations.info is RESOLVED @ https://a.slack-edge.com/bv1-13-br/gantry-v2-shared.3421452a627674f7.min.js?cacheKey=gantry-1785440254:0
[    4586ms] [INFO] Jul-30 22:53:58.788 [API-Q] (T023EV54RR7) c891cfd1-1785444838.571 slackbot.mcp.list is ACTIVE @ https://a.slack-edge.com/bv1-13-br/gantry-v2-shared.3421452a627674f7.min.js?cacheKey=gantry-1785440254:0
[    4586ms] [INFO] Jul-30 22:53:58.789 [UFM] (T023EV54RR7) received D0BMT4F1SL8 (1) @ https://a.slack-edge.com/bv1-13-br/gantry-v2-shared.3421452a627674f7.min.js?cacheKey=gantry-1785440254:0
[    4590ms] [INFO] Jul-30 22:53:58.792 [API-Q] (T023EV54RR7) c891cfd1-1785444838.400 dnd.info is RESOLVED @ https://a.slack-edge.com/bv1-13-br/gantry-v2-shared.3421452a627674f7.min.js?cacheKey=gantry-1785440254:0
[    4591ms] [INFO] Jul-30 22:53:58.793 [DND] (T023EV54RR7) Fetched DND info for the following member: U07DB40NK51 @ https://a.slack-edge.com/bv1-13-br/gantry-v2-shared.3421452a627674f7.min.js?cacheKey=gantry-1785440254:0
[    4599ms] [INFO] Jul-30 22:53:58.802 [DND_V2] (T023EV54RR7) Not setting a timer as all schedules are stale @ https://a.slack-edge.com/bv1-13-br/gantry-v2-shared.3421452a627674f7.min.js?cacheKey=gantry-1785440254:0
[    4600ms] [INFO] Jul-30 22:53:58.803 [API-Q] (T023EV54RR7) c891cfd1-1785444838.582 users.customStatus.list is ACTIVE @ https://a.slack-edge.com/bv1-13-br/gantry-v2-shared.3421452a627674f7.min.js?cacheKey=gantry-1785440254:0
[    4637ms] [INFO] Jul-30 22:53:58.839 [API-Q] (T023EV54RR7) c891cfd1-1785444838.401 help.issues.ticketStats is RESOLVED @ https://a.slack-edge.com/bv1-13-br/gantry-v2-shared.3421452a627674f7.min.js?cacheKey=gantry-1785440254:0
[    4640ms] [INFO] Jul-30 22:53:58.843 [API-Q] (T023EV54RR7) c891cfd1-1785444838.607 onboarding.fetch is ACTIVE @ https://a.slack-edge.com/bv1-13-br/gantry-v2-shared.3421452a627674f7.min.js?cacheKey=gantry-1785440254:0
[    4643ms] [INFO] Jul-30 22:53:58.846 [API-Q] (T023EV54RR7) c891cfd1-1785444838.411 team.targetingCriteria is RESOLVED @ https://a.slack-edge.com/bv1-13-br/gantry-v2-shared.3421452a627674f7.min.js?cacheKey=gantry-1785440254:0
[    4646ms] [INFO] Jul-30 22:53:58.848 [API-Q] (T023EV54RR7) c891cfd1-1785444838.673 calendar.user.info is ACTIVE @ https://a.slack-edge.com/bv1-13-br/gantry-v2-shared.3421452a627674f7.min.js?cacheKey=gantry-1785440254:0
[    4649ms] [INFO] Jul-30 22:53:58.851 [API-Q] (T023EV54RR7) c891cfd1-1785444838.442 workflows.triggers.list is RESOLVED @ https://a.slack-edge.com/bv1-13-br/gantry-v2-shared.3421452a627674f7.min.js?cacheKey=gantry-1785440254:0
[    4730ms] [INFO] Jul-30 22:53:58.933 [API-Q] (T023EV54RR7) c891cfd1-1785444838.569 feature.usage.info is RESOLVED @ https://a.slack-edge.com/bv1-13-br/gantry-v2-shared.3421452a627674f7.min.js?cacheKey=gantry-1785440254:0
[    4741ms] [INFO] Jul-30 22:53:58.944 [API-Q] (T023EV54RR7) c891cfd1-1785444838.571 slackbot.mcp.list is RESOLVED @ https://a.slack-edge.com/bv1-13-br/gantry-v2-shared.3421452a627674f7.min.js?cacheKey=gantry-1785440254:0
[    4745ms] [INFO] Jul-30 22:53:58.948 [API-Q] (T023EV54RR7) noversion-1785444838.948 Flannel users/info called with reason: flannel-call:users/info @ https://a.slack-edge.com/bv1-13-br/gantry-v2-shared.3421452a627674f7.min.js?cacheKey=gantry-1785440254:0
[    4745ms] [INFO] Jul-30 22:53:58.948 [API-Q] (T023EV54RR7) noversion-1785444838.948 Flannel users/info is ENQUEUED @ https://a.slack-edge.com/bv1-13-br/gantry-v2-shared.3421452a627674f7.min.js?cacheKey=gantry-1785440254:0
[    4747ms] [INFO] Jul-30 22:53:58.949 [API-Q] (T023EV54RR7) noversion-1785444838.948 Flannel users/info is ACTIVE @ https://a.slack-edge.com/bv1-13-br/gantry-v2-shared.3421452a627674f7.min.js?cacheKey=gantry-1785440254:0
[    4747ms] [INFO] Jul-30 22:53:58.950 [UFM] (T023EV54RR7) requesting A0BLHCTS1AT (1) @ https://a.slack-edge.com/bv1-13-br/gantry-v2-shared.3421452a627674f7.min.js?cacheKey=gantry-1785440254:0
[    4749ms] [INFO] Jul-30 22:53:58.951 [API-Q] (T023EV54RR7) c891cfd1-1785444838.951 apps.profile.get called with reason: fetch-all-apps-by-id @ https://a.slack-edge.com/bv1-13-br/gantry-v2-shared.3421452a627674f7.min.js?cacheKey=gantry-1785440254:0
[    4749ms] [INFO] Jul-30 22:53:58.951 [API-Q] (T023EV54RR7) c891cfd1-1785444838.951 apps.profile.get is ENQUEUED @ https://a.slack-edge.com/bv1-13-br/gantry-v2-shared.3421452a627674f7.min.js?cacheKey=gantry-1785440254:0
[    4750ms] [INFO] Jul-30 22:53:58.953 [API-Q] (T023EV54RR7) c891cfd1-1785444838.951 apps.profile.get is ACTIVE @ https://a.slack-edge.com/bv1-13-br/gantry-v2-shared.3421452a627674f7.min.js?cacheKey=gantry-1785440254:0
[    4762ms] [INFO] Jul-30 22:53:58.965 [API-Q] (T023EV54RR7) c891cfd1-1785444838.582 users.customStatus.list is RESOLVED @ https://a.slack-edge.com/bv1-13-br/gantry-v2-shared.3421452a627674f7.min.js?cacheKey=gantry-1785440254:0
[    4774ms] [INFO] Jul-30 22:53:58.976 [API-Q] (T023EV54RR7) c891cfd1-1785444838.394 apps.profile.get is RESOLVED @ https://a.slack-edge.com/bv1-13-br/gantry-v2-shared.3421452a627674f7.min.js?cacheKey=gantry-1785440254:0
[    4776ms] [INFO] Jul-30 22:53:58.978 [API-Q] (T023EV54RR7) noversion-1785444838.948 Flannel users/info is RESOLVED @ https://a.slack-edge.com/bv1-13-br/gantry-v2-shared.3421452a627674f7.min.js?cacheKey=gantry-1785440254:0
[    4787ms] [INFO] Jul-30 22:53:58.990 [API-Q] (T023EV54RR7) c891cfd1-1785444838.607 onboarding.fetch is RESOLVED @ https://a.slack-edge.com/bv1-13-br/gantry-v2-shared.3421452a627674f7.min.js?cacheKey=gantry-1785440254:0
[    4792ms] [INFO] Jul-30 22:53:58.995 [API-Q] (T023EV54RR7) c891cfd1-1785444838.673 calendar.user.info is RESOLVED @ https://a.slack-edge.com/bv1-13-br/gantry-v2-shared.3421452a627674f7.min.js?cacheKey=gantry-1785440254:0
[    4796ms] [INFO] Jul-30 22:53:58.999 [API-Q] (T023EV54RR7) c891cfd1-1785444838.998 conversations.listPrefs called with reason: client_redux_store @ https://a.slack-edge.com/bv1-13-br/gantry-v2-shared.3421452a627674f7.min.js?cacheKey=gantry-1785440254:0
[    4797ms] [INFO] Jul-30 22:53:58.999 [API-Q] (T023EV54RR7) c891cfd1-1785444838.998 conversations.listPrefs is ENQUEUED @ https://a.slack-edge.com/bv1-13-br/gantry-v2-shared.3421452a627674f7.min.js?cacheKey=gantry-1785440254:0
[    4798ms] [INFO] Jul-30 22:53:59.001 [API-Q] (T023EV54RR7) c891cfd1-1785444838.998 conversations.listPrefs is ACTIVE @ https://a.slack-edge.com/bv1-13-br/gantry-v2-shared.3421452a627674f7.min.js?cacheKey=gantry-1785440254:0
[    4805ms] [INFO] Jul-30 22:53:59.008 [API-Q] (T023EV54RR7) c891cfd1-1785444838.394 apps.profile.get is RESOLVED @ https://a.slack-edge.com/bv1-13-br/gantry-v2-shared.3421452a627674f7.min.js?cacheKey=gantry-1785440254:0
[    4907ms] [INFO] Jul-30 22:53:59.110 [API-Q] (T023EV54RR7) c891cfd1-1785444838.951 apps.profile.get is RESOLVED @ https://a.slack-edge.com/bv1-13-br/gantry-v2-shared.3421452a627674f7.min.js?cacheKey=gantry-1785440254:0
[    4908ms] [INFO] Jul-30 22:53:59.111 [UFM] (T023EV54RR7) received A0BLHCTS1AT (1) @ https://a.slack-edge.com/bv1-13-br/gantry-v2-shared.3421452a627674f7.min.js?cacheKey=gantry-1785440254:0
[    4922ms] [INFO] Jul-30 22:53:59.124 [API-Q] (T023EV54RR7) c891cfd1-1785444838.394 apps.profile.get is RESOLVED @ https://a.slack-edge.com/bv1-13-br/gantry-v2-shared.3421452a627674f7.min.js?cacheKey=gantry-1785440254:0
[    4940ms] [INFO] Jul-30 22:53:59.143 [API-Q] (T023EV54RR7) c891cfd1-1785444838.998 conversations.listPrefs is RESOLVED @ https://a.slack-edge.com/bv1-13-br/gantry-v2-shared.3421452a627674f7.min.js?cacheKey=gantry-1785440254:0
[    4948ms] [INFO] Jul-30 22:53:59.150 [UFM-PERMISSIONS] (T023EV54RR7) requesting CAN_AT_CHANNEL,CAN_AT_EVERYONE,ARCHIVE_CHANNEL (1) @ https://a.slack-edge.com/bv1-13-br/gantry-v2-shared.3421452a627674f7.min.js?cacheKey=gantry-1785440254:0
[    4948ms] [INFO] Jul-30 22:53:59.151 [API-Q] (T023EV54RR7) noversion-1785444839.151 Flannel permissions/info called with reason: flannel-call:permissions/info @ https://a.slack-edge.com/bv1-13-br/gantry-v2-shared.3421452a627674f7.min.js?cacheKey=gantry-1785440254:0
[    4949ms] [INFO] Jul-30 22:53:59.151 [API-Q] (T023EV54RR7) noversion-1785444839.151 Flannel permissions/info is ENQUEUED @ https://a.slack-edge.com/bv1-13-br/gantry-v2-shared.3421452a627674f7.min.js?cacheKey=gantry-1785440254:0
[    4949ms] [INFO] Jul-30 22:53:59.152 [API-Q] (T023EV54RR7) noversion-1785444839.151 Flannel permissions/info is ACTIVE @ https://a.slack-edge.com/bv1-13-br/gantry-v2-shared.3421452a627674f7.min.js?cacheKey=gantry-1785440254:0
[    4972ms] [INFO] Jul-30 22:53:59.175 [UFM] (T023EV54RR7) requesting A0BLHCTS1AT (1) @ https://a.slack-edge.com/bv1-13-br/gantry-v2-shared.3421452a627674f7.min.js?cacheKey=gantry-1785440254:0
[    4973ms] [INFO] Jul-30 22:53:59.176 [API-Q] (T023EV54RR7) c891cfd1-1785444839.175 apps.profile.get called with reason: fetch-all-apps-by-id @ https://a.slack-edge.com/bv1-13-br/gantry-v2-shared.3421452a627674f7.min.js?cacheKey=gantry-1785440254:0
[    4973ms] [INFO] Jul-30 22:53:59.176 [API-Q] (T023EV54RR7) c891cfd1-1785444839.175 apps.profile.get is ENQUEUED @ https://a.slack-edge.com/bv1-13-br/gantry-v2-shared.3421452a627674f7.min.js?cacheKey=gantry-1785440254:0
[    4974ms] [INFO] Jul-30 22:53:59.177 [API-Q] (T023EV54RR7) c891cfd1-1785444839.175 apps.profile.get is ACTIVE @ https://a.slack-edge.com/bv1-13-br/gantry-v2-shared.3421452a627674f7.min.js?cacheKey=gantry-1785440254:0
[    4986ms] [INFO] Jul-30 22:53:59.188 [API-Q] (T023EV54RR7) noversion-1785444839.151 Flannel permissions/info is RESOLVED @ https://a.slack-edge.com/bv1-13-br/gantry-v2-shared.3421452a627674f7.min.js?cacheKey=gantry-1785440254:0
[    4986ms] [INFO] Jul-30 22:53:59.188 [UFM-PERMISSIONS] (T023EV54RR7) received CAN_AT_CHANNEL,CAN_AT_EVERYONE,ARCHIVE_CHANNEL (1) @ https://a.slack-edge.com/bv1-13-br/gantry-v2-shared.3421452a627674f7.min.js?cacheKey=gantry-1785440254:0
[    5023ms] [WARNING] Jul-30 22:53:59.226 AVDeviceService [AVDeviceService] [HEALTH] [avds_1785444837938] Invalid device list on attempt 2 (3 devices, none with valid IDs) @ https://a.slack-edge.com/bv1-13-br/gantry-v2-shared.3421452a627674f7.min.js?cacheKey=gantry-1785440254:0
[    5023ms] [INFO] Jul-30 22:53:59.226 [AVDEVICESERVICE] [AVDeviceService] [ACQUISITION] [avds_1785444837938] Retry attempt 2 for enumerateDevices with 750ms delay @ https://a.slack-edge.com/bv1-13-br/gantry-v2-shared.3421452a627674f7.min.js?cacheKey=gantry-1785440254:0
[    5075ms] [INFO] Jul-30 22:53:59.277 [DRAFTS] (T023EV54RR7) There are no channels with drafts @ https://a.slack-edge.com/bv1-13-br/gantry-v2-shared.3421452a627674f7.min.js?cacheKey=gantry-1785440254:0
[    5075ms] [INFO] Jul-30 22:53:59.278 [BOOT] (T023EV54RR7) Beaconed client boot mount success @ https://a.slack-edge.com/bv1-13-br/gantry-v2-shared.3421452a627674f7.min.js?cacheKey=gantry-1785440254:0
[    5077ms] [INFO] Jul-30 22:53:59.279 [API-Q] (T023EV54RR7) c891cfd1-1785444839.278 sharedInvites.canGetLink called with reason: sidebar-mount @ https://a.slack-edge.com/bv1-13-br/gantry-v2-shared.3421452a627674f7.min.js?cacheKey=gantry-1785440254:0
[    5077ms] [INFO] Jul-30 22:53:59.280 [API-Q] (T023EV54RR7) c891cfd1-1785444839.278 sharedInvites.canGetLink is ENQUEUED @ https://a.slack-edge.com/bv1-13-br/gantry-v2-shared.3421452a627674f7.min.js?cacheKey=gantry-1785440254:0
[    5104ms] [INFO] Jul-30 22:53:59.306 [API-Q] (T023EV54RR7) c891cfd1-1785444839.306 users.interactions.list called with reason: ai_workspace_resource_tab_coachmark @ https://a.slack-edge.com/bv1-13-br/gantry-v2-shared.3421452a627674f7.min.js?cacheKey=gantry-1785440254:0
[    5105ms] [INFO] Jul-30 22:53:59.307 [API-Q] (T023EV54RR7) c891cfd1-1785444839.306 users.interactions.list is ENQUEUED @ https://a.slack-edge.com/bv1-13-br/gantry-v2-shared.3421452a627674f7.min.js?cacheKey=gantry-1785440254:0
[    5108ms] [INFO] Jul-30 22:53:59.310 [API-Q] (T023EV54RR7) c891cfd1-1785444839.310 apps.home.dispatchOpenEvent called with reason: app-home-logging @ https://a.slack-edge.com/bv1-13-br/gantry-v2-shared.3421452a627674f7.min.js?cacheKey=gantry-1785440254:0
[    5108ms] [INFO] Jul-30 22:53:59.311 [API-Q] (T023EV54RR7) c891cfd1-1785444839.310 apps.home.dispatchOpenEvent is ENQUEUED @ https://a.slack-edge.com/bv1-13-br/gantry-v2-shared.3421452a627674f7.min.js?cacheKey=gantry-1785440254:0
[    5115ms] [INFO] Jul-30 22:53:59.318 [ALLTHREADSROWELEMENT] (T023EV54RR7) From channel badges count, has unreads: false with badge count: 0 @ https://a.slack-edge.com/bv1-13-br/gantry-v2-shared.3421452a627674f7.min.js?cacheKey=gantry-1785440254:0
[    5272ms] [INFO] Jul-30 22:53:59.474 [HISTORY-FETCH] (T023EV54RR7) Fetching history for message pane: D0BMT4F1SL8 oldest: 1785444543.536269 latest: null @ https://a.slack-edge.com/bv1-13-br/gantry-v2-shared.3421452a627674f7.min.js?cacheKey=gantry-1785440254:0
[    5275ms] [INFO] Jul-30 22:53:59.476 [API-Q] (T023EV54RR7) c891cfd1-1785444839.476 conversations.history called with reason: message-pane/requestHistory @ https://a.slack-edge.com/bv1-13-br/gantry-v2-shared.3421452a627674f7.min.js?cacheKey=gantry-1785440254:0
[    5275ms] [INFO] Jul-30 22:53:59.477 [API-Q] (T023EV54RR7) c891cfd1-1785444839.476 conversations.history is ENQUEUED @ https://a.slack-edge.com/bv1-13-br/gantry-v2-shared.3421452a627674f7.min.js?cacheKey=gantry-1785440254:0
[    5304ms] [INFO] Jul-30 22:53:59.506 [API-Q] (T023EV54RR7) c891cfd1-1785444839.505 users.profile.getSections called with reason: profiles @ https://a.slack-edge.com/bv1-13-br/gantry-v2-shared.3421452a627674f7.min.js?cacheKey=gantry-1785440254:0
[    5304ms] [INFO] Jul-30 22:53:59.506 [API-Q] (T023EV54RR7) c891cfd1-1785444839.505 users.profile.getSections is ENQUEUED @ https://a.slack-edge.com/bv1-13-br/gantry-v2-shared.3421452a627674f7.min.js?cacheKey=gantry-1785440254:0
[    5316ms] [INFO] Jul-30 22:53:59.519 [API-Q] (T023EV54RR7) noversion-1785444839.519 Flannel permissions/info called with reason: flannel-call:permissions/info @ https://a.slack-edge.com/bv1-13-br/gantry-v2-shared.3421452a627674f7.min.js?cacheKey=gantry-1785440254:0
[    5317ms] [INFO] Jul-30 22:53:59.519 [API-Q] (T023EV54RR7) noversion-1785444839.519 Flannel permissions/info is ENQUEUED @ https://a.slack-edge.com/bv1-13-br/gantry-v2-shared.3421452a627674f7.min.js?cacheKey=gantry-1785440254:0
[    5317ms] [INFO] Jul-30 22:53:59.520 [API-Q] (T023EV54RR7) c891cfd1-1785444839.278 sharedInvites.canGetLink is ACTIVE @ https://a.slack-edge.com/bv1-13-br/gantry-v2-shared.3421452a627674f7.min.js?cacheKey=gantry-1785440254:0
[    5317ms] [INFO] Jul-30 22:53:59.520 [API-Q] (T023EV54RR7) c891cfd1-1785444839.306 users.interactions.list is ACTIVE @ https://a.slack-edge.com/bv1-13-br/gantry-v2-shared.3421452a627674f7.min.js?cacheKey=gantry-1785440254:0
[    5318ms] [INFO] Jul-30 22:53:59.520 [API-Q] (T023EV54RR7) c891cfd1-1785444839.310 apps.home.dispatchOpenEvent is ACTIVE @ https://a.slack-edge.com/bv1-13-br/gantry-v2-shared.3421452a627674f7.min.js?cacheKey=gantry-1785440254:0
[    5318ms] [INFO] Jul-30 22:53:59.521 [API-Q] (T023EV54RR7) c891cfd1-1785444839.476 conversations.history is ACTIVE @ https://a.slack-edge.com/bv1-13-br/gantry-v2-shared.3421452a627674f7.min.js?cacheKey=gantry-1785440254:0
[    5319ms] [INFO] Jul-30 22:53:59.521 [API-Q] (T023EV54RR7) c891cfd1-1785444839.505 users.profile.getSections is ACTIVE @ https://a.slack-edge.com/bv1-13-br/gantry-v2-shared.3421452a627674f7.min.js?cacheKey=gantry-1785440254:0
[    5319ms] [INFO] Jul-30 22:53:59.522 [API-Q] (T023EV54RR7) noversion-1785444839.519 Flannel permissions/info is ACTIVE @ https://a.slack-edge.com/bv1-13-br/gantry-v2-shared.3421452a627674f7.min.js?cacheKey=gantry-1785440254:0
[    5330ms] [INFO] Jul-30 22:53:59.532 [MESSAGE-LIST] (T023EV54RR7) componentWillReceiveProps isLoading: true isLoadingOlder: false timestamps: 8 @ https://a.slack-edge.com/bv1-13-br/gantry-v2-shared.3421452a627674f7.min.js?cacheKey=gantry-1785440254:0
[    5333ms] [INFO] Jul-30 22:53:59.536 [CHECK-UNREADS] (T023EV54RR7) unreadLineVisible updated in main window container primary: undefined -> false @ https://a.slack-edge.com/bv1-13-br/gantry-v2-shared.3421452a627674f7.min.js?cacheKey=gantry-1785440254:0
[    5345ms] [INFO] Jul-30 22:53:59.548 [API-Q] (T023EV54RR7) c891cfd1-1785444839.547 bookmarks.list called with reason: bookmarks-store/conditional-fetching @ https://a.slack-edge.com/bv1-13-br/gantry-v2-shared.3421452a627674f7.min.js?cacheKey=gantry-1785440254:0
[    5346ms] [INFO] Jul-30 22:53:59.548 [API-Q] (T023EV54RR7) c891cfd1-1785444839.547 bookmarks.list is ENQUEUED @ https://a.slack-edge.com/bv1-13-br/gantry-v2-shared.3421452a627674f7.min.js?cacheKey=gantry-1785440254:0
[    5347ms] [INFO] Jul-30 22:53:59.549 [API-Q] (T023EV54RR7) c891cfd1-1785444839.547 bookmarks.list is ACTIVE @ https://a.slack-edge.com/bv1-13-br/gantry-v2-shared.3421452a627674f7.min.js?cacheKey=gantry-1785440254:0
[    5347ms] [INFO] Jul-30 22:53:59.549 [UFM] (T023EV54RR7) requesting C04LNTEFX6X,D0B9WCNHRDG,C0B4FT50MRN,D07DDMHU3N0,C023EV55AGH,D07CWLB1BQF,D07E015C0MN,D0B5PJ7QBLL (1) @ https://a.slack-edge.com/bv1-13-br/gantry-v2-shared.3421452a627674f7.min.js?cacheKey=gantry-1785440254:0
[    5348ms] [INFO] Jul-30 22:53:59.550 [API-Q] (T023EV54RR7) noversion-1785444839.550 Flannel huddles/info called with reason: flannel-call:huddles/info @ https://a.slack-edge.com/bv1-13-br/gantry-v2-shared.3421452a627674f7.min.js?cacheKey=gantry-1785440254:0
[    5348ms] [INFO] Jul-30 22:53:59.550 [API-Q] (T023EV54RR7) noversion-1785444839.550 Flannel huddles/info is ENQUEUED @ https://a.slack-edge.com/bv1-13-br/gantry-v2-shared.3421452a627674f7.min.js?cacheKey=gantry-1785440254:0
[    5348ms] [INFO] Jul-30 22:53:59.551 [API-Q] (T023EV54RR7) noversion-1785444839.550 Flannel huddles/info is ACTIVE @ https://a.slack-edge.com/bv1-13-br/gantry-v2-shared.3421452a627674f7.min.js?cacheKey=gantry-1785440254:0
[    5349ms] [INFO] Jul-30 22:53:59.552 [API-Q] (T023EV54RR7) c891cfd1-1785444839.175 apps.profile.get is RESOLVED @ https://a.slack-edge.com/bv1-13-br/gantry-v2-shared.3421452a627674f7.min.js?cacheKey=gantry-1785440254:0
[    5350ms] [INFO] Jul-30 22:53:59.552 [UFM] (T023EV54RR7) received A0BLHCTS1AT (1) @ https://a.slack-edge.com/bv1-13-br/gantry-v2-shared.3421452a627674f7.min.js?cacheKey=gantry-1785440254:0
[    5351ms] [INFO] Jul-30 22:53:59.553 [API-Q] (T023EV54RR7) noversion-1785444839.553 Flannel users/info called with reason: flannel-call:users/info @ https://a.slack-edge.com/bv1-13-br/gantry-v2-shared.3421452a627674f7.min.js?cacheKey=gantry-1785440254:0
[    5351ms] [INFO] Jul-30 22:53:59.553 [API-Q] (T023EV54RR7) noversion-1785444839.553 Flannel users/info is ENQUEUED @ https://a.slack-edge.com/bv1-13-br/gantry-v2-shared.3421452a627674f7.min.js?cacheKey=gantry-1785440254:0
[    5351ms] [INFO] Jul-30 22:53:59.554 [API-Q] (T023EV54RR7) noversion-1785444839.553 Flannel users/info is ACTIVE @ https://a.slack-edge.com/bv1-13-br/gantry-v2-shared.3421452a627674f7.min.js?cacheKey=gantry-1785440254:0
[    5352ms] [INFO] Jul-30 22:53:59.554 [DND_V2] (T023EV54RR7) fetchAndUpsertDndForUsers - Preparing to fetch DND times for the following members: U03VCUX8XEG,U069V2P34QZ @ https://a.slack-edge.com/bv1-13-br/gantry-v2-shared.3421452a627674f7.min.js?cacheKey=gantry-1785440254:0
[    5353ms] [INFO] Jul-30 22:53:59.555 [API-Q] (T023EV54RR7) c891cfd1-1785444839.555 dnd.teamInfo called with reason: fetchAndUpsertDndForUsers-getDndTimesFor:others @ https://a.slack-edge.com/bv1-13-br/gantry-v2-shared.3421452a627674f7.min.js?cacheKey=gantry-1785440254:0
[    5353ms] [INFO] Jul-30 22:53:59.555 [API-Q] (T023EV54RR7) c891cfd1-1785444839.555 dnd.teamInfo is ENQUEUED @ https://a.slack-edge.com/bv1-13-br/gantry-v2-shared.3421452a627674f7.min.js?cacheKey=gantry-1785440254:0
[    5354ms] [INFO] Jul-30 22:53:59.556 [API-Q] (T023EV54RR7) c891cfd1-1785444838.170 aiApps.list is RESOLVED @ https://a.slack-edge.com/bv1-13-br/gantry-v2-shared.3421452a627674f7.min.js?cacheKey=gantry-1785440254:0
[    5357ms] [INFO] Jul-30 22:53:59.559 [API-Q] (T023EV54RR7) c891cfd1-1785444839.555 dnd.teamInfo is ACTIVE @ https://a.slack-edge.com/bv1-13-br/gantry-v2-shared.3421452a627674f7.min.js?cacheKey=gantry-1785440254:0
[    5394ms] [INFO] Jul-30 22:53:59.597 [API-Q] (T023EV54RR7) noversion-1785444839.519 Flannel permissions/info is RESOLVED @ https://a.slack-edge.com/bv1-13-br/gantry-v2-shared.3421452a627674f7.min.js?cacheKey=gantry-1785440254:0
[    5401ms] [INFO] Jul-30 22:53:59.603 [API-Q] (T023EV54RR7) noversion-1785444839.550 Flannel huddles/info is RESOLVED @ https://a.slack-edge.com/bv1-13-br/gantry-v2-shared.3421452a627674f7.min.js?cacheKey=gantry-1785440254:0
[    5401ms] [INFO] Jul-30 22:53:59.604 [UFM] (T023EV54RR7) received C04LNTEFX6X,D0B9WCNHRDG,C0B4FT50MRN,D07DDMHU3N0,C023EV55AGH,D07CWLB1BQF,D07E015C0MN,D0B5PJ7QBLL (1) @ https://a.slack-edge.com/bv1-13-br/gantry-v2-shared.3421452a627674f7.min.js?cacheKey=gantry-1785440254:0
[    5403ms] [INFO] Jul-30 22:53:59.605 [API-Q] (T023EV54RR7) noversion-1785444839.553 Flannel users/info is RESOLVED @ https://a.slack-edge.com/bv1-13-br/gantry-v2-shared.3421452a627674f7.min.js?cacheKey=gantry-1785440254:0
[    5449ms] [INFO] Jul-30 22:53:59.651 [API-Q] (T023EV54RR7) c891cfd1-1785444839.278 sharedInvites.canGetLink is RESOLVED @ https://a.slack-edge.com/bv1-13-br/gantry-v2-shared.3421452a627674f7.min.js?cacheKey=gantry-1785440254:0
[    5455ms] [INFO] Jul-30 22:53:59.657 [API-Q] (T023EV54RR7) c891cfd1-1785444839.306 users.interactions.list is RESOLVED @ https://a.slack-edge.com/bv1-13-br/gantry-v2-shared.3421452a627674f7.min.js?cacheKey=gantry-1785440254:0
[    5472ms] [INFO] Jul-30 22:53:59.675 [API-Q] (T023EV54RR7) c891cfd1-1785444839.505 users.profile.getSections is RESOLVED @ https://a.slack-edge.com/bv1-13-br/gantry-v2-shared.3421452a627674f7.min.js?cacheKey=gantry-1785440254:0
[    5475ms] [INFO] Jul-30 22:53:59.677 [API-Q] (T023EV54RR7) c891cfd1-1785444839.476 conversations.history is RESOLVED @ https://a.slack-edge.com/bv1-13-br/gantry-v2-shared.3421452a627674f7.min.js?cacheKey=gantry-1785440254:0
[    5475ms] [INFO] Jul-30 22:53:59.678 [PLATFORM-CHANNEL-ACTI] (T023EV54RR7) Not updating count for channel D0BMT4F1SL8, as count was already set to 0 @ https://a.slack-edge.com/bv1-13-br/gantry-v2-shared.3421452a627674f7.min.js?cacheKey=gantry-1785440254:0
[    5478ms] [INFO] Jul-30 22:53:59.681 [PINS] (T023EV54RR7) Pins count updated for channel D0BMT4F1SL8: 0 @ https://a.slack-edge.com/bv1-13-br/gantry-v2-shared.3421452a627674f7.min.js?cacheKey=gantry-1785440254:0
[    5482ms] [INFO] Jul-30 22:53:59.684 [PERSIST] (T023EV54RR7) Successfully persisted state @ https://a.slack-edge.com/bv1-13-br/gantry-v2-shared.3421452a627674f7.min.js?cacheKey=gantry-1785440254:0
[    5483ms] [INFO] Jul-30 22:53:59.685 [API-Q] (T023EV54RR7) c891cfd1-1785444839.547 bookmarks.list is RESOLVED @ https://a.slack-edge.com/bv1-13-br/gantry-v2-shared.3421452a627674f7.min.js?cacheKey=gantry-1785440254:0
[    5498ms] [INFO] Jul-30 22:53:59.700 [MESSAGE-LIST] (T023EV54RR7) componentWillReceiveProps isLoading: false isLoadingOlder: false timestamps: 8 @ https://a.slack-edge.com/bv1-13-br/gantry-v2-shared.3421452a627674f7.min.js?cacheKey=gantry-1785440254:0
[    5515ms] [INFO] Jul-30 22:53:59.717 [CHECK-UNREADS] (T023EV54RR7) unreadLineVisible updated in main window container primary: false -> true @ https://a.slack-edge.com/bv1-13-br/gantry-v2-shared.3421452a627674f7.min.js?cacheKey=gantry-1785440254:0
[    5527ms] [INFO] Jul-30 22:53:59.729 [API-Q] (T023EV54RR7) c891cfd1-1785444839.555 dnd.teamInfo is RESOLVED @ https://a.slack-edge.com/bv1-13-br/gantry-v2-shared.3421452a627674f7.min.js?cacheKey=gantry-1785440254:0
[    5528ms] [INFO] Jul-30 22:53:59.730 [DND] (T023EV54RR7) Fetched DND info for the following members: U03VCUX8XEG,U069V2P34QZ @ https://a.slack-edge.com/bv1-13-br/gantry-v2-shared.3421452a627674f7.min.js?cacheKey=gantry-1785440254:0
[    5531ms] [INFO] Jul-30 22:53:59.733 [DND_V2] (T023EV54RR7) Will check for changes in DND status again in 5 minutes @ https://a.slack-edge.com/bv1-13-br/gantry-v2-shared.3421452a627674f7.min.js?cacheKey=gantry-1785440254:0
[    5778ms] [WARNING] Jul-30 22:53:59.980 AVDeviceService [AVDeviceService] [HEALTH] [avds_1785444837938] Invalid device list on attempt 3 (3 devices, none with valid IDs) @ https://a.slack-edge.com/bv1-13-br/gantry-v2-shared.3421452a627674f7.min.js?cacheKey=gantry-1785440254:0
[    5778ms] [INFO] Jul-30 22:53:59.981 [AVDEVICESERVICE] [AVDeviceService] [ACQUISITION] [avds_1785444837938] Retry attempt 3 for enumerateDevices with 1000ms delay @ https://a.slack-edge.com/bv1-13-br/gantry-v2-shared.3421452a627674f7.min.js?cacheKey=gantry-1785440254:0
[    5927ms] [INFO] Jul-30 22:54:00.129 [API-Q] (T023EV54RR7) c891cfd1-1785444839.310 apps.home.dispatchOpenEvent is RESOLVED @ https://a.slack-edge.com/bv1-13-br/gantry-v2-shared.3421452a627674f7.min.js?cacheKey=gantry-1785440254:0
[    6781ms] [WARNING] Jul-30 22:54:00.983 AVDeviceService [AVDeviceService] [HEALTH] [avds_1785444837938] Invalid device list on attempt 4 (3 devices, none with valid IDs) @ https://a.slack-edge.com/bv1-13-br/gantry-v2-shared.3421452a627674f7.min.js?cacheKey=gantry-1785440254:0
[    6781ms] [ERROR] Jul-30 22:54:00.983 AVDeviceService (?) [AVDeviceService] [ACQUISITION] [avds_1785444837938] Failed to get valid device list after 4 attempts @ https://a.slack-edge.com/bv1-13-br/gantry-v2-shared.3421452a627674f7.min.js?cacheKey=gantry-1785440254:0
[    6783ms] [INFO] Jul-30 22:54:00.985 [AVDEVICESERVICE] [AVDeviceService] [DEVICE_LIST] [avds_1785444837938] Enumerated 3 devices (deviceCount=3, devices=audioinput: "", videoinput: "", audiooutput: "") @ https://a.slack-edge.com/bv1-13-br/gantry-v2-shared.3421452a627674f7.min.js?cacheKey=gantry-1785440254:0
[    6783ms] [INFO] Jul-30 22:54:00.985 [DEVICE-PREFS] Device list validation result: false @ https://a.slack-edge.com/bv1-13-br/gantry-v2-shared.3421452a627674f7.min.js?cacheKey=gantry-1785440254:0
[    6783ms] [INFO] Jul-30 22:54:00.985 [DEVICE-PREFS] Device list updated [Object, Object, Object] @ https://a.slack-edge.com/bv1-13-br/gantry-v2-shared.3421452a627674f7.min.js?cacheKey=gantry-1785440254:0
[    6783ms] [INFO] Jul-30 22:54:00.986 [DEVICE-PREFS] Processing device list [Object, Object, Object] @ https://a.slack-edge.com/bv1-13-br/gantry-v2-shared.3421452a627674f7.min.js?cacheKey=gantry-1785440254:0
[    6783ms] [WARNING] Jul-30 22:54:00.986 DEVICE-PREFS Preferred audioinput device (default) not found. Resetting to OS default. @ https://a.slack-edge.com/bv1-13-br/gantry-v2-shared.3421452a627674f7.min.js?cacheKey=gantry-1785440254:0
[    6783ms] [WARNING] Jul-30 22:54:00.986 DEVICE-PREFS Preferred audiooutput device (default) not found. Resetting to OS default. @ https://a.slack-edge.com/bv1-13-br/gantry-v2-shared.3421452a627674f7.min.js?cacheKey=gantry-1785440254:0
[    6784ms] [INFO] Jul-30 22:54:00.986 [DEVICE-PREFS] Device list processing complete @ https://a.slack-edge.com/bv1-13-br/gantry-v2-shared.3421452a627674f7.min.js?cacheKey=gantry-1785440254:0
[    6784ms] [INFO] Jul-30 22:54:00.986 [DEVICE-PREFS] Device list change handler updated @ https://a.slack-edge.com/bv1-13-br/gantry-v2-shared.3421452a627674f7.min.js?cacheKey=gantry-1785440254:0
[    6784ms] [INFO] Jul-30 22:54:00.987 [DEVICE-PREFS] Device preferences manager initialized @ https://a.slack-edge.com/bv1-13-br/gantry-v2-shared.3421452a627674f7.min.js?cacheKey=gantry-1785440254:0
[    6784ms] [INFO] Jul-30 22:54:00.987 [DEVICE-PREFS] Analyzing stored device records @ https://a.slack-edge.com/bv1-13-br/gantry-v2-shared.3421452a627674f7.min.js?cacheKey=gantry-1785440254:0
[    6784ms] [INFO] Jul-30 22:54:00.987 [DEVICE-PREFS] Returning all records for initialization analyses @ https://a.slack-edge.com/bv1-13-br/gantry-v2-shared.3421452a627674f7.min.js?cacheKey=gantry-1785440254:0
[    6784ms] [INFO] Jul-30 22:54:00.987 [DEVICE-PREFS] Device selection records analysis: {totalRecords: 0, webAudioDevices: 0, webAudioSelectedDevices: 0, webAudioUsedDevices: 0, microphoneCount: 0} @ https://a.slack-edge.com/bv1-13-br/gantry-v2-shared.3421452a627674f7.min.js?cacheKey=gantry-1785440254:0
[    6785ms] [INFO] Jul-30 22:54:00.987 [(?)] Device preferences manager initialized @ https://a.slack-edge.com/bv1-13-br/gantry-v2-shared.3421452a627674f7.min.js?cacheKey=gantry-1785440254:0
[    7084ms] [INFO] Jul-30 22:54:01.287 [DEVICE-PREFS] Propagating device selection history update @ https://a.slack-edge.com/bv1-13-br/gantry-v2-shared.3421452a627674f7.min.js?cacheKey=gantry-1785440254:0
[    7085ms] [WARNING] Jul-30 22:54:01.288 (?) preferred device for audioinput does not exist skipping setting preferred device in huddle @ https://a.slack-edge.com/bv1-13-br/gantry-v2-shared.3421452a627674f7.min.js?cacheKey=gantry-1785440254:0
[    7085ms] [WARNING] Jul-30 22:54:01.288 (?) preferred device for audiooutput does not exist skipping setting preferred device in huddle @ https://a.slack-edge.com/bv1-13-br/gantry-v2-shared.3421452a627674f7.min.js?cacheKey=gantry-1785440254:0
[    7085ms] [WARNING] Jul-30 22:54:01.288 (?) preferred device for videoinput does not exist skipping setting preferred device in huddle @ https://a.slack-edge.com/bv1-13-br/gantry-v2-shared.3421452a627674f7.min.js?cacheKey=gantry-1785440254:0
[    8729ms] [INFO] Jul-30 22:54:02.931 [DEVICE-PERMISSIONS-MA] Refreshing all permissions @ https://a.slack-edge.com/bv1-13-br/gantry-v2-shared.3421452a627674f7.min.js?cacheKey=gantry-1785440254:0
[    8732ms] [WARNING] Jul-30 22:54:02.934 AVDeviceService [AVDeviceService] [HEALTH] [avds_1785444837938] Invalid device list on attempt 1 (3 devices, none with valid IDs) @ https://a.slack-edge.com/bv1-13-br/gantry-v2-shared.3421452a627674f7.min.js?cacheKey=gantry-1785440254:0
[    8732ms] [INFO] Jul-30 22:54:02.934 [AVDEVICESERVICE] [AVDeviceService] [ACQUISITION] [avds_1785444837938] Retry attempt 1 for enumerateDevices with 500ms delay @ https://a.slack-edge.com/bv1-13-br/gantry-v2-shared.3421452a627674f7.min.js?cacheKey=gantry-1785440254:0
[    9235ms] [WARNING] Jul-30 22:54:03.437 AVDeviceService [AVDeviceService] [HEALTH] [avds_1785444837938] Invalid device list on attempt 2 (3 devices, none with valid IDs) @ https://a.slack-edge.com/bv1-13-br/gantry-v2-shared.3421452a627674f7.min.js?cacheKey=gantry-1785440254:0
[    9235ms] [INFO] Jul-30 22:54:03.437 [AVDEVICESERVICE] [AVDeviceService] [ACQUISITION] [avds_1785444837938] Retry attempt 2 for enumerateDevices with 750ms delay @ https://a.slack-edge.com/bv1-13-br/gantry-v2-shared.3421452a627674f7.min.js?cacheKey=gantry-1785440254:0
[    9988ms] [WARNING] Jul-30 22:54:04.190 AVDeviceService [AVDeviceService] [HEALTH] [avds_1785444837938] Invalid device list on attempt 3 (3 devices, none with valid IDs) @ https://a.slack-edge.com/bv1-13-br/gantry-v2-shared.3421452a627674f7.min.js?cacheKey=gantry-1785440254:0
[    9988ms] [INFO] Jul-30 22:54:04.190 [AVDEVICESERVICE] [AVDeviceService] [ACQUISITION] [avds_1785444837938] Retry attempt 3 for enumerateDevices with 1000ms delay @ https://a.slack-edge.com/bv1-13-br/gantry-v2-shared.3421452a627674f7.min.js?cacheKey=gantry-1785440254:0
[   10991ms] [WARNING] Jul-30 22:54:05.193 AVDeviceService [AVDeviceService] [HEALTH] [avds_1785444837938] Invalid device list on attempt 4 (3 devices, none with valid IDs) @ https://a.slack-edge.com/bv1-13-br/gantry-v2-shared.3421452a627674f7.min.js?cacheKey=gantry-1785440254:0
[   10991ms] [ERROR] Jul-30 22:54:05.193 AVDeviceService (?) [AVDeviceService] [ACQUISITION] [avds_1785444837938] Failed to get valid device list after 4 attempts @ https://a.slack-edge.com/bv1-13-br/gantry-v2-shared.3421452a627674f7.min.js?cacheKey=gantry-1785440254:0
[   10991ms] [INFO] Jul-30 22:54:05.194 [AVDEVICESERVICE] [AVDeviceService] [DEVICE_LIST] [avds_1785444837938] Enumerated 3 devices (deviceCount=3, devices=audioinput: "", videoinput: "", audiooutput: "") @ https://a.slack-edge.com/bv1-13-br/gantry-v2-shared.3421452a627674f7.min.js?cacheKey=gantry-1785440254:0
[   10992ms] [INFO] Jul-30 22:54:05.195 [DEVICE-PERMISSIONS-MA] Received microphone access status for browser: prompt @ https://a.slack-edge.com/bv1-13-br/gantry-v2-shared.3421452a627674f7.min.js?cacheKey=gantry-1785440254:0
[   10992ms] [INFO] Jul-30 22:54:05.195 [DEVICE-PERMISSIONS-MA] Received camera access status for browser: prompt @ https://a.slack-edge.com/bv1-13-br/gantry-v2-shared.3421452a627674f7.min.js?cacheKey=gantry-1785440254:0
[   10993ms] [INFO] Jul-30 22:54:05.195 [DEVICE-PERMISSIONS-MA] Received screen access status for browser: prompt @ https://a.slack-edge.com/bv1-13-br/gantry-v2-shared.3421452a627674f7.min.js?cacheKey=gantry-1785440254:0
[   13043ms] [INFO] Jul-30 22:54:07.245 [QUIP] (T023EV54RR7) Initializing Collab SDK client: preload @ https://a.slack-edge.com/bv1-13-br/gantry-v2-shared.3421452a627674f7.min.js?cacheKey=gantry-1785440254:0
[   13051ms] [LOG] [WD] All assets have reported back; s: 16; f: 0 @ https://app.slack.com/client/T023EV54RR7/D0BMT4F1SL8:0
[   13345ms] [INFO] [QUIP] SystemJS Fork initialized 1785444847547-0.36217726407183803 @ https://a.slack-edge.com/canvas_blob/RxnEyllqIW_9mizf1vEgeA-module-loader:0
[   13458ms] [INFO] [Diagnostics] Adding window recorder 0810bb99f85c4fdfa7e3ba82e @ https://a.slack-edge.com/canvas_blob/TwIey7se6mQ0_u3Pa4Mm9Q:1
[   13492ms] [INFO] Jul-30 22:54:07.694 [QUIP] (T023EV54RR7) {type: set_current_user_id, timestamp_ms: 1785444847693, user_id: SaM9EAsRpWG} @ https://a.slack-edge.com/bv1-13-br/gantry-v2-shared.3421452a627674f7.min.js?cacheKey=gantry-1785440254:0
[   13493ms] [WARNING] Jul-30 22:54:07.695 TRACER (T023EV54RR7) (canvas:collab-init) was forced closed and marked with the _flush=true tag. @ https://a.slack-edge.com/bv1-13-br/gantry-v2-shared.3421452a627674f7.min.js?cacheKey=gantry-1785440254:0
[   13493ms] [WARNING] Jul-30 22:54:07.695 TRACER (T023EV54RR7) (canvas:await-callback) was forced closed and marked with the _flush=true tag. @ https://a.slack-edge.com/bv1-13-br/gantry-v2-shared.3421452a627674f7.min.js?cacheKey=gantry-1785440254:0
[   13921ms] [LOG] [CRDT] Automerge loaded. @ https://a.slack-edge.com/canvas_blob/TwIey7se6mQ0_u3Pa4Mm9Q:1
[   63526ms] [INFO] Jul-30 22:54:57.728 [ALLTHREADSROWELEMENT] (T023EV54RR7) From channel badges count, has unreads: false with badge count: 0 @ https://a.slack-edge.com/bv1-13-br/gantry-v2-shared.3421452a627674f7.min.js?cacheKey=gantry-1785440254:0
[   63595ms] [INFO] Jul-30 22:54:57.797 [UFM] (T023EV54RR7) requesting Pslackbot-ai (1) @ https://a.slack-edge.com/bv1-13-br/gantry-v2-shared.3421452a627674f7.min.js?cacheKey=gantry-1785440254:0
[   63595ms] [INFO] Jul-30 22:54:57.797 [UFM] (T023EV54RR7) received Pslackbot-ai (1) @ https://a.slack-edge.com/bv1-13-br/gantry-v2-shared.3421452a627674f7.min.js?cacheKey=gantry-1785440254:0
[   63595ms] [WARNING] Jul-30 22:54:57.797 UFM (T023EV54RR7) UnknownFetchManager requested 1 objects but received 0. Missing objects: Pslackbot-ai @ https://a.slack-edge.com/bv1-13-br/gantry-v2-shared.3421452a627674f7.min.js?cacheKey=gantry-1785440254:0
[   63596ms] [INFO] Jul-30 22:54:57.799 [API-Q] (T023EV54RR7) noversion-1785444897.799 Flannel users/counts called with reason: flannel-call:users/counts @ https://a.slack-edge.com/bv1-13-br/gantry-v2-shared.3421452a627674f7.min.js?cacheKey=gantry-1785440254:0
[   63597ms] [INFO] Jul-30 22:54:57.799 [API-Q] (T023EV54RR7) noversion-1785444897.799 Flannel users/counts is ENQUEUED @ https://a.slack-edge.com/bv1-13-br/gantry-v2-shared.3421452a627674f7.min.js?cacheKey=gantry-1785440254:0
[   63597ms] [INFO] Jul-30 22:54:57.799 [API-Q] (T023EV54RR7) noversion-1785444897.799 Flannel users/counts called with reason: flannel-call:users/counts @ https://a.slack-edge.com/bv1-13-br/gantry-v2-shared.3421452a627674f7.min.js?cacheKey=gantry-1785440254:0
[   63597ms] [INFO] Jul-30 22:54:57.799 [API-Q] (T023EV54RR7) noversion-1785444897.799 Flannel users/counts is ENQUEUED @ https://a.slack-edge.com/bv1-13-br/gantry-v2-shared.3421452a627674f7.min.js?cacheKey=gantry-1785440254:0
[   63597ms] [INFO] Jul-30 22:54:57.800 [API-Q] (T023EV54RR7) noversion-1785444897.800 Flannel users/counts called with reason: flannel-call:users/counts @ https://a.slack-edge.com/bv1-13-br/gantry-v2-shared.3421452a627674f7.min.js?cacheKey=gantry-1785440254:0
[   63597ms] [INFO] Jul-30 22:54:57.800 [API-Q] (T023EV54RR7) noversion-1785444897.800 Flannel users/counts is ENQUEUED @ https://a.slack-edge.com/bv1-13-br/gantry-v2-shared.3421452a627674f7.min.js?cacheKey=gantry-1785440254:0
[   63598ms] [INFO] Jul-30 22:54:57.800 [API-Q] (T023EV54RR7) noversion-1785444897.799 Flannel users/counts is ACTIVE @ https://a.slack-edge.com/bv1-13-br/gantry-v2-shared.3421452a627674f7.min.js?cacheKey=gantry-1785440254:0
[   63598ms] [INFO] Jul-30 22:54:57.801 [API-Q] (T023EV54RR7) noversion-1785444897.799 Flannel users/counts is ACTIVE @ https://a.slack-edge.com/bv1-13-br/gantry-v2-shared.3421452a627674f7.min.js?cacheKey=gantry-1785440254:0
[   63598ms] [INFO] Jul-30 22:54:57.801 [API-Q] (T023EV54RR7) noversion-1785444897.800 Flannel users/counts is ACTIVE @ https://a.slack-edge.com/bv1-13-br/gantry-v2-shared.3421452a627674f7.min.js?cacheKey=gantry-1785440254:0
[   63645ms] [INFO] Jul-30 22:54:57.848 [API-Q] (T023EV54RR7) noversion-1785444897.799 Flannel users/counts is RESOLVED @ https://a.slack-edge.com/bv1-13-br/gantry-v2-shared.3421452a627674f7.min.js?cacheKey=gantry-1785440254:0
[   63647ms] [INFO] Jul-30 22:54:57.850 [API-Q] (T023EV54RR7) noversion-1785444897.800 Flannel users/counts is RESOLVED @ https://a.slack-edge.com/bv1-13-br/gantry-v2-shared.3421452a627674f7.min.js?cacheKey=gantry-1785440254:0
[   63649ms] [INFO] Jul-30 22:54:57.852 [API-Q] (T023EV54RR7) noversion-1785444897.799 Flannel users/counts is RESOLVED @ https://a.slack-edge.com/bv1-13-br/gantry-v2-shared.3421452a627674f7.min.js?cacheKey=gantry-1785440254:0
[   68387ms] [INFO] Jul-30 22:55:02.590 [API-Q] (T023EV54RR7) c891cfd1-1785444902.589 saved.list called with reason: saved-api/savedList @ https://a.slack-edge.com/bv1-13-br/gantry-v2-shared.3421452a627674f7.min.js?cacheKey=gantry-1785440254:0
[   68388ms] [INFO] Jul-30 22:55:02.590 [API-Q] (T023EV54RR7) c891cfd1-1785444902.589 saved.list is ENQUEUED @ https://a.slack-edge.com/bv1-13-br/gantry-v2-shared.3421452a627674f7.min.js?cacheKey=gantry-1785440254:0
[   68388ms] [INFO] Jul-30 22:55:02.591 [API-Q] (T023EV54RR7) c891cfd1-1785444902.589 saved.list is ACTIVE @ https://a.slack-edge.com/bv1-13-br/gantry-v2-shared.3421452a627674f7.min.js?cacheKey=gantry-1785440254:0
[   68389ms] [INFO] Jul-30 22:55:02.591 [UFM-PERMISSIONS] (T023EV54RR7) requesting DELETE_OWN_MESSAGE (1) @ https://a.slack-edge.com/bv1-13-br/gantry-v2-shared.3421452a627674f7.min.js?cacheKey=gantry-1785440254:0
[   68389ms] [INFO] Jul-30 22:55:02.592 [API-Q] (T023EV54RR7) noversion-1785444902.591 Flannel permissions/info called with reason: flannel-call:permissions/info @ https://a.slack-edge.com/bv1-13-br/gantry-v2-shared.3421452a627674f7.min.js?cacheKey=gantry-1785440254:0
[   68390ms] [INFO] Jul-30 22:55:02.592 [API-Q] (T023EV54RR7) noversion-1785444902.591 Flannel permissions/info is ENQUEUED @ https://a.slack-edge.com/bv1-13-br/gantry-v2-shared.3421452a627674f7.min.js?cacheKey=gantry-1785440254:0
[   68390ms] [INFO] Jul-30 22:55:02.593 [API-Q] (T023EV54RR7) noversion-1785444902.591 Flannel permissions/info is ACTIVE @ https://a.slack-edge.com/bv1-13-br/gantry-v2-shared.3421452a627674f7.min.js?cacheKey=gantry-1785440254:0
[   68481ms] [INFO] Jul-30 22:55:02.683 [API-Q] (T023EV54RR7) noversion-1785444902.591 Flannel permissions/info is RESOLVED @ https://a.slack-edge.com/bv1-13-br/gantry-v2-shared.3421452a627674f7.min.js?cacheKey=gantry-1785440254:0
[   68481ms] [INFO] Jul-30 22:55:02.684 [UFM-PERMISSIONS] (T023EV54RR7) received DELETE_OWN_MESSAGE (1) @ https://a.slack-edge.com/bv1-13-br/gantry-v2-shared.3421452a627674f7.min.js?cacheKey=gantry-1785440254:0
[   68566ms] [INFO] Jul-30 22:55:02.769 [API-Q] (T023EV54RR7) c891cfd1-1785444902.589 saved.list is RESOLVED @ https://a.slack-edge.com/bv1-13-br/gantry-v2-shared.3421452a627674f7.min.js?cacheKey=gantry-1785440254:0
[   69296ms] [INFO] Jul-30 22:55:03.498 [DRAFTS] (T023EV54RR7) Storing draft changes locally - D0BMT4F1SL8 @ https://a.slack-edge.com/bv1-13-br/gantry-v2-shared.3421452a627674f7.min.js?cacheKey=gantry-1785440254:0
[   75698ms] [INFO] Jul-30 22:55:09.900 [API-Q] (T023EV54RR7) c891cfd1-1785444909.900 client.counts called with reason: pollClientCountsAfterTimeout @ https://a.slack-edge.com/bv1-13-br/gantry-v2-shared.3421452a627674f7.min.js?cacheKey=gantry-1785440254:0
[   75698ms] [INFO] Jul-30 22:55:09.901 [API-Q] (T023EV54RR7) c891cfd1-1785444909.900 client.counts is ENQUEUED @ https://a.slack-edge.com/bv1-13-br/gantry-v2-shared.3421452a627674f7.min.js?cacheKey=gantry-1785440254:0
[   75699ms] [INFO] Jul-30 22:55:09.901 [API-Q] (T023EV54RR7) c891cfd1-1785444909.900 client.counts is ACTIVE @ https://a.slack-edge.com/bv1-13-br/gantry-v2-shared.3421452a627674f7.min.js?cacheKey=gantry-1785440254:0
[   75859ms] [INFO] Jul-30 22:55:10.062 [API-Q] (T023EV54RR7) c891cfd1-1785444909.900 client.counts is RESOLVED @ https://a.slack-edge.com/bv1-13-br/gantry-v2-shared.3421452a627674f7.min.js?cacheKey=gantry-1785440254:0
[   75863ms] [INFO] Jul-30 22:55:10.066 [COUNTS] (T023EV54RR7) Applying counts to channels. wasLastConnectFast: false isConnected: true applying: 34 out of total: 34 @ https://a.slack-edge.com/bv1-13-br/gantry-v2-shared.3421452a627674f7.min.js?cacheKey=gantry-1785440254:0
[   75868ms] [INFO] Jul-30 22:55:10.071 [COUNTS] (T023EV54RR7) Threads has_unreads:false mention_count:0 @ https://a.slack-edge.com/bv1-13-br/gantry-v2-shared.3421452a627674f7.min.js?cacheKey=gantry-1785440254:0
[   75870ms] [INFO] Jul-30 22:55:10.073 [COUNTS] (T023EV54RR7) Completed counts processing @ https://a.slack-edge.com/bv1-13-br/gantry-v2-shared.3421452a627674f7.min.js?cacheKey=gantry-1785440254:0
[   75889ms] [INFO] Jul-30 22:55:10.092 [ALLTHREADSROWELEMENT] (T023EV54RR7) From channel badges count, has unreads: false with badge count: 0 @ https://a.slack-edge.com/bv1-13-br/gantry-v2-shared.3421452a627674f7.min.js?cacheKey=gantry-1785440254:0
[   79297ms] [INFO] Jul-30 22:55:13.499 [DRAFTS] Firing debounced draft sync - D0BMT4F1SL8 @ https://a.slack-edge.com/bv1-13-br/gantry-v2-shared.3421452a627674f7.min.js?cacheKey=gantry-1785440254:0
[   79297ms] [INFO] Jul-30 22:55:13.499 [DRAFTS] (T023EV54RR7) Syncing a new draft - D0BMT4F1SL8 @ https://a.slack-edge.com/bv1-13-br/gantry-v2-shared.3421452a627674f7.min.js?cacheKey=gantry-1785440254:0
[   79300ms] [INFO] Jul-30 22:55:13.502 [API-Q] (T023EV54RR7) c891cfd1-1785444913.502 drafts.create called with reason: MessageInput:updateDraft @ https://a.slack-edge.com/bv1-13-br/gantry-v2-shared.3421452a627674f7.min.js?cacheKey=gantry-1785440254:0
[   79300ms] [INFO] Jul-30 22:55:13.502 [API-Q] (T023EV54RR7) c891cfd1-1785444913.502 drafts.create is ENQUEUED @ https://a.slack-edge.com/bv1-13-br/gantry-v2-shared.3421452a627674f7.min.js?cacheKey=gantry-1785440254:0
[   79300ms] [INFO] Jul-30 22:55:13.503 [API-Q] (T023EV54RR7) c891cfd1-1785444913.502 drafts.create is ACTIVE @ https://a.slack-edge.com/bv1-13-br/gantry-v2-shared.3421452a627674f7.min.js?cacheKey=gantry-1785440254:0
[   79457ms] [INFO] Jul-30 22:55:13.659 [DRAFTS] (T023EV54RR7) RTM: draft_create - Dr0BLXB4CCER @ https://a.slack-edge.com/bv1-13-br/gantry-v2-shared.3421452a627674f7.min.js?cacheKey=gantry-1785440254:0
[   79457ms] [INFO] Jul-30 22:55:13.659 [DRAFTS] (T023EV54RR7) Ignoring a 'draft_create' event triggered by a local change: D0BMT4F1SL8 @ https://a.slack-edge.com/bv1-13-br/gantry-v2-shared.3421452a627674f7.min.js?cacheKey=gantry-1785440254:0
[   79462ms] [INFO] Jul-30 22:55:13.664 [API-Q] (T023EV54RR7) c891cfd1-1785444913.502 drafts.create is RESOLVED @ https://a.slack-edge.com/bv1-13-br/gantry-v2-shared.3421452a627674f7.min.js?cacheKey=gantry-1785440254:0
[   79462ms] [INFO] Jul-30 22:55:13.665 [DRAFTS] (T023EV54RR7) New draft synced - D0BMT4F1SL8 @ https://a.slack-edge.com/bv1-13-br/gantry-v2-shared.3421452a627674f7.min.js?cacheKey=gantry-1785440254:0
[   90657ms] [INFO] Jul-30 22:55:24.859 [DRAFTS] (T023EV54RR7) RTM: draft_update - Dr0BLXB4CCER @ https://a.slack-edge.com/bv1-13-br/gantry-v2-shared.3421452a627674f7.min.js?cacheKey=gantry-1785440254:0
[   90658ms] [INFO] Jul-30 22:55:24.860 [DRAFTS] (T023EV54RR7) The blocks do not contain any mentions @ https://a.slack-edge.com/bv1-13-br/gantry-v2-shared.3421452a627674f7.min.js?cacheKey=gantry-1785440254:0
[   90659ms] [INFO] Jul-30 22:55:24.861 [DRAFTS] (T023EV54RR7) Reconciled updated draft - D0BMT4F1SL8 @ https://a.slack-edge.com/bv1-13-br/gantry-v2-shared.3421452a627674f7.min.js?cacheKey=gantry-1785440254:0
[  123139ms] [INFO] Jul-30 22:55:57.341 [DRAFTS] (T023EV54RR7) Clearing a local draft - D0BMT4F1SL8 @ https://a.slack-edge.com/bv1-13-br/gantry-v2-shared.3421452a627674f7.min.js?cacheKey=gantry-1785440254:0
[  123141ms] [INFO] Jul-30 22:55:57.343 [DRAFTS] (T023EV54RR7) Deleting a synced draft - client id: D0BMT4F1SL8 || server id: Dr0BLXB4CCER @ https://a.slack-edge.com/bv1-13-br/gantry-v2-shared.3421452a627674f7.min.js?cacheKey=gantry-1785440254:0
[  123142ms] [INFO] Jul-30 22:55:57.344 [API-Q] (T023EV54RR7) c891cfd1-1785444957.344 drafts.delete called with reason: MessageInput:updateDraft @ https://a.slack-edge.com/bv1-13-br/gantry-v2-shared.3421452a627674f7.min.js?cacheKey=gantry-1785440254:0
[  123142ms] [INFO] Jul-30 22:55:57.344 [API-Q] (T023EV54RR7) c891cfd1-1785444957.344 drafts.delete is ENQUEUED @ https://a.slack-edge.com/bv1-13-br/gantry-v2-shared.3421452a627674f7.min.js?cacheKey=gantry-1785440254:0
[  123147ms] [INFO] Jul-30 22:55:57.350 [API-Q] (T023EV54RR7) c891cfd1-1785444957.344 drafts.delete is ACTIVE @ https://a.slack-edge.com/bv1-13-br/gantry-v2-shared.3421452a627674f7.min.js?cacheKey=gantry-1785440254:0
[  123306ms] [INFO] Jul-30 22:55:57.509 [DRAFTS] (T023EV54RR7) RTM: draft_delete/draft_send - Dr0BLXB4CCER - 471b62b8-3551-4654-bf2e-d24406e66804 @ https://a.slack-edge.com/bv1-13-br/gantry-v2-shared.3421452a627674f7.min.js?cacheKey=gantry-1785440254:0
[  123316ms] [INFO] Jul-30 22:55:57.518 [API-Q] (T023EV54RR7) c891cfd1-1785444957.344 drafts.delete is RESOLVED @ https://a.slack-edge.com/bv1-13-br/gantry-v2-shared.3421452a627674f7.min.js?cacheKey=gantry-1785440254:0
[  123316ms] [INFO] Jul-30 22:55:57.519 [DRAFTS] (T023EV54RR7) Synced draft deleted - client id: D0BMT4F1SL8 || server id: Dr0BLXB4CCER @ https://a.slack-edge.com/bv1-13-br/gantry-v2-shared.3421452a627674f7.min.js?cacheKey=gantry-1785440254:0
[  124384ms] [INFO] Jul-30 22:55:58.586 [CHECK-FOR-OLD-CHANNEL] (T023EV54RR7) Start cleaning up DMs/MPDMs — starting with 19 entries. @ https://a.slack-edge.com/bv1-13-br/gantry-v2-shared.3421452a627674f7.min.js?cacheKey=gantry-1785440254:0
[  124384ms] [INFO] Jul-30 22:55:58.586 [CHECK-FOR-OLD-CHANNEL] (T023EV54RR7) Eligible DMs/MPDMs for cleanup — [external DMs]:0, [internal DMs]: 7, [app DMs]: 8 @ https://a.slack-edge.com/bv1-13-br/gantry-v2-shared.3421452a627674f7.min.js?cacheKey=gantry-1785440254:0
[  124384ms] [INFO] Jul-30 22:55:58.587 [CHECK-FOR-OLD-CHANNEL] (T023EV54RR7) Identified 0 DMs/MPDMs of externalDMs type for closure @ https://a.slack-edge.com/bv1-13-br/gantry-v2-shared.3421452a627674f7.min.js?cacheKey=gantry-1785440254:0
[  124385ms] [INFO] Jul-30 22:55:58.587 [CHECK-FOR-OLD-CHANNEL] (T023EV54RR7) Not eligible D07CWLB1BQF: Not idle @ https://a.slack-edge.com/bv1-13-br/gantry-v2-shared.3421452a627674f7.min.js?cacheKey=gantry-1785440254:0
[  124385ms] [INFO] Jul-30 22:55:58.587 [CHECK-FOR-OLD-CHANNEL] (T023EV54RR7) Not eligible D07DPSW0KC1: Slackbot @ https://a.slack-edge.com/bv1-13-br/gantry-v2-shared.3421452a627674f7.min.js?cacheKey=gantry-1785440254:0
[  124385ms] [INFO] Jul-30 22:55:58.588 [CHECK-FOR-OLD-CHANNEL] (T023EV54RR7) Not eligible D07E015C0MN: Self DM @ https://a.slack-edge.com/bv1-13-br/gantry-v2-shared.3421452a627674f7.min.js?cacheKey=gantry-1785440254:0
[  124385ms] [INFO] Jul-30 22:55:58.588 [CHECK-FOR-OLD-CHANNEL] (T023EV54RR7) Identified 0 DMs/MPDMs of internalDMs type for closure @ https://a.slack-edge.com/bv1-13-br/gantry-v2-shared.3421452a627674f7.min.js?cacheKey=gantry-1785440254:0
[  124386ms] [INFO] Jul-30 22:55:58.588 [CHECK-FOR-OLD-CHANNEL] (T023EV54RR7) Not eligible D0B5PJ7QBLL: Not idle @ https://a.slack-edge.com/bv1-13-br/gantry-v2-shared.3421452a627674f7.min.js?cacheKey=gantry-1785440254:0
[  124386ms] [INFO] Jul-30 22:55:58.588 [CHECK-FOR-OLD-CHANNEL] (T023EV54RR7) Not eligible D0BMT4F1SL8: Not idle @ https://a.slack-edge.com/bv1-13-br/gantry-v2-shared.3421452a627674f7.min.js?cacheKey=gantry-1785440254:0
[  124386ms] [INFO] Jul-30 22:55:58.589 [CHECK-FOR-OLD-CHANNEL] (T023EV54RR7) Identified 0 DMs/MPDMs of appDMs type for closure @ https://a.slack-edge.com/bv1-13-br/gantry-v2-shared.3421452a627674f7.min.js?cacheKey=gantry-1785440254:0
[  124388ms] [INFO] Jul-30 22:55:58.590 [API-Q] (T023EV54RR7) noversion-1785444958.590 Flannel users/info called with reason: flannel-call:users/info @ https://a.slack-edge.com/bv1-13-br/gantry-v2-shared.3421452a627674f7.min.js?cacheKey=gantry-1785440254:0
[  124388ms] [INFO] Jul-30 22:55:58.591 [API-Q] (T023EV54RR7) noversion-1785444958.590 Flannel users/info is ENQUEUED @ https://a.slack-edge.com/bv1-13-br/gantry-v2-shared.3421452a627674f7.min.js?cacheKey=gantry-1785440254:0
[  124389ms] [INFO] Jul-30 22:55:58.591 [API-Q] (T023EV54RR7) noversion-1785444958.590 Flannel users/info is ACTIVE @ https://a.slack-edge.com/bv1-13-br/gantry-v2-shared.3421452a627674f7.min.js?cacheKey=gantry-1785440254:0
[  124465ms] [INFO] Jul-30 22:55:58.667 [API-Q] (T023EV54RR7) noversion-1785444958.590 Flannel users/info is RESOLVED @ https://a.slack-edge.com/bv1-13-br/gantry-v2-shared.3421452a627674f7.min.js?cacheKey=gantry-1785440254:0
